IP 地址,已发送,已接收,丢包率,平均延迟,下载速度(MB/s),地区码
2803:f800:51:5961:bc6:e66d:2dae:d735,4,4,0.00,148.75,0.00,SIN
2803:f800:51:5961:bc6:e6fe:151:1a0a,4,4,0.00,157.64,0.00,SIN
2803:f800:51:5961:bc6:3564:d7d8:3670,4,4,0.00,159.16,0.00,SIN
2803:f800:51:5961:df6d:ba86:d15e:8c80,4,4,0.00,179.02,0.00,SIN
2a06:98c1:3106:c2c8:c49:8002:5df4:358f,4,4,0.00,194.91,0.00,SIN
2a06:98c1:3106:c2c8:c49:9fbe:175b:ecb2,4,4,0.00,197.61,0.00,SIN
2a06:98c1:3100:245c:8b70:76c7:89c1:b7,4,4,0.00,199.93,0.00,SIN
2a06:98c1:51:0:3e:9478:23c8:db49,4,4,0.00,201.92,0.00,SIN
2803:f800:51:a8:6d22:e53d:55b7:3772,4,4,0.00,204.32,0.00,SIN
2a06:98c1:3106:c28d:8cfc:82fd:6d61:26df,4,4,0.00,207.10,0.00,SIN
2a06:98c1:51:0:e8:de1b:1c91:123c,4,4,0.00,209.17,0.00,SIN
2a06:98c1:51:0:d59c:5bda:8211:828,4,4,0.00,209.32,0.00,SIN
2803:f800:51:a8:6d22:6be8:c96c:67ae,4,4,0.00,209.76,0.00,SIN
2a06:98c1:51:0:3e:abe0:7730:378,4,4,0.00,210.50,0.00,SIN
2a06:98c1:51:0:d59c:8ead:727a:3d50,4,4,0.00,211.00,0.00,SIN
2803:f800:51:a8:6d22:a758:b506:d57a,4,4,0.00,211.00,0.00,SIN
2a06:98c1:3106:c2c8:cde:6d96:792a:3478,4,4,0.00,212.03,0.00,SIN
2803:f800:51:a8:6d22:e53d:97b2:6970,4,4,0.00,214.97,0.00,SIN
2803:f800:51:5961:df6d:ef98:9925:fead,4,4,0.00,216.15,0.00,SIN
2a06:98c1:51:0:e8:de1b:e3bf:c7d8,4,4,0.00,216.57,0.00,SIN
2a06:98c1:51:0:e8:deac:12db:ced4,4,4,0.00,217.38,0.00,SIN
2803:f800:51:bd:770c:8cf4:ae0e:f19e,4,4,0.00,222.16,0.00,SIN
2803:f800:51:a8:6d10:9669:5947:67c0,4,4,0.00,223.75,0.00,SIN
2a06:98c1:3106:c2c8:cde:b44e:1d80:18b4,4,4,0.00,226.74,0.00,SIN
2a06:98c1:3103:cfb8:7a9a:6b55:b8fc:9549,4,4,0.00,227.37,0.00,SIN
2a06:98c1:3100:b521:fa38:1427:c325:1cb7,4,4,0.00,228.67,0.00,SIN
2a06:98c1:310c:90c1:80ad:e83f:7276:60a1,4,4,0.00,228.72,0.00,SIN
2a06:98c1:3109:30:4724:6c63:341b:cd55,4,4,0.00,229.38,0.00,SIN
2a06:98c1:3103:cfb8:7a9a:e48b:9906:5095,4,4,0.00,229.84,0.00,SIN
2a06:98c1:3107:e29a:ecce:7338:134b:7b9,4,4,0.00,230.07,0.00,SIN
2a06:98c1:3107:e291:390:6565:e3cd:440e,4,4,0.00,230.89,0.00,SIN
2a06:98c1:310a:0:c4fc:c6c0:4937:a036,4,4,0.00,231.60,0.00,SIN
2a06:98c1:3103:cfb8:7ab2:8c68:be0:8c7e,4,4,0.00,231.60,0.00,SIN
2803:f800:51:a8:6d9b:d4e4:f603:9b63,4,4,0.00,231.61,0.00,SIN
2a06:98c1:310c:90c1:80ad:e8a9:154:b69e,4,4,0.00,232.05,0.00,SIN
2a06:98c1:3107:0:9b:5f77:48da:8e0d,4,4,0.00,232.24,0.00,SIN
2a06:98c1:3109:30:4724:419d:b938:18df,4,4,0.00,234.31,0.00,SIN
2a06:98c1:3103:cfb8:7a9a:e48b:edc3:89a2,4,4,0.00,234.37,0.00,SIN
2a06:98c1:3107:0:3d:658d:e565:888b,4,4,0.00,234.58,0.00,SIN
2a06:98c1:310a:0:c4fc:c6c0:ffc9:d608,4,4,0.00,234.97,0.00,SIN
2803:f800:51:bd:7763:3bdd:5458:ea51,4,4,0.00,235.98,0.00,SIN
2a06:98c1:3107:e29a:ecce:7338:8379:6c03,4,4,0.00,237.11,0.00,SIN
2a06:98c1:310c:90c1:80f4:fd65:2c9d:9601,4,4,0.00,237.90,0.00,SIN
2a06:98c1:3107:e291:390:85bb:cd8a:e8ef,4,4,0.00,238.15,0.00,SIN
2a06:98c1:3109:0:d3e2:1bdb:f9ac:b9c0,4,4,0.00,238.75,0.00,SIN
2803:f800:51:5961:bc:6063:1a09:e2de,4,4,0.00,239.15,0.00,SIN
2a06:98c1:3106:0:ea:5aa0:e325:2668,4,4,0.00,241.44,0.00,SIN
2a06:98c1:3100:0:5418:7ae4:f47a:b95d,4,4,0.00,241.47,0.00,SIN
2a06:98c1:3106:0:ea:5aa0:4892:64ee,4,4,0.00,241.55,0.00,SIN
2803:f800:51:361b:3aab:68d4:d656:cbb1,4,4,0.00,241.78,0.00,SIN
2803:f800:51:367e:4d23:55e4:363d:1d8b,4,4,0.00,243.48,0.00,SIN
2400:cb00:2049:d7:b3f1:3b73:78fb:5e43,4,4,0.00,243.49,0.00,SIN
2a06:98c1:310a:1f5e:ae7c:28f7:2723:5592,4,4,0.00,243.84,0.00,SIN
2a06:98c1:310c:90c1:80f4:d8bd:b97c:c078,4,4,0.00,244.43,0.00,SIN
2a06:98c1:3100:0:5418:100d:ed6:9588,4,4,0.00,244.44,0.00,SIN
2400:cb00:2049:0:73:82a2:ac4d:5b4f,4,4,0.00,246.03,0.00,SIN
2400:cb00:2049:0:88f9:e478:5c73:e142,4,4,0.00,246.85,0.00,SIN
2400:cb00:2049:d7:b3f1:e20a:817d:a190,4,4,0.00,247.35,0.00,SIN
2a06:98c1:51:0:25:69c0:ebd6:5e1a,4,4,0.00,247.92,0.00,SIN
2a06:98c1:3109:bf:9701:c337:63cf:66d2,4,4,0.00,248.16,0.00,SIN
2a06:98c1:3100:b521:fa38:5a5f:1386:f2cb,4,4,0.00,248.42,0.00,SIN
2400:cb00:2049:0:8826:a762:eb04:7012,4,4,0.00,248.58,0.00,SIN
2a06:98c1:310e::44:b3c7:d192,4,4,0.00,248.74,0.00,SIN
2400:cb00:2049:d7:7de:da79:57ca:3749,4,4,0.00,249.14,0.00,SIN
2a06:98c1:3107:e29a:ecce:24f9:dc30:7f71,4,4,0.00,249.27,0.00,SIN
2a06:98c1:3105:922e:594f:f148:31cb:9d71,4,4,0.00,249.57,0.00,SIN
2a06:98c1:3100:0:66:e0b6:1cce:d941,4,4,0.00,249.80,0.00,SIN
2a06:98c1:3109:bf:9701:c337:9d3b:8c42,4,4,0.00,249.92,0.00,SIN
2a06:98c1:3102:0:d7e7:d1a0:3014:42bf,4,4,0.00,250.02,0.00,SIN
2a06:98c1:3103:fc:94c9:c0e9:af59:b6b3,4,4,0.00,250.02,0.00,SIN
2a06:98c1:310a:1f5e:ae7c:68fd:c668:ba9,4,4,0.00,250.03,0.00,SIN
2400:cb00:2049:0:88f9:e4c6:41ea:4762,4,4,0.00,250.39,0.00,SIN
2400:cb00:2049:0:73:dacd:f93a:c442,4,4,0.00,250.79,0.00,SIN
2a06:98c1:3109:0:9be8:a3eb:b215:9ef1,4,4,0.00,250.87,0.00,SIN
2a06:98c1:3103:fc:94c9:c0b9:c294:a34c,4,4,0.00,251.33,0.00,SIN
2400:cb00:2049:0:88f9:e4c6:413a:906f,4,4,0.00,251.44,0.00,SIN
2a06:98c1:310a:0:d3b0:580b:dad3:cb76,4,4,0.00,251.60,0.00,SIN
2a06:98c1:3103:fc:94c9:c0b9:3c1f:e1df,4,4,0.00,252.67,0.00,SIN
2a06:98c1:310e:0:cb:9b03:933c:5615,4,4,0.00,253.03,0.00,SIN
2400:cb00:2049:0:88f9:74f:977f:a836,4,4,0.00,253.34,0.00,SIN
2a06:98c1:3109:0:9be8:a3eb:39e2:cf99,4,4,0.00,253.40,0.00,SIN
2a06:98c1:3107:0:70ad:e87b:760d:5326,4,4,0.00,254.13,0.00,SIN
2400:cb00:2049:d7:b392:47ee:8bd4:b212,4,4,0.00,254.22,0.00,SIN
2400:cb00:2049:d7:b392:47ee:94e3:4a0a,4,4,0.00,254.35,0.00,SIN
2a06:98c1:3106:0:16af:2817:42e:6ef6,4,4,0.00,254.39,0.00,SIN
2a06:98c1:3109:30:4724:e75d:1e17:3d00,4,4,0.00,254.42,0.00,SIN
2a06:98c1:51:7c:f163:482e:9d59:b6d0,4,4,0.00,254.88,0.00,SIN
2803:f800:51:bd:7763:f178:ad63:c1e6,4,4,0.00,255.44,0.00,SIN
2a06:98c1:51:7c:7b34:fb35:43ed:fc2b,4,4,0.00,256.21,0.00,SIN
2a06:98c1:3109:bf:9701:c337:9d2f:c5ab,4,4,0.00,256.29,0.00,SIN
2a06:98c1:3102:0:d7e7:d1a0:4eee:a86a,4,4,0.00,256.30,0.00,SIN
2400:cb00:2049:d7:b3f1:e26e:e9e5:e226,4,4,0.00,256.78,0.00,SIN
2a06:98c1:3103:cfb8:7a89:fd00:d63a:b3ee,4,4,0.00,257.51,0.00,SIN
2a06:98c1:3102:69:1ca3:6e59:7288:9024,4,4,0.00,257.87,0.00,SIN
2a06:98c1:3109:bf:9723:38d6:1208:e5d3,4,4,0.00,258.48,0.00,SIN
2a06:98c1:310e:0:cb:9b99:1f25:716f,4,4,0.00,258.72,0.00,SIN
2a06:98c1:3100:0:5418:6a0a:1a65:e30d,4,4,0.00,259.08,0.00,SIN
2a06:98c1:310a:0:d3e4:2328:a6a5:9309,4,4,0.00,259.26,0.00,SIN
2803:f800:50:0:9f94:cad4:1b9e:e945,4,4,0.00,260.37,0.00,SIN
2a06:98c1:3108:0:fceb:439a:bb54:9ed9,4,4,0.00,260.66,0.00,SIN
2a06:98c1:3106:0:ea:dc94:813a:c2be,4,4,0.00,261.00,0.00,SIN
2a06:98c1:51:7c:7b80:bc2b:1c43:c0b2,4,4,0.00,261.68,0.00,SIN
2a06:98c1:3107:0:70ad:95d0:2737:891a,4,4,0.00,262.19,0.00,SIN
2a06:98c1:3100:245c:b86:e9c:5398:6b71,4,4,0.00,262.62,0.00,SIN
2a06:98c1:3108:0:fceb:43fc:be74:c985,4,4,0.00,263.38,0.00,SIN
2a06:98c1:3106:c2c8:50a8:28fb:1387:80b5,4,4,0.00,263.47,0.00,SIN
2a06:98c1:3105:b3:85df:f7ec:afdc:37e1,4,4,0.00,263.52,0.00,SIN
2a06:98c1:3102:a11b:f817:53f5:632a:46e3,4,4,0.00,263.52,0.00,SIN
2803:f800:51:367e:a11c:8f9b:6831:d539,4,4,0.00,264.07,0.00,SIN
2a06:98c1:310e:7cd0:f0b3:c168:3b3f:cf33,4,4,0.00,264.22,0.00,SIN
2803:f800:51:367e:5328:6df7:c78f:d4ac,4,4,0.00,264.34,0.00,SIN
2803:f800:50:0:f426:2b3:53fa:7c36,4,4,0.00,264.62,0.00,SIN
2803:f800:50:0:9f5c:ae2c:e19e:3413,4,4,0.00,265.21,0.00,SIN
2a06:98c1:3108:8d:db28:4f12:ec21:6f50,4,4,0.00,265.44,0.00,SIN
2803:f800:51:367e:5328:8e8e:18b9:46c5,4,4,0.00,265.83,0.00,SIN
2a06:98c1:3105:6:4985:734f:182a:f4d2,4,4,0.00,266.12,0.00,SIN
2803:f800:51:367e:4d23:9cb4:c92e:3255,4,4,0.00,266.71,0.00,SIN
2a06:98c1:310a:0:d3e4:235f:c2e4:2b20,4,4,0.00,267.15,0.00,SIN
2803:f800:51:367e:5328:6df7:c74e:2dbc,4,4,0.00,267.83,0.00,SIN
2803:f800:51:367e:5328:8e8e:c4:47d7,4,4,0.00,268.04,0.00,SIN
2803:f800:51:367e:a11c:8f9b:ce00:10dc,4,4,0.00,268.42,0.00,SIN
2a06:98c1:3108:b085:ce48:810a:1ca1:db2,4,4,0.00,268.43,0.00,SIN
2a06:98c1:3100:b521:fa38:5a5f:aecf:7c09,4,4,0.00,268.48,0.00,SIN
2803:f800:50:0:9f5c:ae2c:e13e:9761,4,4,0.00,268.72,0.00,SIN
2803:f800:51:367e:5328:3ab7:8ad5:2314,4,4,0.00,268.74,0.00,SIN
2803:f800:50:0:9f5c:ae2c:53c3:f9dc,4,4,0.00,268.99,0.00,SIN
2a06:98c1:3107:0:70ad:e889:3c24:4bf1,4,4,0.00,269.13,0.00,SIN
2a06:98c1:3109:bf:9701:876f:51b9:a386,4,4,0.00,269.43,0.00,SIN
2a06:98c1:310c:9063:b271:55bf:e23c:39ed,4,4,0.00,269.46,0.00,SIN
2803:f800:50:85:2221:dd00:8d7:55b1,4,4,0.00,269.53,0.00,SIN
2a06:98c1:3109:bf:9723:38d1:166e:8517,4,4,0.00,269.63,0.00,SIN
2a06:98c1:3102:e6:c2fc:9b19:2d4:87d3,4,4,0.00,269.70,0.00,SIN
2a06:98c1:3100:0:5418:9e57:47c9:52ad,4,4,0.00,270.19,0.00,SIN
2a06:98c1:3103:cfb8:ea61:9cf3:a82e:a14d,4,4,0.00,270.35,0.00,SIN
2a06:98c1:3106:c2c8:cde:6d96:8fa6:f2b8,4,4,0.00,270.43,0.00,SIN
2803:f800:51:367e:a11c:8f9f:93cb:6186,4,4,0.00,270.72,0.00,SIN
2a06:98c1:3108:8d:db28:4f12:2dce:5c6f,4,4,0.00,270.78,0.00,SIN
2a06:98c1:3106:c2c3:785c:fcd0:79:883,4,4,0.00,271.00,0.00,SIN
2a06:98c1:3109:bf:9701:ba66:2945:5268,4,4,0.00,271.00,0.00,SIN
2a06:98c1:3100:0:547d:5ad9:35aa:79b1,4,4,0.00,271.14,0.00,SIN
2a06:98c1:3102:0:3501:281:7833:f156,4,4,0.00,271.42,0.00,SIN
2803:f800:50:0:80:92ae:a163:b693,4,4,0.00,272.86,0.00,SIN
2a06:98c1:51:d161:f658:2bbd:f4f8:d5a9,4,4,0.00,273.50,0.00,SIN
2a06:98c1:310e:7cd0:f0b3:c11b:2b8:75ab,4,4,0.00,273.62,0.00,SIN
2803:f800:50:0:f426:fa19:6bba:63ee,4,4,0.00,274.01,0.00,SIN
2803:f800:50:85:2221:dd00:8f4:9a2c,4,4,0.00,274.14,0.00,SIN
2803:f800:51:367e:533a:a674:7480:a5ee,4,4,0.00,274.24,0.00,SIN
2803:f800:50:0:f426:fa19:6b8a:5d1e,4,4,0.00,275.23,0.00,SIN
2a06:98c1:3105:b3:85df:f703:3a0d:6456,4,4,0.00,275.39,0.00,SIN
2a06:98c1:3103:cfb8:7a89:59e1:7db7:85d1,4,4,0.00,275.68,0.00,SIN
2803:f800:50:0:80:9222:27ab:7fa3,4,4,0.00,275.99,0.00,SIN
2803:f800:51:59ed:389a:4753:2bab:e844,4,4,0.00,276.23,0.00,SIN
2a06:98c1:3102:e6:c2fc:4482:74df:2738,4,4,0.00,276.88,0.00,SIN
2a06:98c1:3107:e291:390:85bb:39db:34a1,4,4,0.00,276.92,0.00,SIN
2a06:98c1:3102:a11b:30ae:b7c9:a88e:789e,4,4,0.00,277.32,0.00,SIN
2a06:98c1:3102:a11b:dd25:d280:23f1:ee99,4,4,0.00,277.41,0.00,SIN
2a06:98c1:3105:6:49ba:3242:8343:809b,4,4,0.00,277.48,0.00,SIN
2a06:98c1:3102:e6:c2fc:4482:d56:48cd,4,4,0.00,277.67,0.00,SIN
2a06:98c1:310e:d4b0:c27f:f166:63ee:2511,4,4,0.00,277.73,0.00,SIN
2a06:98c1:3109:bf:9701:876f:512e:2121,4,4,0.00,277.96,0.00,SIN
2803:f800:51:367e:5328:3a40:36be:e153,4,4,0.00,278.43,0.00,SIN
2803:f800:51:361b:3aab:68dc:a4cf:976d,4,4,0.00,278.79,0.00,SIN
2a06:98c1:3101::ce:4f76,4,4,0.00,279.03,0.00,SIN
2a06:98c1:3107:0:8464:3b5b:2366:c2ea,4,4,0.00,279.06,0.00,SIN
2a06:98c1:3106:0:16af:8326:d450:6703,4,4,0.00,279.16,0.00,SIN
2803:f800:50::41db:4716:2859,4,4,0.00,279.53,0.00,SIN
2a06:98c1:3105:922e:597c:f54a:bf34:2015,4,4,0.00,279.94,0.00,SIN
2a06:98c1:310a:0:df:df88:4fa9:d9d2,4,4,0.00,280.00,0.00,SIN
2a06:98c1:3109:63:9942:f28b:8bab:c9b,4,4,0.00,281.16,0.00,SIN
2803:f800:51:5943:8229:61fd:9b3c:16d,4,4,0.00,281.63,0.00,SIN
2a06:98c1:3104:ac2b:a1aa:7882:1dd0:16b1,4,4,0.00,281.74,0.00,SIN
2a06:98c1:3105:6:49ba:3260:6f9c:4060,4,4,0.00,282.34,0.00,SIN
2803:f800:50:85:5915:3301:94b1:3f71,4,4,0.00,282.44,0.00,SIN
2803:f800:50:0:9f5c:17a5:bdd1:8cc3,4,4,0.00,282.46,0.00,SIN
2803:f800:51:367e:5328:3a40:3601:6983,4,4,0.00,282.57,0.00,SIN
2a06:98c1:3100:0:66:5705:f862:e691,4,4,0.00,282.58,0.00,SIN
2a06:98c1:3105:6:4985:3356:32db:a8d3,4,4,0.00,282.82,0.00,SIN
2a06:98c1:3104:ac2b:23ec:21ef:59dd:74ab,4,4,0.00,282.98,0.00,SIN
2a06:98c1:3109:bf:9701:c3db:4338:6b16,4,4,0.00,283.39,0.00,SIN
2a06:98c1:3104:ac2b:23ec:214f:f71e:ba94,4,4,0.00,283.39,0.00,SIN
2a06:98c1:3106:c2c8:cde:b44e:1db0:f7f9,4,4,0.00,283.88,0.00,SIN
2803:f800:51:367e:a1e2:929:f1cd:7fdb,4,4,0.00,284.19,0.00,SIN
2a06:98c1:51:7c:7b80:bc2b:44a0:7201,4,4,0.00,284.22,0.00,SIN
2a06:98c1:3100:0:66:5705:2de9:ed2,4,4,0.00,284.73,0.00,SIN
2a06:98c1:310f:0:2a:8a41:44c2:cd20,4,4,0.00,284.74,0.00,SIN
2a06:98c1:310f::92:31ab:5acd,4,4,0.00,284.90,0.00,SIN
2a06:98c1:3101:b8:60e2:dd9d:afe9:123e,4,4,0.00,284.96,0.00,SIN
2a06:98c1:310f:0:ab:7397:eae7:26fb,4,4,0.00,285.26,0.00,SIN
2a06:98c1:3106:c2c3:785c:94c2:a567:c4fd,4,4,0.00,285.30,0.00,SIN
2a06:98c1:3100:0:66:e043:8b1b:b569,4,4,0.00,285.70,0.00,SIN
2a06:98c1:3107:0:8464:3b5b:2383:a498,4,4,0.00,285.72,0.00,SIN
2a06:98c1:3106:c2c8:cde:b437:1afc:4f02,4,4,0.00,285.91,0.00,SIN
2803:f800:51:59ed:389a:dab4:c38f:5587,4,4,0.00,286.17,0.00,SIN
2a06:98c1:3104:ac2b:a1ab:442:2ec6:313b,4,4,0.00,286.34,0.00,SIN
2a06:98c1:3100:0:66:72e6:7bd2:ce8d,4,4,0.00,286.75,0.00,SIN
2a06:98c1:310f:0:2a:7be9:403d:713d,4,4,0.00,287.18,0.00,SIN
2a06:98c1:51:7c:a3f3:4b45:7edc:ca53,4,4,0.00,287.25,0.00,SIN
2a06:98c1:3100:0:66:5705:2dee:8321,4,4,0.00,287.41,0.00,SIN
2a06:98c1:3100:b521:fa38:5a5f:e350:3244,4,4,0.00,287.52,0.00,SIN
2a06:98c1:3107::410e:9f27:4c57,4,4,0.00,287.76,0.00,SIN
2a06:98c1:3105:922e:f855:d640:6545:30d3,4,4,0.00,288.31,0.00,SIN
2a06:98c1:310a:0:a2a0:b083:fea4:6e01,4,4,0.00,288.48,0.00,SIN
2a06:98c1:3102:a178:b402:f6e0:7064:549c,4,4,0.00,288.60,0.00,SIN
2a06:98c1:3100:0:66:72e6:7b74:f975,4,4,0.00,288.62,0.00,SIN
2803:f800:50:0:cf:7208:8f63:bf62,4,4,0.00,288.76,0.00,SIN
2803:f800:51:367e:533a:a6f7:4250:ddc3,4,4,0.00,289.62,0.00,SIN
2803:f800:51:367e:4d23:9ce3:d5a7:fd3a,4,4,0.00,289.68,0.00,SIN
2a06:98c1:51:7c:a3cf:cc79:9bb2:5a05,4,4,0.00,289.97,0.00,SIN
2a06:98c1:3106:c2c8:50a8:fe13:ab2a:271,4,4,0.00,290.02,0.00,SIN
2a06:98c1:3109:63:9942:65bb:4845:1293,4,4,0.00,290.09,0.00,SIN
2a06:98c1:3108:8d:dbfc:81dd:2921:7a5b,4,4,0.00,290.14,0.00,SIN
2a06:98c1:3102:69:1ca3:f13b:3d27:7fcf,4,4,0.00,290.42,0.00,SIN
2a06:98c1:3100:b521:fabe:97e1:5907:42d,4,4,0.00,290.74,0.00,SIN
2a06:98c1:3107::a1:b50:fdcb,4,4,0.00,290.87,0.00,SIN
2a06:98c1:3105:922e:f855:80f:583a:2e98,4,4,0.00,290.99,0.00,SIN
2803:f800:51:68:d0b2:ae6a:ad9d:1868,4,4,0.00,291.01,0.00,SIN
2a06:98c1:3101::fe6b:f121:f447,4,4,0.00,291.16,0.00,SIN
2803:f800:50:85:5915:3301:914:d9bf,4,4,0.00,291.38,0.00,SIN
2a06:98c1:3104:ac4b:e552:e985:3b9e:894,4,4,0.00,291.77,0.00,SIN
2a06:98c1:310c:9063:b271:55bf:e20f:7886,4,4,0.00,291.95,0.00,SIN
2a06:98c1:3103:cfb8:7a89:59e1:7b2d:4389,4,4,0.00,292.19,0.00,SIN
2a06:98c1:3100:245c:b6b:69d7:348d:a158,4,4,0.00,292.27,0.00,SIN
2a06:98c1:3100:b521:fabe:972c:3377:861b,4,4,0.00,292.72,0.00,SIN
2a06:98c1:310a:0:df:dfb7:93fd:ef08,4,4,0.00,293.44,0.00,SIN
2a06:98c1:3100:b521:fabe:3c13:2918:6d2f,4,4,0.00,293.61,0.00,SIN
2a06:98c1:3104:ac2b:a1ab:ffba:9bc6:ae59,4,4,0.00,293.63,0.00,SIN
2a06:98c1:310c:904c:4b9f:67f6:3e2:98b3,4,4,0.00,293.66,0.00,SIN
2a06:98c1:3108:8d:dbfc:4aaf:7363:6f9d,4,4,0.00,293.70,0.00,SIN
2803:f800:51:361b:3aab:68d4:39a8:26e0,4,4,0.00,293.93,0.00,SIN
2a06:98c1:51:7c:7b80:bc93:bbe7:a49c,4,4,0.00,293.93,0.00,SIN
2a06:98c1:310c:90c1:8051:512c:a76b:536,4,4,0.00,294.02,0.00,SIN
2a06:98c1:3105:92dd:444:ca4e:4c43:c719,4,4,0.00,294.06,0.00,SIN
2a06:98c1:3107:e291:8270:c389:fd7d:1b09,4,4,0.00,294.19,0.00,SIN
2a06:98c1:3104:ac4b:e552:e9b3:cffc:c4aa,4,4,0.00,294.36,0.00,SIN
2a06:98c1:3101:3c:c96b:b5b7:4ad4:ba9a,4,4,0.00,294.39,0.00,SIN
2a06:98c1:3107:e29a:ec56:1a8b:b5a6:fae1,4,4,0.00,294.49,0.00,SIN
2a06:98c1:3107:0:3d:6522:5668:8999,4,4,0.00,294.81,0.00,SIN
2a06:98c1:3107::e816:739f,4,4,0.00,294.86,0.00,SIN
2a06:98c1:310c:904c:df5a:a718:c26e:665f,4,4,0.00,295.26,0.00,SIN
2a06:98c1:310c:90c1:8051:5111:ec21:3988,4,4,0.00,295.27,0.00,SIN
2a06:98c1:3104::cc:72e4:67ad,4,4,0.00,295.41,0.00,SIN
2a06:98c1:310a:0:5e:37d5:e0ce:922a,4,4,0.00,295.56,0.00,SIN
2a06:98c1:3101:b8:dd71:2dd:c23d:90f8,4,4,0.00,295.58,0.00,SIN
2a06:98c1:3105:6:49ba:dfef:a62b:5c00,4,4,0.00,295.67,0.00,SIN
2a06:98c1:3102:a11b:bf80:ecfb:bdb5:e4a0,4,4,0.00,295.84,0.00,SIN
2a06:98c1:3101:3c:c96b:7983:93ee:645f,4,4,0.00,295.86,0.00,SIN
2803:f800:51:367e:5328:6df7:5c47:8e52,4,4,0.00,295.94,0.00,SIN
2a06:98c1:3101:3c:c9b1:7178:3e4a:8ee3,4,4,0.00,296.12,0.00,SIN
2a06:98c1:310c:90c1:8051:5182:8358:3671,4,4,0.00,296.22,0.00,SIN
2a06:98c1:50:0:b:734b:ce2:8bf1,4,4,0.00,296.33,0.00,SIN
2a06:98c1:3105:6:4981:3b62:6f80:6701,4,4,0.00,296.48,0.00,SIN
2a06:98c1:3106::9a07:9521:14c2,4,4,0.00,296.65,0.00,SIN
2a06:98c1:310c:90c1:8051:51f2:1904:54a6,4,4,0.00,296.72,0.00,SIN
2803:f800:51:367e:4d43:5da4:cbcb:900,4,4,0.00,296.91,0.00,SIN
2a06:98c1:310f::a678:62f1:fb04,4,4,0.00,296.95,0.00,SIN
2803:f800:51:361b:3aab:68d4:d66f:b6fb,4,4,0.00,297.22,0.00,SIN
2a06:98c1:3102:0:d727:d6a1:5349:1489,4,4,0.00,297.39,0.00,SIN
2a06:98c1:3102:e6:c2d5:6c24:ac20:114f,4,4,0.00,297.75,0.00,SIN
2a06:98c1:3107:6a76:59ff:b60:6764:33e2,4,4,0.00,297.85,0.00,SIN
2400:cb00:2049:fa3:8cb5:40e7:3261:c62e,4,4,0.00,298.54,0.00,SIN
2a06:98c1:310a:4e:5592:df0c:c32:3a52,4,4,0.00,299.14,0.00,SIN
2a06:98c1:3104:ac2b:a1ab:ffba:9bfb:57a3,4,4,0.00,299.20,0.00,SIN
2400:cb00:2049:0:73:82f3:e951:f841,4,4,0.00,299.37,0.00,SIN
2a06:98c1:3109:63:9942:437:bf17:dbe7,4,4,0.00,299.46,0.00,SIN
2803:f800:51:59ed:e0a2:565d:1a58:7f8c,4,4,0.00,299.58,0.00,SIN
2a06:98c1:3107:0:3d:6522:563a:6b14,4,4,0.00,299.59,0.00,SIN
2a06:98c1:3108:b01d:d20e:ee39:7d83:7ffe,4,4,0.00,299.77,0.00,SIN
2a06:98c1:3101:b8:dd71:e168:b50d:af52,4,4,0.00,299.89,0.00,SIN
2a06:98c1:3108:b085:ce7f:ff0d:121d:e900,4,4,0.00,299.90,0.00,SIN
2a06:98c1:310d:7acf:9ede:6c9e:8246:efd2,4,4,0.00,300.12,0.00,SIN
2a06:98c1:3103:cfb8:7a89:59c3:4189:eaa6,4,4,0.00,300.23,0.00,SIN
2a06:98c1:3109:30:ee54:c9d4:b775:8b9,4,4,0.00,300.24,0.00,SIN
2400:cb00:2049:fa3:8cb5:40e7:31bb:72eb,4,4,0.00,300.25,0.00,SIN
2a06:98c1:3100:0:66:e0b6:63a7:e0af,4,4,0.00,300.33,0.00,SIN
2400:cb00:2049:d7:7de:33c7:b7ab:bdeb,4,4,0.00,300.50,0.00,SIN
2a06:98c1:3104:ac2b:a1ab:ffba:9ba4:665f,4,4,0.00,300.54,0.00,SIN
2a06:98c1:3102:e6:c2f8:531d:8a54:a5b8,4,4,0.00,300.70,0.00,SIN
2a06:98c1:50:0:cb0e:4564:b88b:fa5c,4,4,0.00,300.94,0.00,SIN
2a06:98c1:310e:7c3f:48ee:39be:1c8c:7835,4,4,0.00,301.00,0.00,SIN
2a06:98c1:50:0:b:6f6f:6ff1:ae04,4,4,0.00,301.01,0.00,SIN
2400:cb00:2049:fa3:8ca8:6c73:6136:9171,4,4,0.00,301.14,0.00,SIN
2a06:98c1:3108:0:f7:2b61:b8d:7266,4,4,0.00,301.94,0.00,SIN
2a06:98c1:50:0:cb0e:b908:6030:919e,4,4,0.00,302.12,0.00,SIN
2400:cb00:2049:fa3:8cb5:40e7:3222:3023,4,4,0.00,302.42,0.00,SIN
2803:f800:51:367e:a11c:414c:591a:850d,4,4,0.00,302.78,0.00,SIN
2a06:98c1:3101:b8:dd73:9672:4e51:a67c,4,4,0.00,303.04,0.00,SIN
2a06:98c1:3101:b8:dd73:9604:366b:de7b,4,4,0.00,303.21,0.00,SIN
2a06:98c1:310c:904c:df72:8fb6:c25e:4afe,4,4,0.00,303.52,0.00,SIN
2400:cb00:2049:0:73:dacd:f9d3:b958,4,4,0.00,303.74,0.00,SIN
2400:cb00:2049:0:88f9:e4c6:6dbf:707d,4,4,0.00,303.95,0.00,SIN
2a06:98c1:3104:ac4b:65b0:dd20:ad71:2151,4,4,0.00,304.54,0.00,SIN
2a06:98c1:3101:3c:c9b1:7178:4743:7d51,4,4,0.00,304.66,0.00,SIN
2a06:98c1:3105:922e:597f:c6cd:abc3:50a7,4,4,0.00,304.68,0.00,SIN
2a06:98c1:3105:7bac:759d:cd6e:b818:77fa,4,4,0.00,305.00,0.00,SIN
2a06:98c1:3102:a11b:dd25:ec36:7a40:44dc,4,4,0.00,305.05,0.00,SIN
2a06:98c1:51::92eb:9ff8:4641,4,4,0.00,305.89,0.00,SIN
2a06:98c1:310c:904c:dfca:8a74:606f:6b44,4,4,0.00,306.02,0.00,SIN
2a06:98c1:50:0:cb0e:4564:b827:faec,4,4,0.00,306.05,0.00,SIN
2a06:98c1:3102:e6:22db:e59f:8e2a:5079,4,4,0.00,306.15,0.00,SIN
2400:cb00:2049:fa3:8cb5:40e7:848d:41a3,4,4,0.00,306.27,0.00,SIN
2a06:98c1:3105:7bac:759d:cd9f:20a1:2447,4,4,0.00,306.63,0.00,SIN
2a06:98c1:3108:0:f7:1cd4:de54:4dd3,4,4,0.00,306.65,0.00,SIN
2a06:98c1:3105:92dd:479:a30:f960:c6bb,4,4,0.00,306.89,0.00,SIN
2a06:98c1:3109:bf:973b:2776:c8d5:4e76,4,4,0.00,306.94,0.00,SIN
2400:cb00:2049::dc:5092:7848,4,4,0.00,306.98,0.00,SIN
2a06:98c1:3107:6a76:b2d6:13fa:fd26:7f23,4,4,0.00,307.19,0.00,SIN
2803:f800:51:0:ceac:f8b:d8e:c9c6,4,4,0.00,307.29,0.00,SIN
2a06:98c1:310a:7e:6dca:fc87:cce2:b105,4,4,0.00,307.30,0.00,SIN
2a06:98c1:3105:6:4981:ca6f:eb3d:9d03,4,4,0.00,307.31,0.00,SIN
2803:f800:51:361b:3aab:2678:2f7c:debc,4,4,0.00,307.63,0.00,SIN
2a06:98c1:3106:c2c8:cde:b44e:1d95:533c,4,4,0.00,307.81,0.00,SIN
2a06:98c1:3107:0:8464:e782:f459:2815,4,4,0.00,307.88,0.00,SIN
2a06:98c1:3100:0:5418:7ab2:a212:4481,4,4,0.00,308.14,0.00,SIN
2a06:98c1:310d:9eb:e789:6300:f7f1:3d45,4,4,0.00,308.22,0.00,SIN
2a06:98c1:50::3d:167c:e1b3,4,4,0.00,308.32,0.00,SIN
2a06:98c1:3100:0:66:e047:82b2:2676,4,4,0.00,308.49,0.00,SIN
2a06:98c1:50:3d:5a6f:3a6e:67da:1e24,4,4,0.00,308.61,0.00,SIN
2a06:98c1:310e:0:d61d:f4cb:8915:c9e0,4,4,0.00,308.74,0.00,SIN
2400:cb00:2049:d7:b3f1:e26e:e963:f2fe,4,4,0.00,308.89,0.00,SIN
2a06:98c1:3104:ac2b:2377:565d:c694:2f5c,4,4,0.00,308.94,0.00,SIN
2a06:98c1:3104:ac4b:65b0:dd3c:5823:1bd3,4,4,0.00,309.15,0.00,SIN
2400:cb00:2049:0:73:1ee1:61c:7ee0,4,4,0.00,309.21,0.00,SIN
2803:f800:51:59ed:e0a2:6614:2918:f93,4,4,0.00,309.62,0.00,SIN
2803:f800:50::8bde:1b14:bfe6,4,4,0.00,309.79,0.00,SIN
2a06:98c1:310b:8009:1121:c8cd:1c72:23ad,4,4,0.00,310.19,0.00,SIN
2400:cb00:2049:fa3:8ca8:6c73:61ab:6d71,4,4,0.00,310.29,0.00,SIN
2400:cb00:2049:d7:b3f1:39f:86a0:95d5,4,4,0.00,310.43,0.00,SIN
2a06:98c1:3108:0:fceb:ab44:de4d:bc94,4,4,0.00,310.46,0.00,SIN
2a06:98c1:3104:ac4b:65b0:dd4e:9808:f61d,4,4,0.00,310.51,0.00,SIN
2a06:98c1:51:7c:a3a3:50:8c01:b8bf,4,4,0.00,310.59,0.00,SIN
2400:cb00:2049:0:88f9:e478:20e1:55a8,4,4,0.00,310.59,0.00,SIN
2a06:98c1:3106:48:d74:80aa:edde:e625,4,4,0.00,311.51,0.00,SIN
2a06:98c1:310c:904c:dfca:c04f:336:a3d2,4,4,0.00,311.65,0.00,SIN
2a06:98c1:3105:b3:78f6:ebb5:25ea:74a8,4,4,0.00,311.66,0.00,SIN
2a06:98c1:3102:0:d727:d68d:c9d1:c7bf,4,4,0.00,311.70,0.00,SIN
2a06:98c1:3101:b8:dd73:a63e:2e2:16c5,4,4,0.00,311.95,0.00,SIN
2803:f800:51:367e:5328:6df7:b6e6:4d76,4,4,0.00,312.07,0.00,SIN
2a06:98c1:310e:7c3f:48ee:d0ea:fde2:746c,4,4,0.00,312.15,0.00,SIN
2a06:98c1:50:3d:5a6f:3a6e:9e23:d28a,4,4,0.00,312.16,0.00,SIN
2a06:98c1:3101:b8:dd73:a63e:25c:aa87,4,4,0.00,312.25,0.00,SIN
2a06:98c1:3101:b8:601a:275a:5963:f2be,4,4,0.00,312.25,0.00,SIN
2a06:98c1:3102:a11b:f817:53c5:dd62:7bb0,4,4,0.00,312.42,0.00,SIN
2a06:98c1:310b:8009:1121:c4c3:a2c4:1305,4,4,0.00,312.45,0.00,SIN
2400:cb00:2049:0:73:1ee1:3391:9ce8,4,4,0.00,312.49,0.00,SIN
2a06:98c1:3102:e6:c2f8:53e6:658d:faec,4,4,0.00,312.60,0.00,SIN
2a06:98c1:3107:6a76:59ff:a64f:7716:cbf,4,4,0.00,312.90,0.00,SIN
2a06:98c1:3105:b3:78f6:ebb5:255e:f172,4,4,0.00,313.33,0.00,SIN
2803:f800:50:0:9f5c:ae2c:e15d:88e5,4,4,0.00,313.33,0.00,SIN
2a06:98c1:310d:9eb:e7c8:fb34:dd0d:77ab,4,4,0.00,313.45,0.00,SIN
2a06:98c1:50:0:cbd9:0:c9c:b729,4,4,0.00,313.51,0.00,SIN
2a06:98c1:3102:e6:22db:e548:802f:1776,4,4,0.00,313.69,0.00,SIN
2a06:98c1:3100::c:8f7a,4,4,0.00,313.83,0.00,SIN
2a06:98c1:310b:8009:1114:d6d4:45f7:5196,4,4,0.00,313.93,0.00,SIN
2803:f800:51:59ed:e0b4:d5f8:bcfa:ae10,4,4,0.00,314.08,0.00,SIN
2a06:98c1:310a:0:a2a0:27b:52d8:a48c,4,4,0.00,314.20,0.00,SIN
2a06:98c1:3108:8d:db28:cbf7:62e7:77fe,4,4,0.00,314.30,0.00,SIN
2a06:98c1:3104:ac4b:e552:e947:ca65:dee3,4,4,0.00,314.57,0.00,SIN
2a06:98c1:310e::a9:2165,4,4,0.00,315.09,0.00,SIN
2a06:98c1:310d:9eb:e789:6300:1726:9223,4,4,0.00,315.51,0.00,SIN
2400:cb00:2049::ecec:f79:d5ca,4,4,0.00,315.57,0.00,SIN
2a06:98c1:3107:e291:8270:e73d:55a3:75a8,4,4,0.00,315.71,0.00,SIN
2400:cb00:2049::68:be1f:aaa1,4,4,0.00,315.90,0.00,SIN
2803:f800:51:68:d0b2:12a2:775f:86f2,4,4,0.00,316.22,0.00,SIN
2a06:98c1:3105:922e:f855:6063:fcd3:cdc9,4,4,0.00,316.60,0.00,SIN
2a06:98c1:3101:b8:dd73:9688:10ca:d7da,4,4,0.00,316.78,0.00,SIN
2a06:98c1:51:d161:12b0:ccec:44bb:1ff6,4,4,0.00,316.99,0.00,SIN
2a06:98c1:3103::af:ba46,4,4,0.00,317.01,0.00,SIN
2a06:98c1:3101:b508:81bb:9424:b1ad:3f37,4,4,0.00,317.25,0.00,SIN
2a06:98c1:3105:7bac:759d:cd9f:20c1:1f4c,4,4,0.00,317.29,0.00,SIN
2a06:98c1:310d:7acf:9e98:80da:ee2:447b,4,4,0.00,318.00,0.00,SIN
2803:f800:51:59ed:2fa0:f515:947d:59a2,4,4,0.00,318.05,0.00,SIN
2a06:98c1:3102:0:b5:ed17:e757:f967,4,4,0.00,318.15,0.00,SIN
2a06:98c1:3104:ac2b:2377:b71:b349:1b2f,4,4,0.00,318.47,0.00,SIN
2803:f800:51:367e:f646:894f:12e0:95e6,4,4,0.00,318.58,0.00,SIN
2400:cb00:2049:d7:b3f1:30d:4af9:23e9,4,4,0.00,318.65,0.00,SIN
2803:f800:51:367e:5328:6df7:b64f:610,4,4,0.00,318.84,0.00,SIN
2803:f800:51:0:ceac:fa5:c72d:565e,4,4,0.00,318.92,0.00,SIN
2a06:98c1:50:0:cbd9:e847:e7e1:ce5d,4,4,0.00,319.11,0.00,SIN
2a06:98c1:310b:8009:1121:c41a:30c0:5c07,4,4,0.00,319.16,0.00,SIN
2a06:98c1:3101:b8:dd71:238:9545:afe6,4,4,0.00,319.19,0.00,SIN
2a06:98c1:310d:7acf:1e48:4bd7:dcc8:1e6a,4,4,0.00,319.42,0.00,SIN
2a06:98c1:3102:a11b:bf80:8153:5fd3:6c96,4,4,0.00,319.65,0.00,SIN
2a06:98c1:3102:a11b:bf80:8153:5f54:75f9,4,4,0.00,319.75,0.00,SIN
2a06:98c1:3104:ac4b:e552:e925:68d7:7d4d,4,4,0.00,319.90,0.00,SIN
2a06:98c1:310d:7acf:9e63:cdfe:86ee:e249,4,4,0.00,319.91,0.00,SIN
2a06:98c1:3108:b01d:d20e:9b8:a01e:9d92,4,4,0.00,320.03,0.00,SIN
2a06:98c1:310c:9063:b23e:9eec:1179:da29,4,4,0.00,320.46,0.00,SIN
2803:f800:50:0:5b:a2da:59ee:7b1c,4,4,0.00,320.65,0.00,SIN
2a06:98c1:3108:b085:ce48:810a:1c34:b3f3,4,4,0.00,320.95,0.00,SIN
2a06:98c1:310b:8009:1114:d634:5049:b70e,4,4,0.00,320.95,0.00,SIN
2a06:98c1:3102:e6:22db:5668:62e6:7262,4,4,0.00,321.00,0.00,SIN
2803:f800:51:5943:9086:532a:4d85:46a,4,4,0.00,321.43,0.00,SIN
2a06:98c1:3102:a178:b402:f60a:2e22:5fcc,4,4,0.00,321.50,0.00,SIN
2803:f800:51:59ed:e0b4:d5f8:bc2a:c32d,4,4,0.00,321.53,0.00,SIN
2803:f800:50:0:5b:b479:d3f8:fb13,4,4,0.00,321.74,0.00,SIN
2a06:98c1:51:0:d5b1:b3c4:f79b:242a,4,4,0.00,321.87,0.00,SIN
2a06:98c1:3103::bb:442f,4,4,0.00,322.01,0.00,SIN
2a06:98c1:310e:7c3f:4810:ce10:84dd:625f,4,4,0.00,322.04,0.00,SIN
2803:f800:51:5943:9086:532a:46ca:bf68,4,4,0.00,322.11,0.00,SIN
2a06:98c1:3100:b521:fabe:3c66:d03b:2614,4,4,0.00,322.27,0.00,SIN
2803:f800:50:0:5b:b479:413b:217,4,4,0.00,322.60,0.00,SIN
2803:f800:51:59ed:e0a2:cb00:e86b:88bd,4,4,0.00,322.73,0.00,SIN
2a06:98c1:3100:0:547d:fea9:91cd:5624,4,4,0.00,322.76,0.00,SIN
2a06:98c1:3109:0:9be8:8202:304e:9e84,4,4,0.00,322.82,0.00,SIN
2a06:98c1:310c:9063:b271:5502:8f0a:d601,4,4,0.00,322.85,0.00,SIN
2a06:98c1:310f:0:4e8d:6742:56c8:327f,4,4,0.00,323.33,0.00,SIN
2803:f800:51:59ed:e0a2:6614:cff4:d8fa,4,4,0.00,323.45,0.00,SIN
2a06:98c1:50:3d:5a6f:3a6e:6772:3cb0,4,4,0.00,323.57,0.00,SIN
2a06:98c1:3109:0:10:a64b:c903:7f24,4,4,0.00,323.67,0.00,SIN
2a06:98c1:3109:bf:9723:d888:5474:4e5d,4,4,0.00,323.82,0.00,SIN
2803:f800:51:361b:3a9d:f97:4cd7:91de,4,4,0.00,324.02,0.00,SIN
2803:f800:51:0:df:4d4e:fb69:7401,4,4,0.00,324.36,0.00,SIN
2a06:98c1:3106:c2c8:50a8:2893:83e9:82ae,4,4,0.00,324.44,0.00,SIN
2a06:98c1:310d:7acf:9e98:80da:e30:8f05,4,4,0.00,324.58,0.00,SIN
2803:f800:51:367e:5328:6df7:c787:be3f,4,4,0.00,324.66,0.00,SIN
2400:cb00:2049:0:88f9:e478:d4d5:1396,4,4,0.00,324.83,0.00,SIN
2a06:98c1:310f:0:4e8d:6742:aa1f:a63,4,4,0.00,325.22,0.00,SIN
2a06:98c1:3101:b8:60e2:dd9d:6591:b5f4,4,4,0.00,325.34,0.00,SIN
2a06:98c1:3102:a11b:bf79:e968:b2c6:1d60,4,4,0.00,325.54,0.00,SIN
2a06:98c1:310c:904c:dfca:8a74:8ffa:8dde,4,4,0.00,325.71,0.00,SIN
2a06:98c1:310f::a699:904d:63db,4,4,0.00,325.75,0.00,SIN
2400:cb00:2049:d7:b392:7917:731c:6b17,4,4,0.00,325.85,0.00,SIN
2a06:98c1:310e:0:cb:9b96:cc78:83f6,4,4,0.00,326.08,0.00,SIN
2400:cb00:2049:d7:b3f1:3b73:789a:57db,4,4,0.00,326.10,0.00,SIN
2a06:98c1:310b:8009:1121:c8cd:dc30:a13b,4,4,0.00,326.16,0.00,SIN
2400:cb00:2049:0:73:82a2:acec:c0ee,4,4,0.00,326.22,0.00,SIN
2a06:98c1:3103::4fef:86c3:5f5c,4,4,0.00,326.23,0.00,SIN
2803:f800:51:361b:3aab:2678:5736:3e72,4,4,0.00,326.37,0.00,SIN
2a06:98c1:3101:0:33:90a3:8eca:95ed,4,4,0.00,326.39,0.00,SIN
2a06:98c1:3103::c987:3c4e:5755,4,4,0.00,326.39,0.00,SIN
2a06:98c1:3105:922e:594f:2332:8d1f:7a91,4,4,0.00,326.45,0.00,SIN
2a06:98c1:51:0:d5aa:dbd1:c108:758f,4,4,0.00,326.77,0.00,SIN
2400:cb00:2049::16ef,4,4,0.00,326.79,0.00,SIN
2803:f800:50:0:80:9222:2752:30b6,4,4,0.00,326.87,0.00,SIN
2400:cb00:2049:0:8826:a762:d97c:88d2,4,4,0.00,327.39,0.00,SIN
2400:cb00:2049:d7:b392:26ed:f35f:64b1,4,4,0.00,327.39,0.00,SIN
2803:f800:51:367e:f6d9:6305:2f62:66df,4,4,0.00,327.72,0.00,SIN
2a06:98c1:3102:a11b:dd25:d280:23cc:c138,4,4,0.00,327.83,0.00,SIN
2a06:98c1:310b:8009:11b4:9edd:687:407f,4,4,0.00,328.05,0.00,SIN
2a06:98c1:310c:904c:dfca:8a74:8fa5:5177,4,4,0.00,328.43,0.00,SIN
2a06:98c1:310d:7acf:1ef4:3b68:db88:41c1,4,4,0.00,328.49,0.00,SIN
2a06:98c1:51:517a:38ab:a0b7:9b34:4d86,4,4,0.00,328.52,0.00,SIN
2803:f800:50:0:5b:a213:b93:44f3,4,4,0.00,328.79,0.00,SIN
2400:cb00:2049:d7:b392:47ee:8ba4:930f,4,4,0.00,329.37,0.00,SIN
2400:cb00:2049:421c:bbe9:4e75:a14:2655,4,4,0.00,329.82,0.00,SIN
2803:f800:51:0:df:4d4e:82a5:f5bf,4,4,0.00,329.86,0.00,SIN
2a06:98c1:3105:92dd:444:ca5e:8dc7:e31d,4,4,0.00,330.35,0.00,SIN
2a06:98c1:3101:b8:60e2:3354:9fef:9485,4,4,0.00,330.72,0.00,SIN
2400:cb00:2049:0:8826:a779:e04d:e0be,4,4,0.00,331.10,0.00,SIN
2a06:98c1:51:d161:12b0:589b:aa5f:ba73,4,4,0.00,331.24,0.00,SIN
2803:f800:51:367e:f6d9:6305:2ff9:892,4,4,0.00,331.25,0.00,SIN
2a06:98c1:310f:1c:956:3674:496b:227c,4,4,0.00,331.29,0.00,SIN
2400:cb00:2049:d7:b3f1:30d:dd06:476c,4,4,0.00,331.73,0.00,SIN
2a06:98c1:3107:e29a:ecce:7338:21fc:554f,4,4,0.00,331.78,0.00,SIN
2a06:98c1:310e:7c29:90cb:f3bd:382f:5e38,4,4,0.00,332.13,0.00,SIN
2803:f800:50:85:5915:3388:3b26:7cfa,4,4,0.00,332.14,0.00,SIN
2a06:98c1:51:d161:12b0:ccc4:8f4f:b94,4,4,0.00,332.22,0.00,SIN
2400:cb00:2049:d7:7de:3345:a6bd:8ad5,4,4,0.00,332.44,0.00,SIN
2400:cb00:2049:0:88f9:e410:bdbb:416e,4,4,0.00,332.51,0.00,SIN
2a06:98c1:3109:30:ee54:c918:fdb0:5250,4,4,0.00,332.67,0.00,SIN
2a06:98c1:3105:922e:f855:4383:4502:e22,4,4,0.00,332.86,0.00,SIN
2a06:98c1:310f:0:2a:7b7f:2c11:f836,4,4,0.00,332.99,0.00,SIN
2803:f800:51:367e:4d43:5da4:cbbd:f5a9,4,4,0.00,333.00,0.00,SIN
2a06:98c1:310f:0:4e8d:6710:897b:b545,4,4,0.00,333.09,0.00,SIN
2a06:98c1:3104:ac4b:65b0:dd4e:986e:1d7c,4,4,0.00,333.16,0.00,SIN
2803:f800:51:361b:3ac1:8880:b55:6f44,4,4,0.00,333.41,0.00,SIN
2a06:98c1:310d:a8:a6b8:c04d:1222:ac9,4,4,0.00,333.71,0.00,SIN
2a06:98c1:3107:9d:229:95e0:9a08:7965,4,4,0.00,334.70,0.00,SIN
2803:f800:50:0:9f94:cad4:1b1f:d0fe,4,4,0.00,334.75,0.00,SIN
2a06:98c1:3108:8d:db28:cbf7:ab7c:cef4,4,4,0.00,334.79,0.00,SIN
2a06:98c1:3109::ab:3990:e8cf,4,4,0.00,334.83,0.00,SIN
2a06:98c1:3105:92dd:479:a30:f961:fd5a,4,4,0.00,334.89,0.00,SIN
2a06:98c1:3108::dc42:a382:ed4d,4,4,0.00,335.21,0.00,SIN
2a06:98c1:310f:1c:956:3674:6196:41b,4,4,0.00,335.21,0.00,SIN
2a06:98c1:3105:922e:597f:c6cd:1202:45fc,4,4,0.00,335.31,0.00,SIN
2400:cb00:2049:421c:89ed:2ec1:1233:f1e0,4,4,0.00,335.46,0.00,SIN
2a06:98c1:3101:b8:dd73:a63e:e0b2:f621,4,4,0.00,335.58,0.00,SIN
2400:cb00:2049:d7:7de:3345:f5f:3e16,4,4,0.00,335.68,0.00,SIN
2a06:98c1:3108::7be5:a3cb:bbcb,4,4,0.00,335.73,0.00,SIN
2a06:98c1:3105:b3:784b:630c:d9e1:2e30,4,4,0.00,335.76,0.00,SIN
2a06:98c1:3109:30:4724:6ce3:9137:f8a3,4,4,0.00,336.08,0.00,SIN
2a06:98c1:3104:ac2b:2377:b14:74f7:ccf8,4,4,0.00,336.27,0.00,SIN
2a06:98c1:3108:b01d:4482:c2c7:a864:a80c,4,4,0.00,336.39,0.00,SIN
2a06:98c1:3109:30:4724:6d21:5846:349f,4,4,0.00,336.45,0.00,SIN
2a06:98c1:3108::dc42:a37b:8591,4,4,0.00,337.00,0.00,SIN
2a06:98c1:3104:ac88:c3a4:4c7d:3388:b031,4,4,0.00,337.28,0.00,SIN
2a06:98c1:3105:b2b8:7203:fb5b:8ea8:92cf,4,4,0.00,337.31,0.00,SIN
2a06:98c1:51:7c:a3cf:602e:30b3:aee5,4,4,0.00,337.35,0.00,SIN
2a06:98c1:3104:ac4b:65b0:dd57:6047:eeb8,4,4,0.00,337.46,0.00,SIN
2400:cb00:2049::ecec:f31e:c754,4,4,0.00,337.84,0.00,SIN
2a06:98c1:51:0:d5aa:db36:19b6:98f6,4,4,0.00,338.34,0.00,SIN
2a06:98c1:3105:922e:597f:c656:6251:7e67,4,4,0.00,338.56,0.00,SIN
2803:f800:51:5961:dfff:83f4:2cb:a7c,4,4,0.00,338.98,0.00,SIN
2a06:98c1:3109::9a1f:f3d7,4,4,0.00,339.25,0.00,SIN
2a06:98c1:3105:922e:594f:23b9:ea4f:2fc2,4,4,0.00,339.66,0.00,SIN
2a06:98c1:3109:bf:973b:437:b8a2:49fa,4,4,0.00,339.71,0.00,SIN
2a06:98c1:3106:c2c8:50a8:a107:219a:a8ee,4,4,0.00,339.87,0.00,SIN
2a06:98c1:3108::c9:bd4,4,4,0.00,339.90,0.00,SIN
2803:f800:51:367e:4d23:9c02:db1e:5e8d,4,4,0.00,340.04,0.00,SIN
2a06:98c1:310e:7c29:90f7:bb54:d4ef:e52,4,4,0.00,340.24,0.00,SIN
2a06:98c1:3102:a178:b402:f60a:b2c0:9cd5,4,4,0.00,340.29,0.00,SIN
2400:cb00:2049:fa3:8cb5:4064:ba25:64c6,4,4,0.00,340.37,0.00,SIN
2400:cb00:2049:d7:b392:263b:345a:1712,4,4,0.00,340.37,0.00,SIN
2803:f800:51:c4:820d:9c18:fe32:2520,4,4,0.00,340.53,0.00,SIN
2a06:98c1:3108:b01d:4482:2f:f293:4e6c,4,4,0.00,340.91,0.00,SIN
2a06:98c1:3101:0:33:90a3:be18:6810,4,4,0.00,340.96,0.00,SIN
2a06:98c1:310e:7c29:958d:d91a:8273:6078,4,4,0.00,341.18,0.00,SIN
2a06:98c1:3104:29db:2fe4:f5b:fdbc:c0f8,4,4,0.00,341.79,0.00,SIN
2400:cb00:2049:d7:b392:47ee:8bb1:d220,4,4,0.00,341.88,0.00,SIN
2803:f800:51:5943:9086:53ff:527f:a847,4,4,0.00,342.11,0.00,SIN
2a06:98c1:310e:0:d633:e6b6:5509:fa7d,4,4,0.00,342.47,0.00,SIN
2a06:98c1:3108::dcb0:7807:b795,4,4,0.00,342.48,0.00,SIN
2a06:98c1:3105:922e:597f:c6cd:57d5:da3,4,4,0.00,342.49,0.00,SIN
2a06:98c1:3104:ac88:c3a4:fff2:b5c1:bc81,4,4,0.00,342.74,0.00,SIN
2a06:98c1:3108::8570,4,4,0.00,342.98,0.00,SIN
2a06:98c1:3107:6a76:59ff:a67c:c3b8:bb0f,4,4,0.00,343.14,0.00,SIN
2a06:98c1:3101:b8:601a:5286:1295:b730,4,4,0.00,343.39,0.00,SIN
2a06:98c1:310b:ee:80c5:ec38:f32:a4d8,4,4,0.00,343.52,0.00,SIN
2a06:98c1:3109:30:4724:d7c9:686b:c31a,4,4,0.00,343.56,0.00,SIN
2a06:98c1:310b:8009:1114:d6d4:cd88:9ba5,4,4,0.00,343.69,0.00,SIN
2a06:98c1:3108:8d:dbfc:8134:770a:7394,4,4,0.00,343.82,0.00,SIN
2a06:98c1:310d:7acf:1ef4:d1b:76b0:5cdb,4,4,0.00,344.33,0.00,SIN
2a06:98c1:3101:0:33:90b6:95e7:3de0,4,4,0.00,344.54,0.00,SIN
2a06:98c1:3103:fc:57d9:905c:db59:6446,4,4,0.00,344.83,0.00,SIN
2a06:98c1:3109:30:ae9e:70e3:6173:578b,4,4,0.00,344.86,0.00,SIN
2a06:98c1:3102:e6:2218:7a6c:3f:96e7,4,4,0.00,344.94,0.00,SIN
2a06:98c1:310c::fe1f:1f8d:ad60,4,4,0.00,345.20,0.00,SIN
2a06:98c1:3102:a11b:bf80:81ff:e70d:34fe,4,4,0.00,345.25,0.00,SIN
2a06:98c1:3101:b8:60e2:dd1b:41d2:7e07,4,4,0.00,345.39,0.00,SIN
2a06:98c1:3109:bf:973b:9274:ecc4:f3b4,4,4,0.00,345.51,0.00,SIN
2803:f800:51:367e:5328:3aab:c5ef:fcb0,4,4,0.00,345.76,0.00,SIN
2400:cb00:2049:fa3:8cb5:b567:b5b3:721b,4,4,0.00,345.82,0.00,SIN
2a06:98c1:3102:0:d79a:c8d6:2ff5:1e51,4,4,0.00,345.95,0.00,SIN
2a06:98c1:310a:1f5e:ae7c:68fd:2391:5b2b,4,4,0.00,346.10,0.00,SIN
2803:f800:50::a8:7fe3,4,4,0.00,346.21,0.00,SIN
2a06:98c1:3108:b0b7:b7cf:11b:d5cb:8b35,4,4,0.00,346.26,0.00,SIN
2a06:98c1:3107:0:9b:5f06:9f2a:7e1,4,4,0.00,346.29,0.00,SIN
2a06:98c1:3101:b8:60e2:dd1b:8da2:7ece,4,4,0.00,346.30,0.00,SIN
2a06:98c1:310e:0:d633:e6b6:a50d:91b1,4,4,0.00,346.49,0.00,SIN
2a06:98c1:3101:b8:601a:2796:5115:5652,4,4,0.00,346.66,0.00,SIN
2a06:98c1:3105:922e:597f:9df8:b146:2e8e,4,4,0.00,346.79,0.00,SIN
2a06:98c1:3103:cfb8:7a89:fd3c:55d:98fa,4,4,0.00,346.81,0.00,SIN
2a06:98c1:310d:9eb:b4b5:6a43:2d1b:d709,4,4,0.00,346.86,0.00,SIN
2a06:98c1:3104:ac4b:65b0:dd3c:9316:8f2f,4,4,0.00,346.94,0.00,SIN
2a06:98c1:3109:bf:97b8:dd13:7144:591f,4,4,0.00,347.15,0.00,SIN
2a06:98c1:310c:9063:b271:5502:8f8d:c20f,4,4,0.00,347.32,0.00,SIN
2a06:98c1:3103:0:97:6e5a:682f:75c3,4,4,0.00,347.49,0.00,SIN
2a06:98c1:310a:7e:6dca:23f2:a702:695,4,4,0.00,347.65,0.00,SIN
2a06:98c1:3103:0:97:6e5a:6849:4024,4,4,0.00,347.69,0.00,SIN
2a06:98c1:310c:90c1:8051:5120:8e5a:67df,4,4,0.00,347.96,0.00,SIN
2a06:98c1:3101:b8:dd73:5449:5883:5ace,4,4,0.00,348.01,0.00,SIN
2a06:98c1:3108::e4:675b:4948,4,4,0.00,348.06,0.00,SIN
2a06:98c1:3107:e29a:ec56:1a50:f189:79cc,4,4,0.00,348.11,0.00,SIN
2a06:98c1:3105:922e:f855:4383:e498:47bc,4,4,0.00,348.27,0.00,SIN
2a06:98c1:3106:c2c8:50a8:2893:b995:75c9,4,4,0.00,348.32,0.00,SIN
2a06:98c1:50:b10f:2768:3191:a561:7cd5,4,4,0.00,349.66,0.00,SIN
2a06:98c1:3105:922e:597f:c6cd:571c:fb4f,4,4,0.00,349.76,0.00,SIN
2803:f800:51:367e:4d23:5501:684c:9e2b,4,4,0.00,349.87,0.00,SIN
2a06:98c1:3105:922e:597f:c6cd:12a4:e8e6,4,4,0.00,350.04,0.00,SIN
2a06:98c1:310b:ffe6:bb4e:d8c3:dd7c:eab6,4,4,0.00,350.12,0.00,SIN
2a06:98c1:3105:922e:594f:cdae:49d0:88a2,4,4,0.00,350.23,0.00,SIN
2a06:98c1:310f:1c:2106:4856:666a:7d6,4,4,0.00,350.30,0.00,SIN
2803:f800:51:5943:75b4:7deb:716a:d10e,4,4,0.00,350.41,0.00,SIN
2a06:98c1:3106:c2c8:cde:b44e:65a0:57de,4,4,0.00,350.94,0.00,SIN
2a06:98c1:51:7c:a3a3:5f30:73fb:e765,4,4,0.00,351.00,0.00,SIN
2a06:98c1:3101:b8:dd73:315c:1b29:54d7,4,4,0.00,351.04,0.00,SIN
2a06:98c1:3103:0:97:6e17:f66f:ced0,4,4,0.00,351.16,0.00,SIN
2803:f800:51:0:df:4d4e:823a:2de7,4,4,0.00,351.32,0.00,SIN
2a06:98c1:3105:922e:597f:9df8:b12f:e653,4,4,0.00,351.53,0.00,SIN
2a06:98c1:3101:0:b399:c479:3e06:5027,4,4,0.00,351.78,0.00,SIN
2400:cb00:2049:fa3:8cb5:b503:6db1:f68e,4,4,0.00,351.84,0.00,SIN
2a06:98c1:310e:7cd0:f0b3:7a6f:d796:cf85,4,4,0.00,352.14,0.00,SIN
2a06:98c1:310c:9063:68f6:8e3a:d9bf:480,4,4,0.00,352.45,0.00,SIN
2a06:98c1:310d:7acf:9e98:806f:a390:6d41,4,4,0.00,352.64,0.00,SIN
2a06:98c1:3105:6:4981:3b14:1add:297d,4,4,0.00,352.68,0.00,SIN
2a06:98c1:3101:b8:600e:3073:8dcf:a1e,4,4,0.00,352.79,0.00,SIN
2a06:98c1:310c:0:fb:f506:df8e:aef3,4,4,0.00,352.97,0.00,SIN
2a06:98c1:3105:922e:f855:6063:fc87:aa94,4,4,0.00,353.17,0.00,SIN
2a06:98c1:3107:e29a:ec56:1a50:4aa7:1868,4,4,0.00,353.33,0.00,SIN
2a06:98c1:51:7c:a3a3:5f8c:12f2:28a7,4,4,0.00,353.47,0.00,SIN
2a06:98c1:3100:0:cb13:af3a:41e6:9511,4,4,0.00,353.50,0.00,SIN
2a06:98c1:310e:0:cb:9b96:5112:6d25,4,4,0.00,353.58,0.00,SIN
2a06:98c1:3105:922e:597f:9d41:ca68:3ecd,4,4,0.00,353.89,0.00,SIN
2a06:98c1:3102:0:d79a:c8d6:2ffa:45ab,4,4,0.00,353.92,0.00,SIN
2a06:98c1:3100::a1:2389:83c4,4,4,0.00,355.00,0.00,SIN
2a06:98c1:3104:de:86ed:9996:e9bf:e224,4,4,0.00,355.68,0.00,SIN
2a06:98c1:3101:b8:dd71:2c4:d516:ba69,4,4,0.00,355.69,0.00,SIN
2a06:98c1:3100:0:5418:100d:a4eb:fbbb,4,4,0.00,356.01,0.00,SIN
2a06:98c1:3104:ac4b:65b0:dd3c:1fa8:7ce9,4,4,0.00,356.17,0.00,SIN
2a06:98c1:3102:0:8d:f750:5809:c1ee,4,4,0.00,356.23,0.00,SIN
2a06:98c1:3100:b521:6cd0:aaf6:de2c:61c5,4,4,0.00,356.32,0.00,SIN
2a06:98c1:310c:90c1:8051:c4b0:59ec:6329,4,4,0.00,356.47,0.00,SIN
2a06:98c1:3103:fc:57d9:905c:9d3:566d,4,4,0.00,356.78,0.00,SIN
2a06:98c1:3107:e29a:ecce:407c:cfbf:724a,4,4,0.00,356.87,0.00,SIN
2a06:98c1:3105:922e:597f:9d1a:c247:cda5,4,4,0.00,357.37,0.00,SIN
2a06:98c1:3104:acf0:bb92:3ed:1a6f:2c1f,4,4,0.00,357.37,0.00,SIN
2a06:98c1:3101:b8:dddd:836c:38ea:4df9,4,4,0.00,357.39,0.00,SIN
2a06:98c1:3100::1f09:ffca:1277,4,4,0.00,358.10,0.00,SIN
2a06:98c1:310e:7c29:9545:f7fb:34cf:9fc8,4,4,0.00,358.13,0.00,SIN
2a06:98c1:3109:30:4724:6c63:347c:ef3a,4,4,0.00,358.31,0.00,SIN
2a06:98c1:3101:0:5c1d:9712:2a8f:896e,4,4,0.00,358.37,0.00,SIN
2a06:98c1:3100:b521:fabe:3c87:dc8d:b6af,4,4,0.00,358.45,0.00,SIN
2803:f800:50:57d1:f51a:657e:68b8:f40b,4,4,0.00,358.78,0.00,SIN
2a06:98c1:310c:90c1:e23d:cf70:9e9f:5fd,4,4,0.00,358.83,0.00,SIN
2a06:98c1:3104:acf0:bb92:7c83:926:bc58,4,4,0.00,358.88,0.00,SIN
2a06:98c1:3107:d8:40bb:4572:b2b8:2e38,4,4,0.00,359.05,0.00,SIN
2a06:98c1:3103:fc:57d9:5c84:31dd:453a,4,4,0.00,359.18,0.00,SIN
2a06:98c1:310c:9063:68f6:8ee9:7179:6afe,4,4,0.00,359.74,0.00,SIN
2a06:98c1:51:7c:a3a3:5fb7:2661:7843,4,4,0.00,359.87,0.00,SIN
2a06:98c1:310e:7c29:958d:d91a:e7ba:8933,4,4,0.00,359.93,0.00,SIN
2a06:98c1:310c:9063:b271:5502:8f69:7794,4,4,0.00,360.17,0.00,SIN
2a06:98c1:3104:ac2b:2377:56ce:1dd5:4c59,4,4,0.00,360.33,0.00,SIN
2a06:98c1:3107:e29a:ecce:407c:cfe0:1dae,4,4,0.00,360.36,0.00,SIN
2803:f800:51:361b:3a43:f29c:ac50:c255,4,4,0.00,361.04,0.00,SIN
2a06:98c1:310a:4e:69ac:17a0:df14:7d81,4,4,0.00,361.51,0.00,SIN
2a06:98c1:310d:7acf:1ef4:d75:2b6e:8b7,4,4,0.00,361.96,0.00,SIN
2a06:98c1:3105:92dd:479:bd3d:23ac:be6,4,4,0.00,362.00,0.00,SIN
2a06:98c1:51:7c:a3f3:a3f0:5b57:3288,4,4,0.00,362.09,0.00,SIN
2a06:98c1:51:7c:a3a3:5fb7:8d5c:775d,4,4,0.00,362.17,0.00,SIN
2803:f800:51:59ed:e0b4:a353:f001:e0ce,4,4,0.00,362.23,0.00,SIN
2a06:98c1:3107::41fc:1cd6:b8b7,4,4,0.00,362.36,0.00,SIN
2a06:98c1:310f:1c:2106:550a:b880:e3b,4,4,0.00,362.45,0.00,SIN
2a06:98c1:3101:0:b399:4d93:cf84:7b58,4,4,0.00,362.53,0.00,SIN
2a06:98c1:3103:0:97:6e12:52aa:4507,4,4,0.00,362.68,0.00,SIN
2a06:98c1:3107:e29a:ec2c:9ae7:e329:6a2,4,4,0.00,362.70,0.00,SIN
2a06:98c1:3107:e29a:ecce:407c:ae72:d0d3,4,4,0.00,362.97,0.00,SIN
2a06:98c1:310b:ffe6:bb4e:d84f:8675:a543,4,4,0.00,363.36,0.00,SIN
2a06:98c1:310a:0:a2a0:27b:5224:cb1d,4,4,0.00,363.46,0.00,SIN
2a06:98c1:3104::50fc:1c49:604d,4,4,0.00,363.87,0.00,SIN
2a06:98c1:3103:fc:574a:c4b3:a4a5:b445,4,4,0.00,363.97,0.00,SIN
2a06:98c1:3105:92dd:479:bd3d:2327:2416,4,4,0.00,364.12,0.00,SIN
2a06:98c1:310d:7acf:9e98:806f:53d9:8565,4,4,0.00,364.43,0.00,SIN
2803:f800:51:59ed:e0b4:a353:ca1c:9179,4,4,0.00,364.74,0.00,SIN
2a06:98c1:3101:3c:967c:1f80:6c81:1f86,4,4,0.00,364.79,0.00,SIN
2a06:98c1:3100:b521:6cd0:aaad:f0b6:a2eb,4,4,0.00,365.31,0.00,SIN
2a06:98c1:3106:48:ae0c:86ed:2579:124b,4,4,0.00,365.43,0.00,SIN
2a06:98c1:3107:6a76:59ff:a67c:c6a1:d130,4,4,0.00,365.49,0.00,SIN
2a06:98c1:3104:acf0:bb92:7cf2:6900:f004,4,4,0.00,365.52,0.00,SIN
2a06:98c1:3109:0:74d0:9974:57c4:f04d,4,4,0.00,365.77,0.00,SIN
2a06:98c1:310b::85f4,4,4,0.00,365.78,0.00,SIN
2a06:98c1:51:d161:1276:bfe8:1512:999b,4,4,0.00,366.17,0.00,SIN
2803:f800:51:5943:9086:532a:d333:7cc6,4,4,0.00,366.42,0.00,SIN
2a06:98c1:310f:0:2a:7be9:ca48:24db,4,4,0.00,366.49,0.00,SIN
2803:f800:51:59ed:e0b4:d5f8:bc82:b113,4,4,0.00,366.63,0.00,SIN
2a06:98c1:3104:ac4b:65b0:dd3c:9ef1:eecd,4,4,0.00,366.64,0.00,SIN
2a06:98c1:310b:0:b7d7:368b:5157:e083,4,4,0.00,366.69,0.00,SIN
2803:f800:51:0:de95:9a04:c695:46ee,4,4,0.00,367.23,0.00,SIN
2a06:98c1:310c:9063:b23e:866c:515b:49f8,4,4,0.00,367.24,0.00,SIN
2a06:98c1:3101:0:b399:c45d:e4a4:24b4,4,4,0.00,367.37,0.00,SIN
2a06:98c1:3102:0:3a:abfd:feaa:7aae,4,4,0.00,367.72,0.00,SIN
2a06:98c1:3104:ac2b:a1ab:ff57:9bde:cb23,4,4,0.00,367.83,0.00,SIN
2a06:98c1:310c:904c:df72:8fb6:3033:a758,4,4,0.00,367.96,0.00,SIN
2a06:98c1:310e:7cd0:f0b3:2c72:31b7:fd90,4,4,0.00,367.99,0.00,SIN
2a06:98c1:3107:e29a:ecce:244c:a3fb:ea81,4,4,0.00,368.28,0.00,SIN
2a06:98c1:3102:69:1cf3:ccbd:154a:a01b,4,4,0.00,368.29,0.00,SIN
2a06:98c1:310d:9eb:b43b:6d25:37d7:5cf9,4,4,0.00,368.31,0.00,SIN
2a06:98c1:3101:b8:60e2:dd1b:98fc:94b6,4,4,0.00,368.32,0.00,SIN
2a06:98c1:310f::92:d80:1061,4,4,0.00,368.72,0.00,SIN
2a06:98c1:3100:594:11bf:14e7:db98:c548,4,4,0.00,368.72,0.00,SIN
2a06:98c1:310d:7acf:1e48:8d3f:8670:563,4,4,0.00,368.82,0.00,SIN
2a06:98c1:310c:0:fb:f5ed:9560:fb66,4,4,0.00,368.82,0.00,SIN
2a06:98c1:3103:0:dce9:201e:9b38:b7,4,4,0.00,369.51,0.00,SIN
2a06:98c1:3106:48:ae0c:86ed:25d1:8350,4,4,0.00,369.65,0.00,SIN
2a06:98c1:3100:0:66:5705:2dba:f805,4,4,0.00,369.72,0.00,SIN
2a06:98c1:3107:e291:8270:e7b5:dad7:a7ad,4,4,0.00,369.76,0.00,SIN
2a06:98c1:3107:0:7084:f110:75b9:634,4,4,0.00,369.97,0.00,SIN
2a06:98c1:310f:0:2a:7be9:c38b:d689,4,4,0.00,370.02,0.00,SIN
2a06:98c1:51:d161:1276:bf4d:4c36:c07f,4,4,0.00,370.04,0.00,SIN
2a06:98c1:3105:92dd:a8a2:adb3:9b15:4ce6,4,4,0.00,370.08,0.00,SIN
2a06:98c1:310c:9063:68f6:8e3a:226b:9319,4,4,0.00,370.13,0.00,SIN
2a06:98c1:3106:c2c8:cde:6da6:2889:71d8,4,4,0.00,370.24,0.00,SIN
2a06:98c1:310e::ba31:4ed7,4,4,0.00,370.25,0.00,SIN
2a06:98c1:310c:0:fb:f572:8de9:c8c4,4,4,0.00,370.35,0.00,SIN
2a06:98c1:310b:ffe6:bb4e:879c:a4cc:4063,4,4,0.00,370.43,0.00,SIN
2a06:98c1:3106:0:16af:f070:c5e6:1c75,4,4,0.00,370.53,0.00,SIN
2a06:98c1:3107:9d:229:e8ae:162f:eb8a,4,4,0.00,370.70,0.00,SIN
2a06:98c1:3101:b8:dd73:a63e:e0d6:5a60,4,4,0.00,370.84,0.00,SIN
2a06:98c1:3105:922e:597f:9df8:b1da:cc57,4,4,0.00,370.96,0.00,SIN
2a06:98c1:3101:b508:81bb:9424:b166:1633,4,4,0.00,371.02,0.00,SIN
2a06:98c1:3104:de:86ed:6bb2:10e7:33d6,4,4,0.00,371.03,0.00,SIN
2a06:98c1:310b:ee:80c5:eca9:23a9:9241,4,4,0.00,371.20,0.00,SIN
2a06:98c1:3101:0:b399:c45d:b917:d3b4,4,4,0.00,371.33,0.00,SIN
2a06:98c1:3109:30:ae9e:70e3:307c:ae19,4,4,0.00,371.35,0.00,SIN
2803:f800:51:59ed:e0b4:75b7:b56f:9a6a,4,4,0.00,371.84,0.00,SIN
2a06:98c1:310e:7cd0:86ce:bc33:d3bc:1c79,4,4,0.00,371.90,0.00,SIN
2a06:98c1:3104:de:8639:b38d:e8cb:43a,4,4,0.00,371.94,0.00,SIN
2a06:98c1:310f:0:2a:8a33:9fa5:4f76,4,4,0.00,371.98,0.00,SIN
2a06:98c1:51:7c:a3cf:cc3e:39ce:9fcd,4,4,0.00,372.37,0.00,SIN
2a06:98c1:3109:5cfd:239a:7152:54f1:7c02,4,4,0.00,372.40,0.00,SIN
2803:f800:51:59ed:e0a2:56ef:fbb1:2a0e,4,4,0.00,372.51,0.00,SIN
2803:f800:51:59ed:389a:472e:881a:5b15,4,4,0.00,372.74,0.00,SIN
2a06:98c1:310e:7c29:9545:e57f:73a5:8b20,4,4,0.00,373.09,0.00,SIN
2a06:98c1:310a:1f5e:ae7c:28e1:9f0c:6d91,4,4,0.00,373.14,0.00,SIN
2a06:98c1:310e:0:d61d:8e3d:9d26:734c,4,4,0.00,373.54,0.00,SIN
2a06:98c1:51:7c:a3cf:6089:dac:577c,4,4,0.00,373.74,0.00,SIN
2803:f800:50:57d1:f51a:54dd:c833:4c34,4,4,0.00,373.88,0.00,SIN
2a06:98c1:3107:0:7084:f110:753f:c124,4,4,0.00,373.92,0.00,SIN
2a06:98c1:3105:922e:597c:ac37:45c0:5e54,4,4,0.00,374.33,0.00,SIN
2a06:98c1:3105:6:490b:d697:e418:671a,4,4,0.00,374.38,0.00,SIN
2a06:98c1:310f::a678:90d1:67da,4,4,0.00,374.41,0.00,SIN
2803:f800:50:57d1:f51a:6550:561d:8248,4,4,0.00,374.50,0.00,SIN
2a06:98c1:3104:29db:2f5c:6247:31e7:603a,4,4,0.00,374.70,0.00,SIN
2a06:98c1:3109:bf:973b:92e2:9ca5:7909,4,4,0.00,374.71,0.00,SIN
2a06:98c1:3109:0:f8:b98b:21aa:66c1,4,4,0.00,375.68,0.00,SIN
2a06:98c1:3105:922e:597f:9df8:b184:6d79,4,4,0.00,375.73,0.00,SIN
2a06:98c1:51:517a:671d:b1b5:b889:5385,4,4,0.00,376.04,0.00,SIN
2a06:98c1:310f:1c:2106:55bc:d97d:71ab,4,4,0.00,376.13,0.00,SIN
2a06:98c1:3101:b8:60e2:dd9d:3c57:d8ca,4,4,0.00,376.56,0.00,SIN
2a06:98c1:3107:e29a:ec2c:9ae7:a8c9:d7f,4,4,0.00,376.80,0.00,SIN
2803:f800:51:59ed:e0b4:d5f8:2db3:ecc4,4,4,0.00,376.86,0.00,SIN
2a06:98c1:310b:0:b7d7:368b:ff28:4887,4,4,0.00,377.21,0.00,SIN
2a06:98c1:310b:80ff:345e:17d8:6f5b:6063,4,4,0.00,377.45,0.00,SIN
2a06:98c1:3105:b3:784b:63bb:c3a9:957d,4,4,0.00,377.67,0.00,SIN
2a06:98c1:3102:0:3a:ab13:6362:7085,4,4,0.00,377.82,0.00,SIN
2a06:98c1:51:d161:f658:76a1:e3ab:e280,4,4,0.00,377.83,0.00,SIN
2a06:98c1:51:d11b:b9fd:7ac6:f35b:80ad,4,4,0.00,377.97,0.00,SIN
2a06:98c1:3104:0:f0:9299:39e7:6ac,4,4,0.00,378.05,0.00,SIN
2a06:98c1:51:7c:a3cf:6089:2abb:8a3e,4,4,0.00,378.40,0.00,SIN
2a06:98c1:310e:7c29:9545:f7fb:3423:5103,4,4,0.00,378.60,0.00,SIN
2a06:98c1:3107:0:8464:3bb2:1d23:fb35,4,4,0.00,378.78,0.00,SIN
2803:f800:51:59ed:e0b4:429d:4395:91b3,4,4,0.00,379.00,0.00,SIN
2803:f800:51:59ed:e0b4:7552:6fa0:151d,4,4,0.00,379.07,0.00,SIN
2a06:98c1:51:7c:a3cf:2e3c:f869:7892,4,4,0.00,379.22,0.00,SIN
2a06:98c1:51:517a:67f5:e46:d22f:cda7,4,4,0.00,379.80,0.00,SIN
2803:f800:51:59ed:e0a2:cbcd:7292:466d,4,4,0.00,380.24,0.00,SIN
2a06:98c1:3107:9d:b8dc:8ada:85b5:991,4,4,0.00,380.26,0.00,SIN
2a06:98c1:3102:e6:c2fc:9bea:ab70:94ba,4,4,0.00,380.35,0.00,SIN
2803:f800:51:59ed:e0b4:7571:b827:1151,4,4,0.00,380.56,0.00,SIN
2a06:98c1:310e:0:d61d:8e0f:2569:a264,4,4,0.00,380.58,0.00,SIN
2a06:98c1:3100:594:1151:88bf:7a5:5fec,4,4,0.00,380.71,0.00,SIN
2a06:98c1:310d:923:3e9d:fc34:bbae:fd40,4,4,0.00,380.82,0.00,SIN
2a06:98c1:310b:ffe6:bb4e:870c:c692:6eed,4,4,0.00,380.88,0.00,SIN
2a06:98c1:3109:0:f8:b9c4:481:c418,4,4,0.00,380.94,0.00,SIN
2a06:98c1:3105:92dd:444:ca4e:be39:7295,4,4,0.00,381.12,0.00,SIN
2a06:98c1:3105:6:490b:994a:bc1a:2c8a,4,4,0.00,381.27,0.00,SIN
2a06:98c1:3101:0:b399:9e3d:e6d8:8a96,4,4,0.00,381.53,0.00,SIN
2a06:98c1:51:d161:12b0:589b:56bd:46a5,4,4,0.00,381.56,0.00,SIN
2a06:98c1:310c:9063:b23e:9e2f:47c7:f0a2,4,4,0.00,381.69,0.00,SIN
2a06:98c1:310f::a678:81c6:da,4,4,0.00,382.18,0.00,SIN
2a06:98c1:3101:0:b399:c418:d62c:95b1,4,4,0.00,382.63,0.00,SIN
2a06:98c1:3106:c2c8:cde:b437:9983:fbb1,4,4,0.00,382.73,0.00,SIN
2a06:98c1:3105:922e:597c:acc2:c6b3:e4ab,4,4,0.00,383.21,0.00,SIN
2803:f800:51:59ed:e0b4:75b7:9f4:9067,4,4,0.00,383.43,0.00,SIN
2803:f800:51:367e:4d23:9ce3:d5e8:9cfb,4,4,0.00,383.89,0.00,SIN
2a06:98c1:310f:0:2a:7b7f:2cec:2549,4,4,0.00,383.97,0.00,SIN
2a06:98c1:3105:6:490b:d697:e40a:e818,4,4,0.00,384.51,0.00,SIN
2a06:98c1:310e:7cd0:86ce:bc41:8d75:dbb,4,4,0.00,384.76,0.00,SIN
2a06:98c1:310c:9063:6847:6cec:bf3b:c716,4,4,0.00,384.82,0.00,SIN
2803:f800:51:361b:3a43:5647:1456:794c,4,4,0.00,385.18,0.00,SIN
2a06:98c1:3107:6a76:59ff:a607:94af:aa40,4,4,0.00,385.24,0.00,SIN
2a06:98c1:3100:9b:a4a0:5c06:3f9c:7c7a,4,4,0.00,385.26,0.00,SIN
2a06:98c1:3107:e29a:ec56:f03e:8163:5874,4,4,0.00,385.52,0.00,SIN
2a06:98c1:3101:3c:c9b1:9b7f:32bc:c0a3,4,4,0.00,385.82,0.00,SIN
2a06:98c1:51:d11b:b9fd:7a30:b667:8ee2,4,4,0.00,385.86,0.00,SIN
2a06:98c1:3107:e29a:ec2c:9ac3:b917:5118,4,4,0.00,385.98,0.00,SIN
2a06:98c1:3104:0:ced7:a67a:6f56:e37d,4,4,0.00,386.48,0.00,SIN
2a06:98c1:310c:52:c5cc:7195:e643:7102,4,4,0.00,386.53,0.00,SIN
2a06:98c1:3109:0:c23:2b5f:97de:7a63,4,4,0.00,386.71,0.00,SIN
2a06:98c1:50:b10f:279c:6ea0:f110:d57a,4,4,0.00,386.73,0.00,SIN
2803:f800:51:367e:f61a:b76e:4041:7052,4,4,0.00,386.74,0.00,SIN
2803:f800:51:5943:75b4:39da:7ada:b2e0,4,4,0.00,386.86,0.00,SIN
2a06:98c1:3103:0:dce9:201e:9b9a:b3d6,4,4,0.00,387.02,0.00,SIN
2a06:98c1:3106:c2c8:c49:e9ff:cdc5:aa45,4,4,0.00,387.14,0.00,SIN
2803:f800:51:68:d053:10bd:112d:1f4,4,4,0.00,387.98,0.00,SIN
2a06:98c1:3101:0:b399:4da4:6ceb:36bf,4,4,0.00,388.36,0.00,SIN
2a06:98c1:3102:a11b:30ae:1a84:a10f:4914,4,4,0.00,388.38,0.00,SIN
2a06:98c1:310b:ffe6:5bab:c110:4826:c37b,4,4,0.00,388.48,0.00,SIN
2a06:98c1:3103::c987:9611:bf7c,4,4,0.00,388.65,0.00,SIN
2a06:98c1:3101:b8:60e2:3708:d8cc:2685,4,4,0.00,388.69,0.00,SIN
2a06:98c1:3105:6e:2f27:93f7:d304:61a3,4,4,0.00,388.77,0.00,SIN
2a06:98c1:3100:b521:fabe:977c:5ffe:452c,4,4,0.00,389.17,0.00,SIN
2a06:98c1:3105:0:b2:8b9e:9374:24e7,4,4,0.00,389.49,0.00,SIN
2a06:98c1:3104:de:86ed:9996:7d7c:fbeb,4,4,0.00,389.76,0.00,SIN
2a06:98c1:3102:a11b:30ae:f7d6:a634:d3f,4,4,0.00,390.56,0.00,SIN
2803:f800:51:5943:901e:92db:4690:3abc,4,4,0.00,390.72,0.00,SIN
2a06:98c1:50:0:cbd9:55:7762:e226,4,4,0.00,390.76,0.00,SIN
2a06:98c1:310f::a678:81fa:db7b,4,4,0.00,390.76,0.00,SIN
2803:f800:51:59ed:e0b4:7552:cbc1:f520,4,4,0.00,391.04,0.00,SIN
2a06:98c1:3109:bf:973b:92e2:d03d:97f8,4,4,0.00,391.50,0.00,SIN
2a06:98c1:3105:4:8d3:4f87:d6c0:f1a0,4,4,0.00,391.57,0.00,SIN
2a06:98c1:3107:e29a:522e:fa69:3018:b9f2,4,4,0.00,391.99,0.00,SIN
2a06:98c1:3109:30:4724:6d21:58b1:179,4,4,0.00,392.13,0.00,SIN
2a06:98c1:3109:30:ae9e:4475:8cd0:d20b,4,4,0.00,392.34,0.00,SIN
2a06:98c1:3102:e6:22db:5668:d9a6:1f95,4,4,0.00,392.63,0.00,SIN
2803:f800:51:59ed:e0a2:cbd4:59b0:74ac,4,4,0.00,392.72,0.00,SIN
2a06:98c1:3101:0:b399:4d93:5984:fc26,4,4,0.00,393.07,0.00,SIN
2a06:98c1:3103:fc:94c9:c0b9:3c42:3f21,4,4,0.00,393.25,0.00,SIN
2a06:98c1:310f:58bd:ab82:3982:4e57:c98e,4,4,0.00,393.48,0.00,SIN
2a06:98c1:51:d161:12b0:589b:1c28:71f6,4,4,0.00,393.59,0.00,SIN
2a06:98c1:3101:b8:dddd:836c:1360:748,4,4,0.00,393.69,0.00,SIN
2803:f800:51:361b:3a43:1bb3:3d89:3154,4,4,0.00,393.72,0.00,SIN
2a06:98c1:3107:0:70ad:e87b:270:7d2c,4,4,0.00,394.09,0.00,SIN
2a06:98c1:310d:a8:11:281a:eb3a:a33b,4,4,0.00,394.96,0.00,SIN
2a06:98c1:310c:90c1:e221:8733:6652:787e,4,4,0.00,395.18,0.00,SIN
2a06:98c1:310d:923:3ea5:5b03:9720:2f47,4,4,0.00,395.18,0.00,SIN
2a06:98c1:3102:0:d7e7:d1a0:d864:45c2,4,4,0.00,395.57,0.00,SIN
2a06:98c1:310b:ee:80c5:8c36:c02e:98af,4,4,0.00,395.76,0.00,SIN
2a06:98c1:3105:922e:594f:f1ea:ede6:9f9d,4,4,0.00,395.91,0.00,SIN
2a06:98c1:50:0:8b:56ae:a94d:4166,4,4,0.00,396.10,0.00,SIN
2a06:98c1:310e:7cd0:f0b3:7a6f:d71f:943b,4,4,0.00,396.12,0.00,SIN
2a06:98c1:3105:92dd:4b8:aabf:cb95:490f,4,4,0.00,396.13,0.00,SIN
2a06:98c1:310a:0:37cd:e598:b294:5b6c,4,4,0.00,396.14,0.00,SIN
2a06:98c1:3100:0:cbe5:b683:37cd:36a2,4,4,0.00,396.26,0.00,SIN
2a06:98c1:3108:b085:ce7f:4b49:1294:c85e,4,4,0.00,396.53,0.00,SIN
2a06:98c1:3100:0:5418:dd03:13e1:8842,4,4,0.00,396.53,0.00,SIN
2a06:98c1:50:0:8b:5672:759a:d253,4,4,0.00,396.53,0.00,SIN
2a06:98c1:3109:0:c23:2b5f:97df:f9c8,4,4,0.00,396.66,0.00,SIN
2a06:98c1:3107:e291:8270:e739:73e8:8d45,4,4,0.00,397.18,0.00,SIN
2a06:98c1:3109:0:10:a64b:985a:8fd0,4,4,0.00,397.27,0.00,SIN
2a06:98c1:310e:7c29:90cb:1b62:fe20:2672,4,4,0.00,397.48,0.00,SIN
2a06:98c1:3102:0:d7e7:d1e3:d82c:6755,4,4,0.00,397.53,0.00,SIN
2803:f800:51:36af:a3a:9cb1:589f:2ca9,4,4,0.00,397.69,0.00,SIN
2a06:98c1:310d:7acf:9e98:801d:38f0:336a,4,4,0.00,397.78,0.00,SIN
2a06:98c1:3102:e6:22db:5668:62a1:6fbc,4,4,0.00,397.83,0.00,SIN
2a06:98c1:3106:48:aeec:a:f09:c06b,4,4,0.00,398.07,0.00,SIN
2803:f800:51:c4:820d:dc1e:984f:863e,4,4,0.00,398.07,0.00,SIN
2a06:98c1:3106:48:d74:8048:da00:b516,4,4,0.00,398.13,0.00,SIN
2a06:98c1:3105:6e:2f7c:5e4c:736b:a466,4,4,0.00,398.25,0.00,SIN
2a06:98c1:310a:7e:6dca:23d7:ff62:1db4,4,4,0.00,398.50,0.00,SIN
2803:f800:51:367e:533a:5ad8:6303:3bea,4,4,0.00,398.57,0.00,SIN
2803:f800:51:5943:901e:9242:1326:4041,4,4,0.00,399.11,0.00,SIN
2a06:98c1:3103:fc:574a:51b7:4:578a,4,4,0.00,399.38,0.00,SIN
2803:f800:51:5943:901e:921f:21d1:41b9,4,4,0.00,399.56,0.00,SIN
2a06:98c1:3100:245c:8b70:76c7:346b:ac89,4,4,0.00,399.69,0.00,SIN
2803:f800:51:367e:533a:5ad8:3b2:381f,4,4,0.00,399.76,0.00,SIN
2a06:98c1:3107:e29a:522e:c28c:2c3a:65ee,4,4,0.00,399.87,0.00,SIN
2a06:98c1:310b:ffe6:5bf2:69d8:1820:2e6f,4,4,0.00,399.89,0.00,SIN
2803:f800:51:59ed:e0a2:cbcd:d56e:5025,4,4,0.00,400.02,0.00,SIN
2a06:98c1:3106:c2c8:50a8:283e:c37e:7442,4,4,0.00,400.10,0.00,SIN
2a06:98c1:310e:7:f00:7175:577b:1818,4,4,0.00,400.30,0.00,SIN
2a06:98c1:51:7c:a3a3:5fb7:ddb2:2f94,4,4,0.00,400.36,0.00,SIN
2a06:98c1:3108:cb:8d85:7b4f:2ab6:4da4,4,4,0.00,400.58,0.00,SIN
2a06:98c1:51:e1:e84b:2148:5ee3:385b,4,4,0.00,400.60,0.00,SIN
2a06:98c1:310b:ffe6:5b79:2ee7:83b7:88ca,4,4,0.00,400.76,0.00,SIN
2a06:98c1:50:0:cbd9:0:2f3f:e99e,4,4,0.00,400.79,0.00,SIN
2a06:98c1:3103:0:97:6e17:f668:dc54,4,4,0.00,401.11,0.00,SIN
2a06:98c1:3100:0:5418:6af7:8c3c:49e2,4,4,0.00,401.48,0.00,SIN
2a06:98c1:3107:e29a:522e:fa69:4075:4d05,4,4,0.00,401.55,0.00,SIN
2a06:98c1:3105:0:a3:a2:44fc:49a9,4,4,0.00,401.64,0.00,SIN
2803:f800:51:5943:901e:9212:8c89:241a,4,4,0.00,401.70,0.00,SIN
2a06:98c1:310e:7cd0:f0b3:2c72:f3ef:e36c,4,4,0.00,402.24,0.00,SIN
2a06:98c1:310c:9063:68cf:ca0e:51d2:eae3,4,4,0.00,402.74,0.00,SIN
2a06:98c1:310e:7c29:90cb:1b62:feb8:6a39,4,4,0.00,402.86,0.00,SIN
2803:f800:51:367e:4d23:9ce3:82dd:ef9b,4,4,0.00,403.05,0.00,SIN
2a06:98c1:3105:0:9d16:e226:3783:d9d9,4,4,0.00,403.16,0.00,SIN
2a06:98c1:310a:7e:6dca:23d7:cba0:5c42,4,4,0.00,403.82,0.00,SIN
2a06:98c1:3100:245c:8bee:2f40:5597:a5e2,4,4,0.00,404.24,0.00,SIN
2a06:98c1:310b:ffe6:5bf2:697f:3096:d155,4,4,0.00,404.31,0.00,SIN
2a06:98c1:3107:e29a:ec56:f03d:2c3a:59b3,4,4,0.00,404.78,0.00,SIN
2a06:98c1:3103:0:dce9:622d:e4cd:5f05,4,4,0.00,405.00,0.00,SIN
2a06:98c1:3105:922e:594f:f148:56d5:d810,4,4,0.00,405.58,0.00,SIN
2a06:98c1:3108:cb:8d85:7d27:973c:9648,4,4,0.00,405.59,0.00,SIN
2a06:98c1:3102:a11b:dd25:d280:e66d:e8d8,4,4,0.00,405.76,0.00,SIN
2a06:98c1:3104:ac2b:a1ab:ff57:1af1:e83,4,4,0.00,405.82,0.00,SIN
2a06:98c1:3100:0:cb13:af01:8347:4461,4,4,0.00,406.21,0.00,SIN
2a06:98c1:3104:acf0:bb92:38d:d411:597b,4,4,0.00,406.26,0.00,SIN
2a06:98c1:3104:ac2b:a1ab:442:2eae:d792,4,4,0.00,406.34,0.00,SIN
2a06:98c1:3103:0:97:6e5a:703e:67a3,4,4,0.00,406.37,0.00,SIN
2a06:98c1:310b:0:f0:9953:780c:8c3f,4,4,0.00,406.41,0.00,SIN
2a06:98c1:3109:30:ee54:c9d4:39aa:8ca8,4,4,0.00,406.79,0.00,SIN
2a06:98c1:310e:7cd0:f0b3:7a6f:d7a1:40ae,4,4,0.00,407.16,0.00,SIN
2a06:98c1:3109:30:ee54:c9d4:3918:4a60,4,4,0.00,407.18,0.00,SIN
2a06:98c1:310a:1f5e:2ed4:878d:2e82:2bd1,4,4,0.00,407.43,0.00,SIN
2a06:98c1:310d:9eb:e7c8:46ba:f0ba:1e93,4,4,0.00,407.49,0.00,SIN
2a06:98c1:3103::92:2eb8:33f7,4,4,0.00,408.09,0.00,SIN
2a06:98c1:3100:0:547d:6972:f481:2e5d,4,4,0.00,408.16,0.00,SIN
2a06:98c1:3101:b508:81fc:98fe:5aa1:1218,4,4,0.00,408.35,0.00,SIN
2803:f800:51:59ed:e0b4:d503:3975:af91,4,4,0.00,408.40,0.00,SIN
2a06:98c1:310f:0:2a:8aca:914d:5d61,4,4,0.00,408.41,0.00,SIN
2a06:98c1:310e:7cd0:862f:e059:94be:9dd5,4,4,0.00,408.52,0.00,SIN
2a06:98c1:3100:0:5418:95f0:6d18:6d9,4,4,0.00,408.55,0.00,SIN
2a06:98c1:3104:de:8612:98aa:b7fc:3d21,4,4,0.00,408.77,0.00,SIN
2a06:98c1:3100:594:1151:88bf:771:f4ea,4,4,0.00,409.45,0.00,SIN
2a06:98c1:310c:9063:68f6:8b42:452d:8e8b,4,4,0.00,409.56,0.00,SIN
2a06:98c1:310f:1c:21f1:bee5:35ae:2de,4,4,0.00,409.76,0.00,SIN
2a06:98c1:310e:7cd0:3855:7625:f076:4e43,4,4,0.00,409.81,0.00,SIN
2a06:98c1:3109:bf:97b8:399e:59d2:c750,4,4,0.00,409.99,0.00,SIN
2a06:98c1:310c:9063:68f6:8b09:423f:805b,4,4,0.00,410.03,0.00,SIN
2a06:98c1:3100:0:5418:6af7:5f43:7757,4,4,0.00,410.09,0.00,SIN
2a06:98c1:3103::4fef:560e:8a9a,4,4,0.00,410.63,0.00,SIN
2a06:98c1:3100:0:5418:9e57:4707:4b32,4,4,0.00,410.75,0.00,SIN
2a06:98c1:3105:4:8d3:4f84:2722:2f57,4,4,0.00,411.62,0.00,SIN
2a06:98c1:3101:0:b399:c466:4492:f9e3,4,4,0.00,411.66,0.00,SIN
2a06:98c1:3109:30:ae9e:70c8:e08b:3e67,4,4,0.00,411.86,0.00,SIN
2a06:98c1:310c:9063:68cf:ca0e:95a2:db41,4,4,0.00,411.96,0.00,SIN
2a06:98c1:310b:8009:1114:d6d4:4533:e783,4,4,0.00,412.24,0.00,SIN
2a06:98c1:3101:0:b399:c45d:e956:a638,4,4,0.00,412.77,0.00,SIN
2a06:98c1:3105:6:496b:976:8fec:8a50,4,4,0.00,412.93,0.00,SIN
2a06:98c1:3105:922e:594f:23b9:ea1c:8dc0,4,4,0.00,412.99,0.00,SIN
2a06:98c1:3105:92dd:39b4:fc10:7252:aa41,4,4,0.00,413.15,0.00,SIN
2a06:98c1:310f:58bd:ab09:8550:b9f1:1762,4,4,0.00,413.16,0.00,SIN
2a06:98c1:3105:92dd:479:a41:4a73:518f,4,4,0.00,413.58,0.00,SIN
2803:f800:51:59ed:e0b4:a3f0:bba4:1616,4,4,0.00,413.82,0.00,SIN
2a06:98c1:3107:e291:8270:e73d:b5bc:ee72,4,4,0.00,413.88,0.00,SIN
2a06:98c1:3103:fc:94c9:c03e:f9dd:4e0f,4,4,0.00,414.28,0.00,SIN
2a06:98c1:3102:e6:22db:5668:1796:a4f8,4,4,0.00,414.47,0.00,SIN
2a06:98c1:3102:a11b:30ae:b71b:c84a:6c2e,4,4,0.00,414.55,0.00,SIN
2a06:98c1:310b:ee:80c5:eca9:e22f:fe9,4,4,0.00,414.66,0.00,SIN
2a06:98c1:3105:6:490b:d69e:876a:bde8,4,4,0.00,414.85,0.00,SIN
2a06:98c1:3102:a178:b4af:7dd:df9d:f63f,4,4,0.00,414.89,0.00,SIN
2a06:98c1:310d:7acf:9e98:19f8:b823:81c5,4,4,0.00,414.93,0.00,SIN
2a06:98c1:310b:ee:80c5:eca9:2374:4407,4,4,0.00,415.12,0.00,SIN
2a06:98c1:3105:0:9d16:e2e3:cbe:e501,4,4,0.00,415.16,0.00,SIN
2a06:98c1:310d:7acf:9e98:19f8:b897:bec1,4,4,0.00,415.40,0.00,SIN
2a06:98c1:310f:0:ab:2955:5fc7:22ee,4,4,0.00,415.52,0.00,SIN
2a06:98c1:310d:7acf:9e98:806f:a357:9398,4,4,0.00,415.63,0.00,SIN
2a06:98c1:3109:30:ee54:c9d4:e548:52df,4,4,0.00,415.97,0.00,SIN
2a06:98c1:310f:e0:a90:c52d:bf1f:76fe,4,4,0.00,416.14,0.00,SIN
2a06:98c1:50:0:cbd9:e847:95e8:90e6,4,4,0.00,416.20,0.00,SIN
2803:f800:51:59ed:389a:472e:88fa:c00e,4,4,0.00,416.60,0.00,SIN
2a06:98c1:3102:a11b:dd25:eca2:55b0:4f32,4,4,0.00,416.76,0.00,SIN
2a06:98c1:3107:d8:5ff8:5761:ca62:5d22,4,4,0.00,416.77,0.00,SIN
2a06:98c1:3102:a11b:bf79:f75c:873b:5c54,4,4,0.00,417.09,0.00,SIN
2a06:98c1:3101:0:8a01:84f0:91e:a6db,4,4,0.00,417.10,0.00,SIN
2a06:98c1:310c:90c1:e28b:c672:1ed6:8230,4,4,0.00,417.29,0.00,SIN
2a06:98c1:51:d161:12b0:4454:322f:4934,4,4,0.00,417.36,0.00,SIN
2a06:98c1:310a:1f5e:2ed4:64c8:9635:9e17,4,4,0.00,417.37,0.00,SIN
2a06:98c1:3104:de:8639:b38d:e8a0:556a,4,4,0.00,417.40,0.00,SIN
2a06:98c1:310d:7acf:1ef4:d455:147a:d8e,4,4,0.00,417.40,0.00,SIN
2a06:98c1:310d:7acf:1ef4:d435:6ac2:f416,4,4,0.00,417.40,0.00,SIN
2803:f800:51:367e:4d23:9cb4:1043:3a93,4,4,0.00,417.40,0.00,SIN
2a06:98c1:310c:90c1:e23d:ac0e:93d0:bf0b,4,4,0.00,417.54,0.00,SIN
2a06:98c1:3105:92dd:a803:56c9:8bd5:bb9a,4,4,0.00,417.68,0.00,SIN
2a06:98c1:310b:ffe6:5bab:60a2:dfc7:fa46,4,4,0.00,417.88,0.00,SIN
2a06:98c1:3109:63:9942:437:bf56:964,4,4,0.00,418.07,0.00,SIN
2a06:98c1:310f:58bd:ab09:8550:74d:4394,4,4,0.00,418.12,0.00,SIN
2a06:98c1:310f::b2:4a6f,4,4,0.00,418.15,0.00,SIN
2a06:98c1:3100:0:cb13:af01:8370:ae78,4,4,0.00,418.29,0.00,SIN
2a06:98c1:3103:0:dce9:62ab:4ba8:7af3,4,4,0.00,418.58,0.00,SIN
2a06:98c1:3102:e6:2218:7a6c:c9c2:20b0,4,4,0.00,418.77,0.00,SIN
2a06:98c1:310c:9063:68cf:2874:a58f:11a4,4,4,0.00,418.82,0.00,SIN
2a06:98c1:3104:ac2b:a1aa:7882:1d19:c6cd,4,4,0.00,418.88,0.00,SIN
2a06:98c1:3100:245c:b01:e31b:b6ca:5c0a,4,4,0.00,419.68,0.00,SIN
2a06:98c1:50:0:cbd9:a:a325:d319,4,4,0.00,419.97,0.00,SIN
2a06:98c1:3105:0:79:9409:5aa3:6b1,4,4,0.00,420.05,0.00,SIN
2a06:98c1:310e:7cd0:3855:2ec8:2b37:556d,4,4,0.00,420.23,0.00,SIN
2a06:98c1:3105:6:4981:3ba4:aea3:44,4,4,0.00,420.28,0.00,SIN
2a06:98c1:3105:0:79:94cf:51b0:e6f,4,4,0.00,420.52,0.00,SIN
2a06:98c1:3100:245c:b01:215d:36cd:5a2f,4,4,0.00,420.70,0.00,SIN
2a06:98c1:310d:0:c8bc:f61d:af96:8a8d,4,4,0.00,420.74,0.00,SIN
2a06:98c1:310c:904c:df5a:a7cf:4d61:de09,4,4,0.00,421.10,0.00,SIN
2a06:98c1:310b:ee:80c5:eca9:9166:c161,4,4,0.00,421.38,0.00,SIN
2a06:98c1:3108:f1:e6e4:3d5:7731:86e5,4,4,0.00,421.39,0.00,SIN
2a06:98c1:3101:0:8a01:8406:9d50:6484,4,4,0.00,421.82,0.00,SIN
2a06:98c1:3109:bf:97d0:1bff:ef28:468e,4,4,0.00,421.84,0.00,SIN
2803:f800:51:c4:de54:f6b:effe:ed5b,4,4,0.00,421.91,0.00,SIN
2a06:98c1:3107:9d:b8dc:3db1:35c8:996a,4,4,0.00,421.92,0.00,SIN
2a06:98c1:310b:ffe6:5bab:8eb3:b4a7:f9d3,4,4,0.00,421.96,0.00,SIN
2a06:98c1:50:3d:5a6f:8cf4:9ddb:b85e,4,4,0.00,422.15,0.00,SIN
2a06:98c1:310b:ffe6:34fd:1a82:ea76:1ab,4,4,0.00,422.20,0.00,SIN
2a06:98c1:3109:0:74a8:2add:1f08:a23b,4,4,0.00,422.41,0.00,SIN
2a06:98c1:310d:99f:e698:cc0f:9129:8282,4,4,0.00,422.47,0.00,SIN
2a06:98c1:3105::cf10:a3c6:b549,4,4,0.00,422.55,0.00,SIN
2a06:98c1:3105::cf10:a33b:44cb,4,4,0.00,422.84,0.00,SIN
2a06:98c1:3108:b085:ce48:815a:47d2:1c77,4,4,0.00,422.89,0.00,SIN
2a06:98c1:3105:0:9dd5:11c:8675:1811,4,4,0.00,422.89,0.00,SIN
2a06:98c1:3109:0:74a8:2ad4:c434:275b,4,4,0.00,422.96,0.00,SIN
2a06:98c1:3109:30:ae14:c2bb:9a17:80f2,4,4,0.00,423.09,0.00,SIN
2a06:98c1:310b:ee:80c5:8c36:c053:e0e9,4,4,0.00,423.25,0.00,SIN
2a06:98c1:310b:0:b7d7:363a:51e9:75b3,4,4,0.00,423.45,0.00,SIN
2a06:98c1:3105:6:4981:47b6:2e9:a86,4,4,0.00,423.76,0.00,SIN
2a06:98c1:3106:a6:9d0f:6746:5bd4:203,4,4,0.00,424.16,0.00,SIN
2a06:98c1:3109:5c62:7914:1974:badf:a0a0,4,4,0.00,424.18,0.00,SIN
2803:f800:51:c4:de54:f203:6975:3645,4,4,0.00,424.42,0.00,SIN
2a06:98c1:3107:e29a:ec56:1a9e:891:a930,4,4,0.00,424.44,0.00,SIN
2a06:98c1:310f:1c:d89b:f72f:710a:627f,4,4,0.00,424.46,0.00,SIN
2a06:98c1:3107:9d:b8c4:8bcf:8e74:d8f5,4,4,0.00,424.52,0.00,SIN
2a06:98c1:310b:ffe6:3435:8484:f757:8ac,4,4,0.00,425.04,0.00,SIN
2a06:98c1:3105:b3:6722:fec3:52d9:a4b0,4,4,0.00,425.69,0.00,SIN
2a06:98c1:3109:30:ae14:e847:c859:c333,4,4,0.00,425.93,0.00,SIN
2803:f800:50:57d1:f51a:6554:cd96:e8c6,4,4,0.00,425.99,0.00,SIN
2a06:98c1:51:517a:67f5:6727:bd61:3449,4,4,0.00,426.05,0.00,SIN
2a06:98c1:3105::f2:b4ad:ed50,4,4,0.00,426.25,0.00,SIN
2a06:98c1:310d::784e:25a6,4,4,0.00,426.66,0.00,SIN
2a06:98c1:3105:b3:784b:63ba:9858:a0dc,4,4,0.00,426.76,0.00,SIN
2803:f800:51::71:aede,4,4,0.00,426.97,0.00,SIN
2a06:98c1:3102:e6:2218:7a6c:29:1597,4,4,0.00,426.98,0.00,SIN
2a06:98c1:3104:ac88:c3a4:4c7d:cec0:a0e0,4,4,0.00,427.09,0.00,SIN
2a06:98c1:310d:923:3ea5:5b32:8765:ce8,4,4,0.00,427.16,0.00,SIN
2a06:98c1:3107:e29a:522e:fa99:cc9f:4773,4,4,0.00,427.43,0.00,SIN
2a06:98c1:3105:92dd:4d2:9c93:3af0:d51b,4,4,0.00,427.44,0.00,SIN
2a06:98c1:3104:ac88:c3a4:4c7d:545e:2b1f,4,4,0.00,427.50,0.00,SIN
2a06:98c1:3104:ac2b:a1ab:4bd:1f17:f0c4,4,4,0.00,427.56,0.00,SIN
2a06:98c1:3105:92dd:479:a41:bdfe:9d35,4,4,0.00,427.98,0.00,SIN
2a06:98c1:3103:0:97:6e5a:d172:ad16,4,4,0.00,428.14,0.00,SIN
2a06:98c1:51:d11b:b909:5a5e:40b3:a425,4,4,0.00,428.15,0.00,SIN
2a06:98c1:50:3d:5a6f:8c34:6d7f:b8ca,4,4,0.00,428.23,0.00,SIN
2a06:98c1:3108:cb:8d85:f093:63c9:7ea6,4,4,0.00,428.58,0.00,SIN
2a06:98c1:3105:92dd:39b4:fcd4:9f29:2603,4,4,0.00,428.91,0.00,SIN
2a06:98c1:3100:245c:b01:e3b6:9b9:4a19,4,4,0.00,428.99,0.00,SIN
2a06:98c1:3109:bf:973b:928a:882e:5860,4,4,0.00,429.30,0.00,SIN
2a06:98c1:3102:a11b:dd25:d2d1:5d85:3fe4,4,4,0.00,429.33,0.00,SIN
2a06:98c1:3105:4:82e:667e:cac0:483a,4,4,0.00,429.47,0.00,SIN
2803:f800:51:c4:de54:f6b:925a:820b,4,4,0.00,429.48,0.00,SIN
2a06:98c1:310b:0:b7d7:368b:ec33:a053,4,4,0.00,429.51,0.00,SIN
2a06:98c1:3102:e6:2218:7a37:d4c:2c29,4,4,0.00,429.66,0.00,SIN
2a06:98c1:3104:ac88:c3a4:4c2d:62b2:232a,4,4,0.00,429.70,0.00,SIN
2a06:98c1:3105:92dd:a8a2:ad61:387:df5b,4,4,0.00,429.78,0.00,SIN
2a06:98c1:3102:a11b:bf79:26bf:d445:e057,4,4,0.00,429.78,0.00,SIN
2a06:98c1:3108:f1:e612:21ce:809e:7a89,4,4,0.00,430.13,0.00,SIN
2a06:98c1:310c:9063:6847:6cec:bf57:dc3a,4,4,0.00,430.27,0.00,SIN
2a06:98c1:3106:c2c8:cde:6d96:79da:7d59,4,4,0.00,430.31,0.00,SIN
2a06:98c1:50:b10f:279c:c7da:7b13:d47a,4,4,0.00,430.45,0.00,SIN
2803:f800:51:367e:533a:a643:3eae:374b,4,4,0.00,430.61,0.00,SIN
2a06:98c1:310b:ffe6:3435:8453:66f9:232,4,4,0.00,431.02,0.00,SIN
2a06:98c1:3105:0:9dd5:1bb:c119:a596,4,4,0.00,431.17,0.00,SIN
2a06:98c1:3108:0:f7:1cd4:8fd7:5bb4,4,4,0.00,431.21,0.00,SIN
2a06:98c1:3102:a11b:30ae:f7d6:2bf0:ae62,4,4,0.00,431.29,0.00,SIN
2a06:98c1:3103:0:dce9:62b1:477d:b988,4,4,0.00,431.30,0.00,SIN
2803:f800:51::6360,4,4,0.00,431.36,0.00,SIN
2a06:98c1:310b:80ff:9f38:f1e2:1545:df09,4,4,0.00,431.57,0.00,SIN
2a06:98c1:3105:7f:10f9:3a4:3e2a:d6b3,4,4,0.00,431.66,0.00,SIN
2a06:98c1:3108:f1:e655:118d:c942:436e,4,4,0.00,431.77,0.00,SIN
2a06:98c1:310b:ffe6:5bab:8eb3:b4b3:2758,4,4,0.00,431.83,0.00,SIN
2a06:98c1:3105:0:b2:8b9e:9311:4ca5,4,4,0.00,431.84,0.00,SIN
2803:f800:51:5943:82ff:5c80:285f:79b9,4,4,0.00,431.92,0.00,SIN
2a06:98c1:3104:ac4b:65b0:dd57:fffb:1f5e,4,4,0.00,432.08,0.00,SIN
2a06:98c1:3107:e29a:ec56:1a8b:b557:489c,4,4,0.00,432.22,0.00,SIN
2a06:98c1:3103:0:97:6e5a:689d:1669,4,4,0.00,432.64,0.00,SIN
2a06:98c1:3101:b8:600e:3073:212d:cfeb,4,4,0.00,432.93,0.00,SIN
2803:f800:51:367e:4d23:9c0c:6904:16a5,4,4,0.00,432.95,0.00,SIN
2a06:98c1:3104:ac88:c3a4:4c7d:ce9c:e6f,4,4,0.00,433.01,0.00,SIN
2a06:98c1:310b:0:f0:9953:9a0e:d9a1,4,4,0.00,433.20,0.00,SIN
2a06:98c1:3104:ac4b:e552:a08:5a71:2162,4,4,0.00,433.23,0.00,SIN
2803:f800:50:5768:3eab:32f2:8bc0:75cc,4,4,0.00,433.25,0.00,SIN
2a06:98c1:310d:7acf:9e98:8063:a9b8:cee0,4,4,0.00,433.30,0.00,SIN
2a06:98c1:3109:0:c23:359d:c4fb:7c10,4,4,0.00,433.69,0.00,SIN
2a06:98c1:310b:0:f0:9953:7849:b3a4,4,4,0.00,433.70,0.00,SIN
2803:f800:51:367e:f6d9:63b4:acbc:eb16,4,4,0.00,433.70,0.00,SIN
2a06:98c1:3108:f1:e655:118d:7764:1c23,4,4,0.00,433.87,0.00,SIN
2a06:98c1:3108:f1:e6e4:dc72:18be:ef24,4,4,0.00,433.89,0.00,SIN
2a06:98c1:310c:90c1:80f4:fd65:2c30:de70,4,4,0.00,433.92,0.00,SIN
2a06:98c1:3109:0:c23:359d:2c9f:f17b,4,4,0.00,434.04,0.00,SIN
2a06:98c1:310b:8009:1121:c830:6e76:f83a,4,4,0.00,434.22,0.00,SIN
2a06:98c1:3102:e6:c2fc:9bea:ab45:aa93,4,4,0.00,434.25,0.00,SIN
2803:f800:50:5768:3eab:ce85:f246:4f3b,4,4,0.00,434.33,0.00,SIN
2a06:98c1:310d::49:7b92:eb06,4,4,0.00,435.07,0.00,SIN
2a06:98c1:51:7c:a3a3:50:6e5e:82f2,4,4,0.00,435.10,0.00,SIN
2a06:98c1:310c:9063:6847:6cec:513c:f70c,4,4,0.00,435.27,0.00,SIN
2a06:98c1:3108:f1:e655:118d:9395:54e,4,4,0.00,435.51,0.00,SIN
2a06:98c1:3100:594:11bf:140c:e910:85e8,4,4,0.00,435.99,0.00,SIN
2a06:98c1:310c:0:a4a7:c92f:f3bb:cf06,4,4,0.00,436.02,0.00,SIN
2a06:98c1:50:b10f:c428:8c23:c602:6d18,4,4,0.00,436.09,0.00,SIN
2a06:98c1:50:b10f:279c:c763:5aa8:3499,4,4,0.00,436.39,0.00,SIN
2a06:98c1:310a:1f5e:aee5:3e30:77cf:f75,4,4,0.00,436.42,0.00,SIN
2a06:98c1:310b:0:f0:9953:9a75:19ee,4,4,0.00,436.52,0.00,SIN
2a06:98c1:3105:922e:594f:237f:9b41:f364,4,4,0.00,436.64,0.00,SIN
2a06:98c1:50:b10f:c428:8c23:c689:251e,4,4,0.00,436.71,0.00,SIN
2a06:98c1:3103:0:97:6e5a:6863:3217,4,4,0.00,436.71,0.00,SIN
2a06:98c1:310c:9063:b271:55bf:e2f0:968a,4,4,0.00,436.89,0.00,SIN
2a06:98c1:51:7c:a3a3:8:ce85:88d2,4,4,0.00,436.90,0.00,SIN
2a06:98c1:3108:cb:8d85:7d54:3ffc:862e,4,4,0.00,436.99,0.00,SIN
2a06:98c1:310d:0:c8bc:f609:6eb0:d743,4,4,0.00,437.07,0.00,SIN
2a06:98c1:3102:a11b:dd25:d22e:9535:67a2,4,4,0.00,437.17,0.00,SIN
2a06:98c1:3105:922e:594f:237f:9b5e:4dd9,4,4,0.00,437.22,0.00,SIN
2a06:98c1:3105:92dd:479:a93:d1e4:2288,4,4,0.00,437.43,0.00,SIN
2a06:98c1:310f:e0:a72:e15f:d96e:eca2,4,4,0.00,437.88,0.00,SIN
2a06:98c1:3107:0:8464:3b02:b3bd:efe6,4,4,0.00,438.07,0.00,SIN
2803:f800:50:5768:3eab:cee8:1e6f:1b80,4,4,0.00,438.26,0.00,SIN
2a06:98c1:3101:3c:c9d8:4aa7:387d:e182,4,4,0.00,438.28,0.00,SIN
2a06:98c1:3103:0:97:1676:7734:ca08,4,4,0.00,438.48,0.00,SIN
2a06:98c1:3101:b508:81fc:65ff:e960:2fb3,4,4,0.00,438.78,0.00,SIN
2a06:98c1:310b::c0a6:b788:fa95,4,4,0.00,438.83,0.00,SIN
2803:f800:50:5768:3eab:cee8:1ecd:7fb7,4,4,0.00,439.00,0.00,SIN
2a06:98c1:3102:e6:c2fc:774e:63d2:4d11,4,4,0.00,439.23,0.00,SIN
2a06:98c1:310d:7acf:9e63:cdfe:3518:77fa,4,4,0.00,439.42,0.00,SIN
2a06:98c1:3103:0:dce9:62b1:4736:73a6,4,4,0.00,439.63,0.00,SIN
2a06:98c1:310e:7c29:9001:4e5f:87a:b59d,4,4,0.00,439.71,0.00,SIN
2a06:98c1:3103:cfb8:7a9a:6be3:b330:3983,4,4,0.00,439.90,0.00,SIN
2803:f800:51:36af:a3a:3f94:9662:8b3a,4,4,0.00,440.02,0.00,SIN
2a06:98c1:3104:de:8612:e0a8:4aa8:83b0,4,4,0.00,440.15,0.00,SIN
2a06:98c1:3103:0:97:a62f:decd:c733,4,4,0.00,440.16,0.00,SIN
2a06:98c1:3109:5c62:79c1:1952:37b:c125,4,4,0.00,440.26,0.00,SIN
2a06:98c1:3108:8d:dbfc:4aaf:73da:27b7,4,4,0.00,440.33,0.00,SIN
2a06:98c1:3107:e291:8270:a0a3:5e37:9a7b,4,4,0.00,440.62,0.00,SIN
2a06:98c1:3105:6:4981:ca6f:25d4:10b7,4,4,0.00,440.66,0.00,SIN
2a06:98c1:50:b10f:279c:c076:d068:11de,4,4,0.00,440.95,0.00,SIN
2a06:98c1:3109:30:4724:e7e2:4dea:3267,4,4,0.00,441.00,0.00,SIN
2a06:98c1:310e:7cd0:f0fb:bfca:e6c4:9c74,4,4,0.00,441.21,0.00,SIN
2a06:98c1:3108:0:fceb:ab44:e9e9:3806,4,4,0.00,441.22,0.00,SIN
2a06:98c1:3104:ac2b:a1aa:7882:fec9:9af0,4,4,0.00,441.38,0.00,SIN
2803:f800:51:5943:75b4:f5e9:de56:3464,4,4,0.00,441.84,0.00,SIN
2a06:98c1:310f:e0:bf1a:61ec:a6ab:b305,4,4,0.00,442.03,0.00,SIN
2a06:98c1:3108:f1:314b:27fb:e34e:e992,4,4,0.00,442.17,0.00,SIN
2a06:98c1:3109:0:9be8:82af:60ce:73dd,4,4,0.00,442.45,0.00,SIN
2803:f800:51:59ed:e0b4:d5f8:2d6f:9183,4,4,0.00,442.49,0.00,SIN
2a06:98c1:310b:ffe6:5bf2:69d8:18dd:cb8,4,4,0.00,442.58,0.00,SIN
2a06:98c1:310d:0:c8bc:f609:6e8a:f503,4,4,0.00,442.79,0.00,SIN
2a06:98c1:3102:69:1cf3:ccbd:f0e9:d4c,4,4,0.00,442.80,0.00,SIN
2a06:98c1:3100:0:cb13:af3a:413b:ddcd,4,4,0.00,442.91,0.00,SIN
2a06:98c1:310a:1f5e:2e67:701d:dce3:2b3f,4,4,0.00,442.92,0.00,SIN
2803:f800:51:59ed:2fa0:f5e3:c937:b8af,4,4,0.00,442.95,0.00,SIN
2a06:98c1:310a:1f5e:aee5:fd53:b98c:6bb7,4,4,0.00,443.28,0.00,SIN
2803:f800:51:59ed:e0b4:a3f0:1970:597e,4,4,0.00,443.53,0.00,SIN
2a06:98c1:3109:5c62:79c1:1952:c7ef:3195,4,4,0.00,443.62,0.00,SIN
2a06:98c1:3101:b508:f93e:e715:ec0d:1b56,4,4,0.00,443.65,0.00,SIN
2a06:98c1:3105:92dd:a8a2:71fd:e0b3:c7a2,4,4,0.00,443.85,0.00,SIN
2a06:98c1:3102:a11b:bf79:26bf:d4a4:ca67,4,4,0.00,443.94,0.00,SIN
2a06:98c1:3100:9b:a4a0:5cf1:c9f7:aaed,4,4,0.00,444.23,0.00,SIN
2a06:98c1:310e:7c6e:fefe:a9e6:ec8e:43b0,4,4,0.00,444.28,0.00,SIN
2a06:98c1:3103:0:97:6e12:52b7:e52b,4,4,0.00,444.36,0.00,SIN
2a06:98c1:310d:5:a32c:a748:b71d:3811,4,4,0.00,444.48,0.00,SIN
2a06:98c1:3108:f1:e6e4:15ac:213b:f17a,4,4,0.00,444.68,0.00,SIN
2803:f800:51:0:ceac:f54:67d6:d716,4,4,0.00,444.73,0.00,SIN
2803:f800:51:59ed:389a:4753:f420:8525,4,4,0.00,444.85,0.00,SIN
2a06:98c1:3101:b508:f970:4a36:b47b:479b,4,4,0.00,444.99,0.00,SIN
2a06:98c1:3109:30:4724:e7e2:b699:b2cc,4,4,0.00,445.02,0.00,SIN
2a06:98c1:310b:80ff:9ff2:ef36:ca5d:d7f2,4,4,0.00,445.16,0.00,SIN
2a06:98c1:3100:594:1151:40b5:3eb7:3c4,4,4,0.00,445.70,0.00,SIN
2a06:98c1:3108:0:fceb:43fc:958c:bae7,4,4,0.00,445.84,0.00,SIN
2a06:98c1:3109:30:ee54:c918:3438:52f6,4,4,0.00,446.08,0.00,SIN
2a06:98c1:3105:92dd:a803:56bf:9169:b63b,4,4,0.00,446.48,0.00,SIN
2a06:98c1:3102:a11b:dd25:d291:943e:36d5,4,4,0.00,446.56,0.00,SIN
2a06:98c1:310d:0:c8bc:b830:d6ee:ea4d,4,4,0.00,446.73,0.00,SIN
2a06:98c1:3109:30:4724:e75d:1eac:d70d,4,4,0.00,446.73,0.00,SIN
2a06:98c1:3105:92dd:39b4:fcd4:173a:5149,4,4,0.00,447.00,0.00,SIN
2a06:98c1:3108:8d:db28:4f12:ec69:5595,4,4,0.00,447.00,0.00,SIN
2803:f800:50:57d1:2d9e:b524:331c:e0b0,4,4,0.00,447.05,0.00,SIN
2a06:98c1:3101:b508:81fc:65ff:27f:652c,4,4,0.00,447.05,0.00,SIN
2a06:98c1:310f:1c:21f1:bee5:ebea:2bb7,4,4,0.00,447.34,0.00,SIN
2a06:98c1:50:b10f:279c:c076:4db3:53fc,4,4,0.00,447.36,0.00,SIN
2a06:98c1:3102:e6:c2fc:774e:6367:feb6,4,4,0.00,447.42,0.00,SIN
2a06:98c1:50:b10f:279c:893e:6095:d3f0,4,4,0.00,447.47,0.00,SIN
2a06:98c1:3103:0:97:6e12:673b:c107,4,4,0.00,447.49,0.00,SIN
2a06:98c1:3101:b508:f93e:e7f7:1893:b970,4,4,0.00,447.51,0.00,SIN
2a06:98c1:3101:3c:c9b1:9b68:b3a2:f6b4,4,4,0.00,447.96,0.00,SIN
2a06:98c1:3100:245c:b6b:6ab3:4bb5:c907,4,4,0.00,448.18,0.00,SIN
2a06:98c1:3101:0:b399:9e3d:849e:323b,4,4,0.00,448.26,0.00,SIN
2803:f800:51:68:d053:5e40:b777:31c6,4,4,0.00,448.29,0.00,SIN
2a06:98c1:310c:9063:68f6:8e3a:4a2c:cd0b,4,4,0.00,448.89,0.00,SIN
2a06:98c1:310d:7acf:1ef4:d455:ebc9:374b,4,4,0.00,448.90,0.00,SIN
2a06:98c1:3106::9a0b:615e:850c,4,4,0.00,448.91,0.00,SIN
2a06:98c1:310d:0:12:22a1:82e1:3ddc,4,4,0.00,448.94,0.00,SIN
2a06:98c1:3105:922e:594f:2332:8d81:8cae,4,4,0.00,448.98,0.00,SIN
2a06:98c1:3103::4f47:144f:c9e,4,4,0.00,449.02,0.00,SIN
2a06:98c1:50:b1f9:b21f:41d0:4a39:2703,4,4,0.00,449.03,0.00,SIN
2a06:98c1:3108:f1:314b:d544:841:9d3a,4,4,0.00,449.39,0.00,SIN
2a06:98c1:3105:92dd:4d2:9cf4:a889:245a,4,4,0.00,449.40,0.00,SIN
2a06:98c1:3100:245c:b86:e9c:f28a:84bf,4,4,0.00,449.59,0.00,SIN
2803:f800:51:5943:75b4:399a:b49b:4972,4,4,0.00,449.60,0.00,SIN
2a06:98c1:3102:a11b:bf80:81cb:17f2:dc71,4,4,0.00,449.69,0.00,SIN
2803:f800:51:5961:dff6:7f98:a2ba:726c,4,4,0.00,449.83,0.00,SIN
2a06:98c1:3105:92dd:a8a2:71fd:7932:c22f,4,4,0.00,449.88,0.00,SIN
2a06:98c1:3101:b508:81fc:65ff:260:438f,4,4,0.00,449.93,0.00,SIN
2a06:98c1:3108:0:fceb:439a:a3d2:1e8d,4,4,0.00,449.96,0.00,SIN
2a06:98c1:3106:0:ea:dc94:81ff:955f,4,4,0.00,450.16,0.00,SIN
2a06:98c1:3108:b085:ce48:49d1:4d48:9fea,4,4,0.00,450.32,0.00,SIN
2803:f800:50:85:59f2:3a90:8d61:1632,4,4,0.00,450.42,0.00,SIN
2a06:98c1:3100:245c:b86:b3b7:6d24:d911,4,4,0.00,450.49,0.00,SIN
2803:f800:51:5943:77b0:c532:c670:cf2b,4,4,0.00,450.51,0.00,SIN
2a06:98c1:3104:acf0:bb92:7c83:65be:3939,4,4,0.00,450.65,0.00,SIN
2a06:98c1:3105:92dd:4d2:9c93:3aa5:af04,4,4,0.00,450.77,0.00,SIN
2a06:98c1:3101:b508:81fc:a1fb:18f1:656c,4,4,0.00,451.02,0.00,SIN
2a06:98c1:3106:48:aeec:8d2a:8578:e9e9,4,4,0.00,451.16,0.00,SIN
2a06:98c1:3108:0:fceb:ab44:403a:2a45,4,4,0.00,451.34,0.00,SIN
2803:f800:51:5943:75b4:7deb:ce14:e363,4,4,0.00,451.44,0.00,SIN
2a06:98c1:3104:ac4b:e5b7:7984:c776:22cb,4,4,0.00,451.94,0.00,SIN
2a06:98c1:3105:92dd:a8a2:7153:641:45b3,4,4,0.00,452.01,0.00,SIN
2a06:98c1:310b:ffe6:5bf2:69d8:d489:522e,4,4,0.00,452.02,0.00,SIN
2a06:98c1:3107:e29a:ec2c:33d3:4169:b988,4,4,0.00,452.18,0.00,SIN
2a06:98c1:3102:a11b:bf80:81cb:1739:2a3c,4,4,0.00,452.26,0.00,SIN
2a06:98c1:3108:f1:e6e4:dcff:f13e:48b3,4,4,0.00,452.28,0.00,SIN
2a06:98c1:310c:9063:6847:6cea:351b:fa63,4,4,0.00,452.30,0.00,SIN
2a06:98c1:3102:a11b:dd25:e6be:2e03:7397,4,4,0.00,452.34,0.00,SIN
2a06:98c1:3101:b508:81fc:a1fb:c2cf:51d1,4,4,0.00,452.37,0.00,SIN
2803:f800:50:5768:3eab:cee8:9688:cc43,4,4,0.00,452.44,0.00,SIN
2a06:98c1:3109:0:7475:7439:4586:ca0c,4,4,0.00,452.45,0.00,SIN
2a06:98c1:3105:92dd:479:bdc1:112c:f88a,4,4,0.00,452.59,0.00,SIN
2a06:98c1:3105:4:82e:63bd:14b6:901b,4,4,0.00,452.69,0.00,SIN
2803:f800:51:c4:de54:f2c5:9310:ea0c,4,4,0.00,452.72,0.00,SIN
2a06:98c1:3106:0:16af:2817:486:d035,4,4,0.00,452.75,0.00,SIN
2a06:98c1:3109:bf:973b:92a1:b24c:de88,4,4,0.00,452.76,0.00,SIN
2a06:98c1:3108:f1:e655:11f9:5d29:9035,4,4,0.00,452.81,0.00,SIN
2a06:98c1:3102:a11b:30ae:f7d6:c4f0:2712,4,4,0.00,452.81,0.00,SIN
2a06:98c1:50:b10f:c428:8cb2:bdd8:1203,4,4,0.00,452.93,0.00,SIN
2a06:98c1:3101:b8:60e2:3708:8aee:1e42,4,4,0.00,452.98,0.00,SIN
2a06:98c1:3100:0:cb48:15fc:4b10:92de,4,4,0.00,453.35,0.00,SIN
2a06:98c1:310d::3eee:6845:dbd3,4,4,0.00,453.44,0.00,SIN
2a06:98c1:3108:0:fceb:4360:8df4:90f0,4,4,0.00,453.50,0.00,SIN
2a06:98c1:3108:f1:e612:2105:9f13:e94d,4,4,0.00,453.61,0.00,SIN
2a06:98c1:3100:0:5418:6a0a:1a45:6c64,4,4,0.00,453.72,0.00,SIN
2a06:98c1:310d:5:a36d:554d:1a82:759f,4,4,0.00,453.93,0.00,SIN
2803:f800:51:5943:75b4:f593:e64e:7c28,4,4,0.00,454.14,0.00,SIN
2803:f800:51:59ed:e0b4:d503:398b:cf5d,4,4,0.00,454.39,0.00,SIN
2a06:98c1:3104:acf0:bb92:8633:a04c:c4b3,4,4,0.00,454.41,0.00,SIN
2a06:98c1:3105:92dd:4e4:96a1:93f1:1236,4,4,0.00,454.50,0.00,SIN
2a06:98c1:3101:b508:81fc:65ff:e983:929b,4,4,0.00,454.55,0.00,SIN
2a06:98c1:310e:7c3f:48ee:a571:fc48:c1a4,4,4,0.00,454.57,0.00,SIN
2a06:98c1:310b:ffaa:77cd:5934:6a43:798c,4,4,0.00,454.61,0.00,SIN
2a06:98c1:3101:b8:dd71:2dd:c2e2:eb9c,4,4,0.00,454.62,0.00,SIN
2803:f800:51:5943:75b4:3977:5e0:c2dc,4,4,0.00,454.75,0.00,SIN
2a06:98c1:3102:a11b:dd25:e6be:cacf:8d2e,4,4,0.00,454.84,0.00,SIN
2a06:98c1:3101:b8:601a:5286:7977:bcf2,4,4,0.00,454.96,0.00,SIN
2a06:98c1:310e::138e:d162,4,4,0.00,454.99,0.00,SIN
2a06:98c1:3105:92dd:a8a2:7e8d:531b:ca0c,4,4,0.00,455.00,0.00,SIN
2a06:98c1:310e:7c3f:b5c4:5047:e5fe:1442,4,4,0.00,455.04,0.00,SIN
2a06:98c1:3104:ac2b:a1ab:4bd:3762:8c7c,4,4,0.00,455.30,0.00,SIN
2a06:98c1:3109:bf:9701:876f:48a9:6898,4,4,0.00,455.40,0.00,SIN
2803:f800:50:57d1:2d9e:b524:332a:1738,4,4,0.00,455.47,0.00,SIN
2a06:98c1:3102:a11b:dd25:eca2:556c:2724,4,4,0.00,455.53,0.00,SIN
2803:f800:51:5943:75b4:7d78:cae1:6b72,4,4,0.00,455.87,0.00,SIN
2803:f800:51:59ed:e0a2:56ef:fbcf:a503,4,4,0.00,455.93,0.00,SIN
2803:f800:50:5768:3eab:cee8:4ebb:4ea,4,4,0.00,455.97,0.00,SIN
2a06:98c1:3104:0:9ec2:3413:cb6b:224,4,4,0.00,456.14,0.00,SIN
2a06:98c1:3106:0:16af:8326:60db:cc8e,4,4,0.00,456.18,0.00,SIN
2a06:98c1:3101:b5b3:962f:156f:9422:161b,4,4,0.00,456.22,0.00,SIN
2803:f800:50:5768:3eab:b522:4dc4:72e6,4,4,0.00,456.50,0.00,SIN
2a06:98c1:3108:f1:e6e4:dcff:d2de:83f7,4,4,0.00,456.55,0.00,SIN
2a06:98c1:3107:9d:624a:89da:3c86:1b4d,4,4,0.00,456.55,0.00,SIN
2a06:98c1:3106:0:ea:dc94:4db8:58f4,4,4,0.00,456.63,0.00,SIN
2a06:98c1:3108:f1:314b:274c:f289:bd06,4,4,0.00,456.77,0.00,SIN
2a06:98c1:3108:0:fceb:439a:bbdb:7c93,4,4,0.00,456.87,0.00,SIN
2a06:98c1:3108:f1:314b:274c:1e16:c988,4,4,0.00,456.91,0.00,SIN
2a06:98c1:3105:7bac:759d:cd6e:1a43:c649,4,4,0.00,457.28,0.00,SIN
2a06:98c1:3108:f1:314b:271a:9640:18e,4,4,0.00,457.29,0.00,SIN
2a06:98c1:3104:de:8612:98aa:2fdf:45f0,4,4,0.00,457.54,0.00,SIN
2a06:98c1:3105:92dd:4d2:57c2:fa46:3620,4,4,0.00,457.71,0.00,SIN
2803:f800:51:59ed:e0b4:d503:39e3:8730,4,4,0.00,457.93,0.00,SIN
2a06:98c1:310a:7e:6dca:23a0:9525:b5bd,4,4,0.00,457.93,0.00,SIN
2a06:98c1:3100::a1:23d2:d911,4,4,0.00,457.97,0.00,SIN
2a06:98c1:3105:92dd:4e4:96eb:d3c8:9be3,4,4,0.00,458.12,0.00,SIN
2a06:98c1:3101:b8:60e2:37e4:d2d8:8020,4,4,0.00,458.17,0.00,SIN
2803:f800:51:36af:dc17:97e7:2828:aa24,4,4,0.00,458.28,0.00,SIN
2a06:98c1:3101:b508:f970:4a93:937f:229c,4,4,0.00,458.37,0.00,SIN
2a06:98c1:3108:b01d:4482:c2c7:aaac:a392,4,4,0.00,458.53,0.00,SIN
2a06:98c1:3105:0:a3:a2:2822:a411,4,4,0.00,458.60,0.00,SIN
2a06:98c1:3108:f1:314b:274c:f2c5:a615,4,4,0.00,458.65,0.00,SIN
2a06:98c1:3107:d8:5f02:cd6b:76e8:b710,4,4,0.00,458.74,0.00,SIN
2a06:98c1:3104:ac2b:23ec:21ef:5909:5f79,4,4,0.00,458.78,0.00,SIN
2a06:98c1:3104:acf0:bb92:7cf2:698d:19bf,4,4,0.00,458.80,0.00,SIN
2a06:98c1:3107:e291:8270:a0a9:c0b5:81b1,4,4,0.00,458.82,0.00,SIN
2a06:98c1:3106:0:ea:5ae5:1957:dfa1,4,4,0.00,458.88,0.00,SIN
2a06:98c1:3104:ac2b:23ec:21e8:b041:e6c1,4,4,0.00,458.91,0.00,SIN
2a06:98c1:3105:92dd:479:bdc1:5016:4766,4,4,0.00,459.05,0.00,SIN
2a06:98c1:3101:b8:dd71:2dd:c295:d13a,4,4,0.00,459.35,0.00,SIN
2a06:98c1:51:7c:7b80:bc2b:13de:db76,4,4,0.00,459.39,0.00,SIN
2a06:98c1:3107:0:7084:5239:1f05:b4c7,4,4,0.00,459.66,0.00,SIN
2a06:98c1:310b:ffe6:5bf2:69d8:ace7:8c8d,4,4,0.00,459.85,0.00,SIN
2a06:98c1:3100:0:cb13:afca:cb12:c09f,4,4,0.00,460.19,0.00,SIN
2a06:98c1:3105:92dd:4e4:96a1:9380:2c9d,4,4,0.00,460.27,0.00,SIN
2a06:98c1:3102:a11b:f817:5398:d649:d6fe,4,4,0.00,460.33,0.00,SIN
2803:f800:50:5768:3eab:b522:a2e1:c703,4,4,0.00,460.47,0.00,SIN
2a06:98c1:3103:0:97:a6c3:e3c8:6b45,4,4,0.00,460.52,0.00,SIN
2a06:98c1:3100:0:5418:9e57:c2b1:728,4,4,0.00,460.62,0.00,SIN
2a06:98c1:51:51e9:68bc:7db4:ef1c:d78e,4,4,0.00,460.69,0.00,SIN
2a06:98c1:3101:b508:f93e:e7f7:183c:fef7,4,4,0.00,460.83,0.00,SIN
2a06:98c1:310e:7c3f:48ee:d026:bae:3ffa,4,4,0.00,460.95,0.00,SIN
2803:f800:51:36af:a3a:3ff4:2b36:17f,4,4,0.00,461.00,0.00,SIN
2a06:98c1:3100:0:547d:5ad9:b66c:2b3d,4,4,0.00,461.29,0.00,SIN
2803:f800:51:59ed:e0b4:a353:f047:3d47,4,4,0.00,461.67,0.00,SIN
2a06:98c1:310f:e0:bf1a:61ec:26bd:1cf2,4,4,0.00,461.84,0.00,SIN
2a06:98c1:50:b10f:279c:c7c2:d436:7f72,4,4,0.00,461.88,0.00,SIN
2a06:98c1:310a:1f5e:aee5:1a10:c94a:909f,4,4,0.00,461.92,0.00,SIN
2a06:98c1:310e:7:f00:6677:c2a2:1df6,4,4,0.00,462.15,0.00,SIN
2a06:98c1:3102:a11b:30f5:37d4:96a2:8f92,4,4,0.00,462.17,0.00,SIN
2a06:98c1:50:3d:5a74:87d4:48f1:1f11,4,4,0.00,462.24,0.00,SIN
2a06:98c1:3106:48:aeec:8dc5:6896:4fa2,4,4,0.00,462.76,0.00,SIN
2803:f800:50:5768:3eab:32f2:39bc:1fee,4,4,0.00,462.77,0.00,SIN
2a06:98c1:3103:cfb8:7a9a:e475:c744:3b9b,4,4,0.00,462.78,0.00,SIN
2a06:98c1:3107:0:9b:5f06:2fe7:9253,4,4,0.00,462.81,0.00,SIN
2a06:98c1:310c:904c:4b51:817c:ac86:4710,4,4,0.00,462.83,0.00,SIN
2a06:98c1:3100:0:5418:103e:67cd:8432,4,4,0.00,462.84,0.00,SIN
2a06:98c1:3106:0:ea:5aa0:484e:bb4,4,4,0.00,462.85,0.00,SIN
2a06:98c1:3100:245c:b86:b309:5c1b:5a29,4,4,0.00,462.90,0.00,SIN
2a06:98c1:51:e1:e84b:4e7d:c413:ee37,4,4,0.00,463.02,0.00,SIN
2803:f800:51:5943:75a4:2360:d04d:a6c7,4,4,0.00,463.15,0.00,SIN
2a06:98c1:3108:0:fceb:4360:5951:c83d,4,4,0.00,463.24,0.00,SIN
2a06:98c1:3106:0:ea:5aa0:56dd:d909,4,4,0.00,463.46,0.00,SIN
2a06:98c1:3107::a1:a6d2:625e,4,4,0.00,463.50,0.00,SIN
2a06:98c1:3100:9b:a4a0:5cf1:c91e:7424,4,4,0.00,463.58,0.00,SIN
2a06:98c1:310a:7e:6d50:52fa:f213:9ccb,4,4,0.00,464.10,0.00,SIN
2803:f800:51:5961:dfff:eacf:aca:48b2,4,4,0.00,464.25,0.00,SIN
2a06:98c1:3100:0:cbe5:b683:8e8a:6ff8,4,4,0.00,464.29,0.00,SIN
2a06:98c1:3107:9d:b809:62e9:4599:989d,4,4,0.00,464.30,0.00,SIN
2a06:98c1:310f:e0:bf1a:615f:54f:57b5,4,4,0.00,464.45,0.00,SIN
2a06:98c1:3106:0:16af:84bd:8db7:9a7a,4,4,0.00,464.55,0.00,SIN
2a06:98c1:310f:1c:21f1:fb4b:6e09:dcef,4,4,0.00,464.58,0.00,SIN
2a06:98c1:3108:f1:314b:271a:a617:514a,4,4,0.00,464.61,0.00,SIN
2803:f800:50:85:59f2:4dce:a4f5:e0a0,4,4,0.00,464.62,0.00,SIN
2803:f800:51:36af:a3a:9c2b:1cf7:c6d4,4,4,0.00,464.69,0.00,SIN
2a06:98c1:51:7c:7b80:bc2b:10ea:b2a5,4,4,0.00,464.69,0.00,SIN
2a06:98c1:3100:0:547d:6987:ee4b:37e,4,4,0.00,464.75,0.00,SIN
2a06:98c1:310c:9063:b271:b7f9:561b:a103,4,4,0.00,464.80,0.00,SIN
2a06:98c1:310f:53:3b70:c2c9:2e41:a789,4,4,0.00,465.22,0.00,SIN
2803:f800:51:c4:820d:9c18:fe07:67da,4,4,0.00,465.36,0.00,SIN
2a06:98c1:3107:0:9b:5f06:2f2e:3ece,4,4,0.00,465.43,0.00,SIN
2a06:98c1:3107:d8:5f02:cd6b:9451:c013,4,4,0.00,465.60,0.00,SIN
2803:f800:51:5943:7505:599d:b68e:8270,4,4,0.00,465.61,0.00,SIN
2a06:98c1:3105:0:a3:d872:b703:f7e3,4,4,0.00,465.65,0.00,SIN
2803:f800:51:59ed:e0b4:a3d2:eb50:b5f2,4,4,0.00,465.93,0.00,SIN
2803:f800:50:85:59f2:4dce:9f7d:4039,4,4,0.00,466.13,0.00,SIN
2a06:98c1:3105:92dd:4b8:aac5:c3e2:ab18,4,4,0.00,466.24,0.00,SIN
2a06:98c1:3105:92dd:4b8:aac5:c326:4ef0,4,4,0.00,466.37,0.00,SIN
2a06:98c1:3105::96:c6c1:8771,4,4,0.00,466.46,0.00,SIN
2a06:98c1:3107:9d:b85b:406a:8507:c45c,4,4,0.00,466.49,0.00,SIN
2a06:98c1:3100:9b:a4a0:5c6a:b6c9:db30,4,4,0.00,466.53,0.00,SIN
2a06:98c1:3105:92dd:39b4:43e5:3aa7:a173,4,4,0.00,466.76,0.00,SIN
2a06:98c1:3102:a178:b402:f6c0:3581:5bed,4,4,0.00,466.97,0.00,SIN
2a06:98c1:3109:30:ee54:c9bc:3fa3:7307,4,4,0.00,466.98,0.00,SIN
2803:f800:50:0:cf:7235:a17d:f661,4,4,0.00,467.09,0.00,SIN
2a06:98c1:310b:80ff:9ff2:b37c:fb7d:4dfa,4,4,0.00,467.29,0.00,SIN
2a06:98c1:3108:0:fceb:ab44:deed:1f47,4,4,0.00,467.38,0.00,SIN
2a06:98c1:310a:0:a2d8:cf14:c305:6aab,4,4,0.00,467.58,0.00,SIN
2a06:98c1:3109:0:f8:1d07:134:e459,4,4,0.00,467.68,0.00,SIN
2a06:98c1:3109:0:10:a6ba:f891:401e,4,4,0.00,467.82,0.00,SIN
2a06:98c1:3101:b508:81fc:65ff:250:67a2,4,4,0.00,467.82,0.00,SIN
2a06:98c1:310f:e0:a90:6a95:dd54:b5dd,4,4,0.00,467.93,0.00,SIN
2a06:98c1:3102::1f:b0a9,4,4,0.00,467.96,0.00,SIN
2a06:98c1:3109:bf:973b:2797:801:aad5,4,4,0.00,468.43,0.00,SIN
2a06:98c1:310f:e0:a53:f592:7ea4:be86,4,4,0.00,468.54,0.00,SIN
2a06:98c1:3105:92dd:a803:56c9:8b08:6916,4,4,0.00,468.59,0.00,SIN
2803:f800:51:59ed:e0b4:7571:b8a2:e149,4,4,0.00,468.71,0.00,SIN
2803:f800:50:0:9f94:7d42:cb86:52fd,4,4,0.00,468.91,0.00,SIN
2a06:98c1:51:d11b:b9fd:7a30:5b93:15e6,4,4,0.00,469.05,0.00,SIN
2400:cb00:2049:fa3:8cb5:b5c0:ce31:2efd,4,4,0.00,469.14,0.00,SIN
2a06:98c1:3105::cf5c:474b:4ce2,4,4,0.00,469.17,0.00,SIN
2803:f800:51:5943:7505:39a0:7466:31c1,4,4,0.00,469.19,0.00,SIN
2a06:98c1:310d:9eb:e7c8:46ba:f0d7:db8c,4,4,0.00,469.34,0.00,SIN
2a06:98c1:3105:7f:ee8c:b2d7:da04:a219,4,4,0.00,469.38,0.00,SIN
2a06:98c1:3109:5cfd:239a:7152:6226:552c,4,4,0.00,469.44,0.00,SIN
2803:f800:51:0:ceac:87bf:102d:a2d4,4,4,0.00,469.48,0.00,SIN
2803:f800:51:5943:75b4:39da:57a5:7823,4,4,0.00,469.57,0.00,SIN
2803:f800:51:5943:75b4:399a:1510:acf1,4,4,0.00,469.68,0.00,SIN
2803:f800:51:36af:a3a:9c2b:39ab:bdb3,4,4,0.00,469.75,0.00,SIN
2a06:98c1:3103::3b9c,4,4,0.00,469.92,0.00,SIN
2a06:98c1:3100:0:cb13:af3a:41f1:4a60,4,4,0.00,470.00,0.00,SIN
2a06:98c1:3109:bf:97b8:dd5e:d29:fe64,4,4,0.00,470.15,0.00,SIN
2a06:98c1:51:517a:67f5:67f6:a270:f2bb,4,4,0.00,470.34,0.00,SIN
2803:f800:51:367e:4d23:55e4:36f9:2aab,4,4,0.00,470.39,0.00,SIN
2a06:98c1:3109:bf:9723:38d1:167b:f6b1,4,4,0.00,470.41,0.00,SIN
2a06:98c1:3105:92dd:4b8:aabf:8005:b32e,4,4,0.00,470.43,0.00,SIN
2a06:98c1:310c:90c1:80ad:724e:c5ec:84f5,4,4,0.00,470.44,0.00,SIN
2a06:98c1:3105:92dd:a8a2:7e24:dd3e:1b21,4,4,0.00,470.44,0.00,SIN
2803:f800:51:5943:4409:5575:da9:155d,4,4,0.00,470.45,0.00,SIN
2a06:98c1:310d:0:12:22a1:a79d:43ca,4,4,0.00,470.45,0.00,SIN
2a06:98c1:3104:ac4b:6524:f4ad:6d28:86a2,4,4,0.00,470.56,0.00,SIN
2a06:98c1:310e:7c29:90cb:f35e:4e0f:ea98,4,4,0.00,470.68,0.00,SIN
2a06:98c1:50:0:8b:56ae:150f:796e,4,4,0.00,470.80,0.00,SIN
2a06:98c1:3108:f1:e6e4:3d5:7794:c65d,4,4,0.00,471.04,0.00,SIN
2a06:98c1:3100:0:66:72e6:7b42:42d7,4,4,0.00,471.06,0.00,SIN
2803:f800:50:0:9f5c:1713:5237:db0f,4,4,0.00,471.13,0.00,SIN
2a06:98c1:3107:9d:b8c4:8bcf:451a:6fde,4,4,0.00,471.50,0.00,SIN
2803:f800:50:5768:3eab:cee8:1ebe:7812,4,4,0.00,471.52,0.00,SIN
2a06:98c1:310a:0:a2d8:cfa3:9488:893e,4,4,0.00,471.62,0.00,SIN
2a06:98c1:3108:f1:314b:271a:3603:e59d,4,4,0.00,471.67,0.00,SIN
2803:f800:51:367e:533a:5ae8:1c4c:3125,4,4,0.00,471.84,0.00,SIN
2a06:98c1:3107:0:7084:f1f4:8889:beae,4,4,0.00,472.15,0.00,SIN
2a06:98c1:310e:7c29:90cb:1bea:2b20:6eef,4,4,0.00,472.24,0.00,SIN
2a06:98c1:3109:5c62:79c1:e6b8:e9b1:2b26,4,4,0.00,472.40,0.00,SIN
2a06:98c1:310f:e0:a72:e15f:d9d5:a3b,4,4,0.00,472.42,0.00,SIN
2a06:98c1:3109:5c62:79c1:1dad:28f3:b546,4,4,0.00,472.58,0.00,SIN
2a06:98c1:310e:7c29:90cb:1b49:17e8:a0ba,4,4,0.00,472.58,0.00,SIN
2a06:98c1:3100:0:cbe5:c926:1524:dcaf,4,4,0.00,472.90,0.00,SIN
2a06:98c1:3109:bf:97d0:1bff:37db:73c2,4,4,0.00,472.91,0.00,SIN
2803:f800:50:0:9f5c:17a5:50f2:4cd7,4,4,0.00,472.91,0.00,SIN
2a06:98c1:3100:0:547d:69fa:f42:2240,4,4,0.00,472.92,0.00,SIN
2a06:98c1:3109:5cfd:239a:5093:61a3:6988,4,4,0.00,472.96,0.00,SIN
2a06:98c1:3109:5cfd:239a:c24:7e71:bccc,4,4,0.00,473.01,0.00,SIN
2a06:98c1:310a:0:a2d8:cfa3:2ce8:41e8,4,4,0.00,473.03,0.00,SIN
2400:cb00:2049:421c:89ed:2ec1:7274:a732,4,4,0.00,473.13,0.00,SIN
2803:f800:51:36af:dc17:97e7:284d:dc7,4,4,0.00,473.19,0.00,SIN
2a06:98c1:3103:0:dce9:622d:e41b:8b3f,4,4,0.00,473.24,0.00,SIN
2803:f800:51:59ed:e0b4:75b7:98f:acf4,4,4,0.00,473.35,0.00,SIN
2a06:98c1:310d:a8:c6:eb01:b454:f1f4,4,4,0.00,473.35,0.00,SIN
2803:f800:50:85:5915:3388:3be3:5d9f,4,4,0.00,473.36,0.00,SIN
2803:f800:51:361b:3ac1:8880:2c2:5481,4,4,0.00,473.53,0.00,SIN
2400:cb00:2049:421c:89ed:9fbd:53f1:5b3f,4,4,0.00,473.55,0.00,SIN
2803:f800:51:5943:75b4:7d78:eded:65b5,4,4,0.00,473.63,0.00,SIN
2a06:98c1:3107:9d:b8c4:8bcf:e9e1:7f24,4,4,0.00,473.70,0.00,SIN
2a06:98c1:3104:ac2b:a1ab:ffc7:93f8:e356,4,4,0.00,473.71,0.00,SIN
2a06:98c1:3102:a178:b4af:7dd:dfca:2118,4,4,0.00,473.77,0.00,SIN
2a06:98c1:310b:ffe6:5bab:60a2:df19:34b1,4,4,0.00,473.87,0.00,SIN
2803:f800:51:361b:5a9f:6b84:ac6c:e6c3,4,4,0.00,473.90,0.00,SIN
2a06:98c1:310f:58bd:ab09:8550:d802:7ea8,4,4,0.00,473.93,0.00,SIN
2a06:98c1:3107:9d:b85b:f896:ed1b:4c65,4,4,0.00,473.97,0.00,SIN
2a06:98c1:310f:e0:a90:c54d:76d4:195d,4,4,0.00,473.99,0.00,SIN
2a06:98c1:3107:e29a:d6c1:b9b3:62ad:7c6c,4,4,0.00,474.05,0.00,SIN
2a06:98c1:3101:3c:c9b1:9bc2:4ad9:4be3,4,4,0.00,474.09,0.00,SIN
2a06:98c1:3105:b3:6722:fec3:5217:2330,4,4,0.00,474.12,0.00,SIN
2a06:98c1:3108:0:f7:2b61:f3ed:c629,4,4,0.00,474.31,0.00,SIN
2a06:98c1:310a:7e:6d50:5236:34fc:b80d,4,4,0.00,474.38,0.00,SIN
2803:f800:50:0:80:92df:5759:6965,4,4,0.00,474.50,0.00,SIN
2a06:98c1:3105:92dd:4e4:96eb:3435:162e,4,4,0.00,474.62,0.00,SIN
2a06:98c1:3105:92dd:4b8:aac5:2caf:2e54,4,4,0.00,474.74,0.00,SIN
2a06:98c1:51:d161:12b0:4454:b5ac:fd63,4,4,0.00,474.74,0.00,SIN
2803:f800:51:59ed:e0b4:759e:7494:309e,4,4,0.00,475.08,0.00,SIN
2a06:98c1:50:b1f9:b2a8:22a2:69:f7da,4,4,0.00,475.12,0.00,SIN
2a06:98c1:3107:0:70ad:e889:3cc7:9443,4,4,0.00,475.18,0.00,SIN
2a06:98c1:3108:cb:8d85:7b47:5c6e:7012,4,4,0.00,475.25,0.00,SIN
2a06:98c1:3107:9d:275:157b:1a7c:3e23,4,4,0.00,475.42,0.00,SIN
2803:f800:50::8bde:1bd4:bf14,4,4,0.00,475.42,0.00,SIN
2a06:98c1:3108:b01d:d20e:9b8:fdff:e818,4,4,0.00,475.56,0.00,SIN
2a06:98c1:3102:a11b:dd25:eca2:8630:aca1,4,4,0.00,475.61,0.00,SIN
2a06:98c1:3105:922e:597f:c6cd:122f:abb0,4,4,0.00,475.96,0.00,SIN
2a06:98c1:3109:bf:97d0:1bff:1e9c:1a46,4,4,0.00,476.02,0.00,SIN
2a06:98c1:3102:0:b5:ed91:a9e4:a215,4,4,0.00,476.17,0.00,SIN
2a06:98c1:3107:0:7084:f110:758b:a27f,4,4,0.00,476.22,0.00,SIN
2a06:98c1:51:e1:e84b:2190:b48b:1859,4,4,0.00,476.23,0.00,SIN
2a06:98c1:3105:922e:f855:43d5:dca0:6d8c,4,4,0.00,476.24,0.00,SIN
2803:f800:51:68:d0b2:122a:e09b:5893,4,4,0.00,476.28,0.00,SIN
2a06:98c1:3109:bf:973b:2797:ffca:1b98,4,4,0.00,476.30,0.00,SIN
2803:f800:50:0:80:92ae:5f2:7b18,4,4,0.00,476.30,0.00,SIN
2a06:98c1:3109:30:4724:d7c9:6a2d:e54a,4,4,0.00,476.31,0.00,SIN
2a06:98c1:3100:0:5418:dd03:13d9:4d37,4,4,0.00,476.38,0.00,SIN
2a06:98c1:310e:7c29:90f7:977e:f3b8:39d3,4,4,0.00,476.44,0.00,SIN
2803:f800:50:0:9f5c:aefe:9c1:ab77,4,4,0.00,476.50,0.00,SIN
2a06:98c1:3108:cb:8d85:f0d0:fd76:b219,4,4,0.00,476.69,0.00,SIN
2a06:98c1:3109:5c62:79c1:e6a3:f4bb:a486,4,4,0.00,476.76,0.00,SIN
2a06:98c1:310c:0:3472:bba0:b040:7584,4,4,0.00,476.80,0.00,SIN
2400:cb00:2049:421c:bbe9:4e75:a73:1d4d,4,4,0.00,476.84,0.00,SIN
2a06:98c1:310d:0:12:c08e:9d71:c6ca,4,4,0.00,476.84,0.00,SIN
2a06:98c1:3107:9d:275:15b1:3748:7de7,4,4,0.00,476.95,0.00,SIN
2803:f800:51:367e:a11c:8f9f:ceac:7f61,4,4,0.00,476.97,0.00,SIN
2a06:98c1:3107:e291:8270:a0a3:5efa:49f0,4,4,0.00,477.00,0.00,SIN
2a06:98c1:3105:7f:10f9:3f5:4c4a:7a63,4,4,0.00,477.10,0.00,SIN
2a06:98c1:3109:bf:973b:92e2:f207:57ce,4,4,0.00,477.11,0.00,SIN
2a06:98c1:310d:7acf:9e63:cdfe:358c:e2e7,4,4,0.00,477.15,0.00,SIN
2a06:98c1:310e:7c29:90cb:1bea:2bf5:6849,4,4,0.00,477.25,0.00,SIN
2a06:98c1:310e:7c6e:fe72:a23f:65c5:c7c2,4,4,0.00,477.30,0.00,SIN
2a06:98c1:3109:0:4693:a9da:715b:a8fe,4,4,0.00,477.33,0.00,SIN
2803:f800:51:361b:3aab:68d4:3963:a340,4,4,0.00,477.37,0.00,SIN
2803:f800:50:0:f426:fa19:6b0c:fd74,4,4,0.00,477.47,0.00,SIN
2a06:98c1:3109:5c62:79c1:e6b8:668b:cb72,4,4,0.00,477.49,0.00,SIN
2a06:98c1:310c:90c1:8051:51f2:19ad:331a,4,4,0.00,477.49,0.00,SIN
2803:f800:50:85:5915:3301:969:133b,4,4,0.00,477.61,0.00,SIN
2a06:98c1:3109:5c62:79c1:1dad:4a42:abfa,4,4,0.00,477.80,0.00,SIN
2803:f800:50::dd:1ce:4efa,4,4,0.00,477.96,0.00,SIN
2a06:98c1:310e:d4b0:c27f:7b83:b174:a079,4,4,0.00,477.96,0.00,SIN
2a06:98c1:3100:0:66:72e6:3fa3:aa77,4,4,0.00,477.97,0.00,SIN
2a06:98c1:50:b10f:2768:3162:10f0:c827,4,4,0.00,478.01,0.00,SIN
2a06:98c1:310b:ee:80c5:eca9:91eb:42a2,4,4,0.00,478.17,0.00,SIN
2a06:98c1:3106:c2c8:c49:e928:2d7d:8a5a,4,4,0.00,478.30,0.00,SIN
2a06:98c1:310e:7c29:90f7:bb5e:70d5:6b4a,4,4,0.00,478.55,0.00,SIN
2803:f800:51:68:d0b2:122a:e0f8:55e3,4,4,0.00,478.55,0.00,SIN
2a06:98c1:3102:e6:c2fc:774d:eb6a:393a,4,4,0.00,478.57,0.00,SIN
2a06:98c1:3109:30:4724:d7c9:6840:8c4d,4,4,0.00,478.70,0.00,SIN
2a06:98c1:3102:a11b:30ae:b7c9:a8e8:dd49,4,4,0.00,478.77,0.00,SIN
2a06:98c1:3105:922e:f855:6063:fc97:fc08,4,4,0.00,478.88,0.00,SIN
2803:f800:51:367e:4d23:9cb4:80e4:248e,4,4,0.00,478.91,0.00,SIN
2803:f800:50:0:80:92ae:5d1:6b1b,4,4,0.00,478.97,0.00,SIN
2a06:98c1:3109:5cfd:239a:7188:f358:6eaa,4,4,0.00,479.02,0.00,SIN
2a06:98c1:3102:0:3a:8ecb:8074:3451,4,4,0.00,479.13,0.00,SIN
2a06:98c1:310e:7c29:90f7:bb54:cdf5:1d1e,4,4,0.00,479.26,0.00,SIN
2803:f800:50::f8:bce5:518d,4,4,0.00,479.31,0.00,SIN
2803:f800:50::dd:39cc:a96d,4,4,0.00,479.44,0.00,SIN
2a06:98c1:3102:a11b:f817:9481:2279:a4fb,4,4,0.00,479.45,0.00,SIN
2803:f800:50:0:f426:fafe:5bc3:4a27,4,4,0.00,479.51,0.00,SIN
2803:f800:51:367e:a1e2:929:8d4e:7477,4,4,0.00,479.58,0.00,SIN
2a06:98c1:3105:922e:f855:6063:fc5b:b5ba,4,4,0.00,479.74,0.00,SIN
2a06:98c1:3109:5c62:79c1:e6a3:b6eb:71f8,4,4,0.00,479.75,0.00,SIN
2a06:98c1:3109:5cfd:239a:7188:f340:be1,4,4,0.00,479.88,0.00,SIN
2a06:98c1:3105:92dd:4b8:aac5:c35b:f049,4,4,0.00,479.98,0.00,SIN
2803:f800:50:0:9f94:7d42:cb60:6183,4,4,0.00,480.15,0.00,SIN
2a06:98c1:50:b10f:2768:3162:1098:63fb,4,4,0.00,480.15,0.00,SIN
2a06:98c1:3101::fe69:d985:99a7,4,4,0.00,480.16,0.00,SIN
2a06:98c1:3108:f1:e612:2105:b64b:e115,4,4,0.00,480.20,0.00,SIN
2a06:98c1:3109:bf:973b:928a:88f5:4d13,4,4,0.00,480.24,0.00,SIN
2a06:98c1:3100:0:5418:103e:aab6:f300,4,4,0.00,480.25,0.00,SIN
2803:f800:50:0:9f5c:ae2c:4ff5:b8c6,4,4,0.00,480.30,0.00,SIN
2a06:98c1:310b:80ff:9ff2:fb67:582c:fb21,4,4,0.00,480.35,0.00,SIN
2a06:98c1:51:d161:12b0:cc25:dca9:86c4,4,4,0.00,480.45,0.00,SIN
2a06:98c1:3108:8d:db28:cb0d:d99:ec4c,4,4,0.00,480.46,0.00,SIN
2803:f800:51:0:de7f:e381:5d11:85b5,4,4,0.00,480.50,0.00,SIN
2a06:98c1:3102:0:255e:dc21:d7cb:17fe,4,4,0.00,480.56,0.00,SIN
2803:f800:50:0:80:9222:27e9:16b4,4,4,0.00,480.61,0.00,SIN
2803:f800:50:0:cf:7235:6c96:c05a,4,4,0.00,480.64,0.00,SIN
2a06:98c1:3105:922e:f855:d65b:4277:82e2,4,4,0.00,480.70,0.00,SIN
2a06:98c1:3104:acf0:bb92:7c83:949:c92b,4,4,0.00,480.72,0.00,SIN
2a06:98c1:3108:cb:8d85:7b47:c14b:c9a0,4,4,0.00,480.99,0.00,SIN
2a06:98c1:3107:e29a:d6c1:b90a:6458:7565,4,4,0.00,481.06,0.00,SIN
2803:f800:50:0:cf:7235:af47:3967,4,4,0.00,481.09,0.00,SIN
2a06:98c1:3100:245c:8b70:76c7:4d6:37e5,4,4,0.00,481.31,0.00,SIN
2a06:98c1:310f:53:e96d:7a64:3109:b976,4,4,0.00,481.41,0.00,SIN
2a06:98c1:3103:fc:9491:eee3:e8ad:de4f,4,4,0.00,481.55,0.00,SIN
2803:f800:50::51:26a,4,4,0.00,481.56,0.00,SIN
2803:f800:50::16f,4,4,0.00,481.57,0.00,SIN
2803:f800:51:0:de7f:e381:9937:6047,4,4,0.00,481.62,0.00,SIN
2a06:98c1:3104:acf0:bb92:7c83:9ac:44c9,4,4,0.00,481.64,0.00,SIN
2a06:98c1:3101:0:5c3c:fd1a:e7a5:8478,4,4,0.00,481.68,0.00,SIN
2a06:98c1:3108:0:f7:1cd4:7383:d1d6,4,4,0.00,481.70,0.00,SIN
2a06:98c1:310e:7:f0c:4fcc:2c79:53bb,4,4,0.00,481.75,0.00,SIN
2803:f800:50:0:9f5c:1713:52b5:eb59,4,4,0.00,481.80,0.00,SIN
2a06:98c1:310e:7:f0c:4fcc:2c5d:9891,4,4,0.00,481.88,0.00,SIN
2803:f800:51:367e:a11c:8fda:b301:71b7,4,4,0.00,481.91,0.00,SIN
2803:f800:50:85:2221:1369:3b27:8549,4,4,0.00,482.03,0.00,SIN
2a06:98c1:51:d161:12b0:4454:b7c:33b9,4,4,0.00,482.10,0.00,SIN
2803:f800:50:85:2221:dd00:8ee:62e9,4,4,0.00,482.11,0.00,SIN
2a06:98c1:310b:ffe6:bb4e:d8c3:4db5:cbb0,4,4,0.00,482.19,0.00,SIN
2a06:98c1:3108:b01d:d20e:b710:ff2a:d42d,4,4,0.00,482.19,0.00,SIN
2a06:98c1:3106:c2c8:c49:9fbe:d8b9:2fd8,4,4,0.00,482.21,0.00,SIN
2803:f800:50:85:5915:3301:3068:c08e,4,4,0.00,482.24,0.00,SIN
2a06:98c1:51:d161:12b0:f314:9910:7ffd,4,4,0.00,482.28,0.00,SIN
2803:f800:50:0:9f5c:aefe:69ee:31fa,4,4,0.00,482.31,0.00,SIN
2a06:98c1:310c:0:3472:bb18:eb75:6345,4,4,0.00,482.32,0.00,SIN
2a06:98c1:3107:e291:8270:c389:4fbc:f514,4,4,0.00,482.33,0.00,SIN
2a06:98c1:3109:bf:973b:9274:82ef:a308,4,4,0.00,482.57,0.00,SIN
2a06:98c1:3105:92dd:4d2:9cf4:a8a4:a742,4,4,0.00,482.59,0.00,SIN
2a06:98c1:310d:5:a32c:a748:5cb:22cc,4,4,0.00,482.77,0.00,SIN
2a06:98c1:3105:922e:597f:9d41:7fdd:72d1,4,4,0.00,482.84,0.00,SIN
2803:f800:50::c5:5a61,4,4,0.00,482.98,0.00,SIN
2a06:98c1:3103:fc:9491:eee3:24fd:a55,4,4,0.00,482.99,0.00,SIN
2a06:98c1:310e:d4b0:c27f:7b70:ea6c:682b,4,4,0.00,483.07,0.00,SIN
2a06:98c1:3108:f1:314b:12c2:707a:8da9,4,4,0.00,483.13,0.00,SIN
2a06:98c1:3102:0:8d:a8de:96dc:94d9,4,4,0.00,483.17,0.00,SIN
2803:f800:50:85:5915:3351:a67a:d157,4,4,0.00,483.27,0.00,SIN
2a06:98c1:3109:5c62:79c1:1d3f:764c:9e16,4,4,0.00,483.43,0.00,SIN
2a06:98c1:51:d161:12b0:f314:99c3:6d1a,4,4,0.00,483.58,0.00,SIN
2a06:98c1:310e:0:d633:e6b6:551a:db09,4,4,0.00,483.71,0.00,SIN
2a06:98c1:3105:4:9a31:8443:79ea:6cd9,4,4,0.00,483.73,0.00,SIN
2a06:98c1:3102:0:3a:8ecb:3104:2ac7,4,4,0.00,483.90,0.00,SIN
2a06:98c1:3109:5cfd:239a:5093:6169:4d61,4,4,0.00,483.92,0.00,SIN
2a06:98c1:3107:9d:275:155b:c1fa:ec96,4,4,0.00,483.92,0.00,SIN
2a06:98c1:310e::de4b:360d:e952,4,4,0.00,483.99,0.00,SIN
2a06:98c1:310c:9063:6847:6cec:2624:5a8a,4,4,0.00,483.99,0.00,SIN
2803:f800:51:367e:4d23:9c02:824a:716b,4,4,0.00,483.99,0.00,SIN
2a06:98c1:3107:9d:275:155b:cdf9:34ef,4,4,0.00,484.12,0.00,SIN
2a06:98c1:3106:c2c8:50a8:fef7:4c37:9cc4,4,4,0.00,484.16,0.00,SIN
2a06:98c1:51:d161:12b0:ccc4:8fa7:4f19,4,4,0.00,484.19,0.00,SIN
2a06:98c1:310d:5:5beb:ae22:d45c:4c78,4,4,0.00,484.21,0.00,SIN
2a06:98c1:3109:5c62:79c1:1dad:fa45:928f,4,4,0.00,484.34,0.00,SIN
2803:f800:50:0:f426:2cd:c63:3831,4,4,0.00,484.39,0.00,SIN
2a06:98c1:3105:0:9d16:8693:d9ca:db4c,4,4,0.00,484.40,0.00,SIN
2a06:98c1:310a:0:d3b0:589f:bdab:450e,4,4,0.00,484.41,0.00,SIN
2a06:98c1:310a:4e:c0a1:83f7:c57a:8d1a,4,4,0.00,484.50,0.00,SIN
2a06:98c1:3109:0:9be8:a32b:7758:36b,4,4,0.00,484.56,0.00,SIN
2a06:98c1:3107:0:8464:3b02:2aa1:2985,4,4,0.00,484.61,0.00,SIN
2a06:98c1:310c:90c1:80f4:d8bd:f6b7:22c2,4,4,0.00,484.71,0.00,SIN
2a06:98c1:3102:a11b:30ae:1a84:264f:97c5,4,4,0.00,484.75,0.00,SIN
2a06:98c1:3105:92dd:4e4:96a1:9381:2276,4,4,0.00,484.88,0.00,SIN
2a06:98c1:3100:0:547d:fea9:ae5c:cee3,4,4,0.00,484.89,0.00,SIN
2803:f800:51:367e:5328:8e8e:a0e7:4172,4,4,0.00,484.90,0.00,SIN
2a06:98c1:3100::132e,4,4,0.00,484.90,0.00,SIN
2a06:98c1:3107:e29a:d6c1:b90a:1147:a24f,4,4,0.00,484.98,0.00,SIN
2803:f800:51:367e:5328:8e8e:18e0:22fd,4,4,0.00,485.01,0.00,SIN
2a06:98c1:3109:0:4693:87fb:ffa0:e3dd,4,4,0.00,485.16,0.00,SIN
2a06:98c1:310c::bb0f:288a,4,4,0.00,485.24,0.00,SIN
2803:f800:51:367e:a1e2:929:f154:c2c3,4,4,0.00,485.28,0.00,SIN
2a06:98c1:310f:e0:a53:92a7:ddf5:c23f,4,4,0.00,485.29,0.00,SIN
2a06:98c1:3102:a178:b4af:7dd:60b:2a7e,4,4,0.00,485.30,0.00,SIN
2a06:98c1:3102:69:46f0:d180:5934:9c6a,4,4,0.00,485.38,0.00,SIN
2a06:98c1:51:7c:a3f3:4b97:67c4:13d,4,4,0.00,485.52,0.00,SIN
2803:f800:50:85:2221:dd00:ad2e:24c7,4,4,0.00,485.58,0.00,SIN
2a06:98c1:3102:0:e0:ee52:f844:3461,4,4,0.00,485.78,0.00,SIN
2803:f800:51:5961:dfff:ea9f:b427:1f84,4,4,0.00,485.94,0.00,SIN
2a06:98c1:3105:92dd:a803:56d6:a8be:bf34,4,4,0.00,485.99,0.00,SIN
2a06:98c1:3102:a11b:30ae:b71b:7cb5:b61e,4,4,0.00,486.08,0.00,SIN
2803:f800:51:0:de7f:e381:998f:ed11,4,4,0.00,486.12,0.00,SIN
2a06:98c1:3106::9a20:213b:7975,4,4,0.00,486.16,0.00,SIN
2a06:98c1:310f:58bd:ab82:39a0:c75:9aaf,4,4,0.00,486.24,0.00,SIN
2a06:98c1:310b:ffe6:34fd:1adf:11ba:8487,4,4,0.00,486.43,0.00,SIN
2a06:98c1:310e:7c29:90f7:bb5e:7039:9c48,4,4,0.00,486.45,0.00,SIN
2a06:98c1:3105:92dd:a8a2:7e8d:165e:5ce0,4,4,0.00,486.72,0.00,SIN
2a06:98c1:310a::ca:6143,4,4,0.00,486.81,0.00,SIN
2a06:98c1:3101:b5b3:962f:2e0b:2ab:1c3d,4,4,0.00,486.86,0.00,SIN
2a06:98c1:3100:9b:a4a0:5c06:3f04:22b1,4,4,0.00,486.89,0.00,SIN
2a06:98c1:3105:922e:f855:8b9:89fb:ce9e,4,4,0.00,487.06,0.00,SIN
2a06:98c1:3109:5cfd:239a:5093:61c3:eef6,4,4,0.00,487.06,0.00,SIN
2a06:98c1:3105:922e:f855:80f:58fe:f091,4,4,0.00,487.11,0.00,SIN
2803:f800:51:5961:dfff:83f4:c7ef:945,4,4,0.00,487.30,0.00,SIN
2a06:98c1:3105:92dd:4d2:57c2:bd:7895,4,4,0.00,487.35,0.00,SIN
2a06:98c1:310d:9eb:7c49:1ecd:1a66:301c,4,4,0.00,487.44,0.00,SIN
2803:f800:51:5943:75b4:7deb:22e4:6bec,4,4,0.00,487.47,0.00,SIN
2a06:98c1:51:d161:12b0:cc94:ca5b:7e95,4,4,0.00,487.53,0.00,SIN
2a06:98c1:310d:923:f2d4:cd18:2533:3a5a,4,4,0.00,487.60,0.00,SIN
2a06:98c1:310d:0:c8bc:f609:6e19:eff8,4,4,0.00,487.63,0.00,SIN
2a06:98c1:310e:32:dc9f:ff3f:cd10:ef36,4,4,0.00,487.67,0.00,SIN
2a06:98c1:310b:ffe6:5b79:41d:a76:60dc,4,4,0.00,487.71,0.00,SIN
2a06:98c1:3109:5cfd:239a:cef:3cb9:bbe5,4,4,0.00,487.75,0.00,SIN
2a06:98c1:3107:0:8464:3bb2:ba86:9382,4,4,0.00,487.79,0.00,SIN
2803:f800:51:367e:f61a:b750:5b47:5ff2,4,4,0.00,487.83,0.00,SIN
2a06:98c1:310f:53:3bc2:3a8e:e6bb:b21c,4,4,0.00,487.84,0.00,SIN
2a06:98c1:310b:ffe6:5bf2:e8cb:f0c1:c075,4,4,0.00,487.85,0.00,SIN
2803:f800:51:0:de95:9a04:635b:cfab,4,4,0.00,487.85,0.00,SIN
2a06:98c1:3104:ac2b:23ec:214f:f70a:bae9,4,4,0.00,488.01,0.00,SIN
2803:f800:50:57d1:f51a:6557:8d3f:3148,4,4,0.00,488.07,0.00,SIN
2a06:98c1:3109:0:f8:1d07:165:60f0,4,4,0.00,488.09,0.00,SIN
2a06:98c1:3103:0:97:6e5a:71a0:e13f,4,4,0.00,488.11,0.00,SIN
2a06:98c1:310d:7acf:9e4d:d387:4ac2:c5d8,4,4,0.00,488.14,0.00,SIN
2a06:98c1:310e:0:d61d:fc5a:ff8d:d672,4,4,0.00,488.24,0.00,SIN
2803:f800:51:367e:a1e2:5ba4:b0c8:aa80,4,4,0.00,488.28,0.00,SIN
2a06:98c1:310d:0:c8bc:9089:d302:ab15,4,4,0.00,488.29,0.00,SIN
2803:f800:51:59ed:e0b4:429d:dce8:ca8c,4,4,0.00,488.29,0.00,SIN
2803:f800:51:5943:7505:599d:32f9:928b,4,4,0.00,488.45,0.00,SIN
2a06:98c1:3104:0:ced7:d8a:c3cf:109b,4,4,0.00,488.52,0.00,SIN
2a06:98c1:3104:acf0:bb92:3b5:8fb6:5a32,4,4,0.00,488.53,0.00,SIN
2803:f800:51:367e:a1e2:9c4:dee8:bef,4,4,0.00,488.56,0.00,SIN
2a06:98c1:3102:e6:c2fc:9bea:2825:3f92,4,4,0.00,488.65,0.00,SIN
2803:f800:50:85:2221:dd00:ad69:722b,4,4,0.00,488.72,0.00,SIN
2803:f800:51:361b:5a9f:6b14:62a7:1cc,4,4,0.00,488.73,0.00,SIN
2a06:98c1:3106:c2c8:50a8:a187:342a:c693,4,4,0.00,488.80,0.00,SIN
2a06:98c1:3108:8d:dbfc:4aaf:1104:65e4,4,4,0.00,488.93,0.00,SIN
2a06:98c1:310c:0:fb:f506:7e74:3fc4,4,4,0.00,488.97,0.00,SIN
2803:f800:50:0:5b:a213:9bc2:6bdc,4,4,0.00,488.98,0.00,SIN
2a06:98c1:310e:7c29:90cb:1bc1:ac54:ce88,4,4,0.00,489.02,0.00,SIN
2a06:98c1:3100:0:5418:9e57:479a:7f7f,4,4,0.00,489.07,0.00,SIN
2803:f800:51:5943:75b4:b092:e384:3f74,4,4,0.00,489.38,0.00,SIN
2a06:98c1:310d:a8:11:281a:eb13:2311,4,4,0.00,489.50,0.00,SIN
2a06:98c1:3101:3c:c96b:b576:7853:bd60,4,4,0.00,489.61,0.00,SIN
2a06:98c1:310c:90c1:8051:c4b0:597c:61be,4,4,0.00,489.75,0.00,SIN
2a06:98c1:3108:b01d:d20e:b710:ffdb:4288,4,4,0.00,490.14,0.00,SIN
2a06:98c1:3105:92dd:479:a30:f9dd:bf6c,4,4,0.00,490.24,0.00,SIN
2a06:98c1:310a::8876:c769:1a70,4,4,0.00,490.29,0.00,SIN
2a06:98c1:51:d161:12b0:4471:7ff0:d0b,4,4,0.00,490.31,0.00,SIN
2803:f800:51:367e:5328:6df7:5cba:496d,4,4,0.00,490.31,0.00,SIN
2a06:98c1:3108:cb:8d85:f093:635d:fa01,4,4,0.00,490.35,0.00,SIN
2a06:98c1:310b:ffe6:5b79:4ff:2c28:1690,4,4,0.00,490.50,0.00,SIN
2a06:98c1:310c:90c1:8051:c4b0:d88c:df90,4,4,0.00,490.58,0.00,SIN
2803:f800:50:0:80:8132:b265:d10a,4,4,0.00,490.65,0.00,SIN
2a06:98c1:310d:0:c80f:9aef:d965:5e01,4,4,0.00,490.66,0.00,SIN
2a06:98c1:3101:0:b399:4d40:6758:6029,4,4,0.00,490.82,0.00,SIN
2a06:98c1:51:d161:12b0:f314:3b23:9cf3,4,4,0.00,491.03,0.00,SIN
2803:f800:50:85:5915:3351:a6cb:440e,4,4,0.00,491.06,0.00,SIN
2a06:98c1:310d:5:a32c:a748:b729:7f9a,4,4,0.00,491.12,0.00,SIN
2a06:98c1:3105:92dd:4b8:aabf:80cd:f11d,4,4,0.00,491.19,0.00,SIN
2a06:98c1:310d:7acf:9e4d:d387:4a9c:c3af,4,4,0.00,491.20,0.00,SIN
2a06:98c1:3100:0:543a:6523:485d:664e,4,4,0.00,491.20,0.00,SIN
2803:f800:51:367e:4d23:9c02:82e9:e87b,4,4,0.00,491.21,0.00,SIN
2a06:98c1:310e:7c29:90f7:bb54:d438:b26c,4,4,0.00,491.22,0.00,SIN
2a06:98c1:310c:9063:b23e:9e2f:c33a:84b9,4,4,0.00,491.27,0.00,SIN
2a06:98c1:3105:92dd:479:a30:2458:357,4,4,0.00,491.28,0.00,SIN
2a06:98c1:310a:0:a2a0:b083:60f:7027,4,4,0.00,491.42,0.00,SIN
2a06:98c1:310a::228e:1138:130c,4,4,0.00,491.56,0.00,SIN
2a06:98c1:310f:e0:a90:6a95:b168:341f,4,4,0.00,491.60,0.00,SIN
2a06:98c1:3109:bf:97b8:8915:343a:687d,4,4,0.00,491.67,0.00,SIN
2a06:98c1:310e:0:d633:e6b6:a5dc:f224,4,4,0.00,491.75,0.00,SIN
2803:f800:50:0:5b:10a:d3ef:e89f,4,4,0.00,491.76,0.00,SIN
2a06:98c1:310d:5:5beb:ae6a:8cd6:6c1,4,4,0.00,491.78,0.00,SIN
2a06:98c1:310f:53:e96d:a849:fde8:5abf,4,4,0.00,491.83,0.00,SIN
2803:f800:51:361b:3ac1:8813:e6ca:6fe,4,4,0.00,491.94,0.00,SIN
2803:f800:50:57d1:2d9e:b531:90a9:33d8,4,4,0.00,491.99,0.00,SIN
2a06:98c1:310f:e0:a53:f562:b4ba:8a39,4,4,0.00,491.99,0.00,SIN
2a06:98c1:310a::228e:11fe:d265,4,4,0.00,492.01,0.00,SIN
2803:f800:50:85:2221:1369:3bb2:4388,4,4,0.00,492.22,0.00,SIN
2803:f800:50:85:2221:1369:deee:710d,4,4,0.00,492.39,0.00,SIN
2a06:98c1:3100::1f09:f7f:c1b6,4,4,0.00,492.54,0.00,SIN
2a06:98c1:3100:0:cb13:af01:8399:2ac7,4,4,0.00,492.56,0.00,SIN
2a06:98c1:310e:7:f00:661c:758c:8a05,4,4,0.00,492.77,0.00,SIN
2a06:98c1:3109:bf:973b:92e2:f2cb:3184,4,4,0.00,492.96,0.00,SIN
2a06:98c1:310e:7cd0:f0b3:7db4:3537:263a,4,4,0.00,493.14,0.00,SIN
2a06:98c1:3105:7f:10f9:d2bb:6d27:4e2b,4,4,0.00,493.14,0.00,SIN
2a06:98c1:51:d161:12b0:ccec:44a7:9b82,4,4,0.00,493.19,0.00,SIN
2a06:98c1:3100:9b:a47c:daf8:a56e:3596,4,4,0.00,493.19,0.00,SIN
2a06:98c1:3105:b3:6722:fefd:7f04:9994,4,4,0.00,493.20,0.00,SIN
2a06:98c1:3109:bf:9701:876f:48fc:3f56,4,4,0.00,493.31,0.00,SIN
2a06:98c1:310f:1c:21f1:fb4b:5b43:bbfa,4,4,0.00,493.34,0.00,SIN
2a06:98c1:3104:ac4b:65b0:dd3c:5852:ae6c,4,4,0.00,493.34,0.00,SIN
2a06:98c1:3105:7bac:759d:cdeb:f433:61a,4,4,0.00,493.35,0.00,SIN
2a06:98c1:310f:e0:a90:6a95:b16b:8b77,4,4,0.00,493.54,0.00,SIN
2a06:98c1:310c:9063:68f6:8e3a:1591:6b1a,4,4,0.00,493.65,0.00,SIN
2803:f800:51:59ed:e0a2:cbd4:5976:b23c,4,4,0.00,493.67,0.00,SIN
2a06:98c1:310e:7c3f:6da8:9b1a:67a0:8ef9,4,4,0.00,493.76,0.00,SIN
2a06:98c1:310f:1c:21f1:bee5:ebe4:c3c7,4,4,0.00,493.79,0.00,SIN
2a06:98c1:51:d161:f610:4f88:a25a:76ee,4,4,0.00,493.91,0.00,SIN
2a06:98c1:51:d161:12b0:4454:b7c:9b26,4,4,0.00,493.92,0.00,SIN
2a06:98c1:3109:bf:9723:38d1:611f:43ac,4,4,0.00,493.93,0.00,SIN
2a06:98c1:3101:b5b3:962f:156f:65af:3ca4,4,4,0.00,494.09,0.00,SIN
2a06:98c1:3105:922e:597f:101f:1b16:fd46,4,4,0.00,494.11,0.00,SIN
2803:f800:51::b53c:9e7,4,4,0.00,494.15,0.00,SIN
2a06:98c1:310f:53:3bf4:f3da:528:a72f,4,4,0.00,494.36,0.00,SIN
2a06:98c1:3109:30:4724:6c63:108b:b39b,4,4,0.00,494.44,0.00,SIN
2a06:98c1:3108:b01d:d20e:b7ae:f9d3:fe8e,4,4,0.00,494.44,0.00,SIN
2a06:98c1:3105:4:9a31:8e2c:dfe6:659a,4,4,0.00,494.68,0.00,SIN
2803:f800:51:361b:5a9f:6b14:62c4:344c,4,4,0.00,494.82,0.00,SIN
2a06:98c1:3109:30:4724:6deb:ef9b:1cd4,4,4,0.00,494.85,0.00,SIN
2a06:98c1:310a:1f5e:ae7c:de72:b530:5b39,4,4,0.00,494.87,0.00,SIN
2a06:98c1:3109:bf:973b:92f3:5b54:8a44,4,4,0.00,494.89,0.00,SIN
2a06:98c1:50:b1f9:b21f:226c:d929:b0fd,4,4,0.00,495.08,0.00,SIN
2a06:98c1:310a::9c63:d340:f125,4,4,0.00,495.20,0.00,SIN
2a06:98c1:3102:a178:b402:f6c0:3c97:5a9a,4,4,0.00,495.23,0.00,SIN
2a06:98c1:310e:7c29:9545:e03:71b0:63a1,4,4,0.00,495.27,0.00,SIN
2a06:98c1:3104:ac4b:65b0:dd57:60ef:caad,4,4,0.00,495.44,0.00,SIN
2a06:98c1:310c:90c1:8051:5120:8ef5:f9af,4,4,0.00,495.50,0.00,SIN
2a06:98c1:3109:5c62:7914:d8a5:9681:4eb,4,4,0.00,495.69,0.00,SIN
2a06:98c1:51:d161:12b0:cc25:dcb6:548d,4,4,0.00,495.71,0.00,SIN
2a06:98c1:3101:b508:f970:4a36:f755:80c9,4,4,0.00,495.79,0.00,SIN
2a06:98c1:3104:acf0:bb92:3ed:73d3:5a10,4,4,0.00,495.80,0.00,SIN
2a06:98c1:310c:90c1:8051:c43f:7fc8:fda9,4,4,0.00,495.86,0.00,SIN
2a06:98c1:310c::24a3:4938:51cd,4,4,0.00,495.88,0.00,SIN
2803:f800:51:361b:3ac1:8880:224:5789,4,4,0.00,495.93,0.00,SIN
2803:f800:51:367e:5328:3a40:360d:7de8,4,4,0.00,495.93,0.00,SIN
2a06:98c1:50:0:cbd9:e847:e745:de,4,4,0.00,495.94,0.00,SIN
2803:f800:50::41db:869a:9073,4,4,0.00,495.94,0.00,SIN
2a06:98c1:310f:53:3b70:c28f:7f55:67e4,4,4,0.00,496.06,0.00,SIN
2a06:98c1:3108:b01d:d20e:eecf:16ed:1e3b,4,4,0.00,496.13,0.00,SIN
2a06:98c1:310e:32:dc9f:3c6b:7b4:2118,4,4,0.00,496.16,0.00,SIN
2a06:98c1:310c:90c1:e221:8733:c1a3:aaa2,4,4,0.00,496.21,0.00,SIN
2803:f800:50:85:2221:1369:312b:5b37,4,4,0.00,496.23,0.00,SIN
2a06:98c1:310b:8009:1114:1aa5:4d57:d433,4,4,0.00,496.41,0.00,SIN
2a06:98c1:3105:6:496b:976:17c1:70b4,4,4,0.00,496.45,0.00,SIN
2a06:98c1:310b:8009:1121:c8cd:9a0d:aabc,4,4,0.00,496.50,0.00,SIN
2a06:98c1:310a:1f5e:aee5:3e73:2df7:cd5e,4,4,0.00,496.81,0.00,SIN
2a06:98c1:3105::49:6641,4,4,0.00,496.96,0.00,SIN
2a06:98c1:310e:7:fc4:d1d7:cb07:889f,4,4,0.00,496.97,0.00,SIN
2a06:98c1:310d:0:c80f:9a67:a55a:d755,4,4,0.00,497.06,0.00,SIN
2803:f800:50:57d1:f51a:b65b:83a7:9694,4,4,0.00,497.14,0.00,SIN
2a06:98c1:310e:7c29:9545:ee4:499c:b157,4,4,0.00,497.45,0.00,SIN
2a06:98c1:310b:ffaa:77cd:59b4:d739:2c1e,4,4,0.00,497.53,0.00,SIN
2803:f800:50:5768:3eab:b5ee:8499:f030,4,4,0.00,497.75,0.00,SIN
2a06:98c1:3106:a6:9d0f:67f9:8ffb:5ebc,4,4,0.00,497.91,0.00,SIN
2a06:98c1:310e:7c6e:56d8:7eab:9a8e:3ac7,4,4,0.00,497.94,0.00,SIN
2a06:98c1:51:d161:12b0:4454:325a:fecb,4,4,0.00,498.01,0.00,SIN
2a06:98c1:3100:9b:a47c:daf8:21d5:9643,4,4,0.00,498.11,0.00,SIN
2a06:98c1:310d:0:12:25cc:dcd2:7ed5,4,4,0.00,498.20,0.00,SIN
2a06:98c1:3101:b8:dddd:9a86:e82c:ef95,4,4,0.00,498.26,0.00,SIN
2a06:98c1:3108::dc42:a355:6c25,4,4,0.00,498.26,0.00,SIN
2a06:98c1:3105:92dd:479:a30:f97a:5991,4,4,0.00,498.28,0.00,SIN
2a06:98c1:3105:4:9a31:8e2c:df53:4e1e,4,4,0.00,498.33,0.00,SIN
2a06:98c1:3101:3c:c96b:b576:e05:fc08,4,4,0.00,498.33,0.00,SIN
2a06:98c1:3101:b5b3:962f:15bd:33f4:28b,4,4,0.00,498.34,0.00,SIN
2a06:98c1:3107:9d:b8dc:8ada:7ee3:c7c0,4,4,0.00,498.49,0.00,SIN
2a06:98c1:3109:30:4724:6c63:bea1:336b,4,4,0.00,498.60,0.00,SIN
2a06:98c1:3101:b508:81fc:a1fb:c2df:9fec,4,4,0.00,498.73,0.00,SIN
2a06:98c1:310e:7c29:90f7:bb54:646e:e33c,4,4,0.00,498.76,0.00,SIN
2a06:98c1:3102:0:255e:dc60:d233:d477,4,4,0.00,498.87,0.00,SIN
2a06:98c1:51:7c:a3a3:af:c60c:6f65,4,4,0.00,499.14,0.00,SIN
2a06:98c1:310e:7c29:90cb:1bea:2ba5:3689,4,4,0.00,499.31,0.00,SIN
2a06:98c1:3103:0:dce9:201e:4247:a3c2,4,4,0.00,499.33,0.00,SIN
2a06:98c1:310e:7c3f:b58d:8473:916:9812,4,4,0.00,499.36,0.00,SIN
2a06:98c1:310a:0:5e:2a32:c5c9:bca5,4,4,0.00,499.39,0.00,SIN
2a06:98c1:51:d161:12b0:58fb:c15e:ae76,4,4,0.00,499.55,0.00,SIN
2a06:98c1:310f:e0:a72:e13c:ffe0:6814,4,4,0.00,499.65,0.00,SIN
2a06:98c1:3109:0:74d0:9974:ef54:b3a1,4,4,0.00,499.67,0.00,SIN
2a06:98c1:310c:0:d9e0:c4b3:251e:8e9,4,4,0.00,499.69,0.00,SIN
2a06:98c1:310d:0:c80f:6a7c:cd8b:bde3,4,4,0.00,499.82,0.00,SIN
2803:f800:50::41db:47c9:f031,4,4,0.00,499.82,0.00,SIN
2a06:98c1:310a:0:a2a0:27b:699f:71f7,4,4,0.00,499.92,0.00,SIN
2a06:98c1:3106::f69e:81fb,4,4,0.00,499.94,0.00,SIN
2a06:98c1:3100:0:5418:7ae4:70dc:119c,4,4,0.00,499.95,0.00,SIN
2a06:98c1:310e:7:fc4:d1d7:af9:d8b1,4,4,0.00,499.95,0.00,SIN
2a06:98c1:310b:ffe6:bb4e:d84f:875e:bb76,4,4,0.00,499.96,0.00,SIN
2a06:98c1:3102:e6:c2fc:9b39:2c2d:3622,4,4,0.00,500.00,0.00,SIN
2a06:98c1:310e:7c3f:b58d:8473:900:decd,4,4,0.00,500.07,0.00,SIN
2a06:98c1:3105:92dd:a8a2:7ebf:de3e:7894,4,4,0.00,500.08,0.00,SIN
2a06:98c1:3105:0:79:94fe:824a:541d,4,4,0.00,500.08,0.00,SIN
2a06:98c1:310e:7:fc4:c4af:51ea:ee5f,4,4,0.00,500.09,0.00,SIN
2a06:98c1:3100:0:5418:103e:67ec:c50a,4,4,0.00,500.09,0.00,SIN
2a06:98c1:3102::23:3b50:7eb2,4,4,0.00,500.13,0.00,SIN
2a06:98c1:51:d11b:b9fd:eb7e:9d9f:ccdb,4,4,0.00,500.22,0.00,SIN
2a06:98c1:310c:90c1:8051:c43f:7f4e:d754,4,4,0.00,500.25,0.00,SIN
2a06:98c1:3104:ac4b:65b0:dd3c:9e44:ab6b,4,4,0.00,500.26,0.00,SIN
2a06:98c1:3109:bf:97d0:1b2e:3154:32cf,4,4,0.00,500.29,0.00,SIN
2a06:98c1:51:d161:12b0:589b:aa8c:aa02,4,4,0.00,500.38,0.00,SIN
2a06:98c1:3105:6:4985:7323:eea6:6d8c,4,4,0.00,500.61,0.00,SIN
2a06:98c1:3102:a178:b402:f663:a5ee:71ee,4,4,0.00,500.68,0.00,SIN
2a06:98c1:310f:53:7c7c:619e:250b:4b3,4,4,0.00,500.82,0.00,SIN
2a06:98c1:310e:7c3f:b5c4:3f69:cfca:eef8,4,4,0.00,500.88,0.00,SIN
2a06:98c1:51:51e9:68bc:6b57:1fb1:2c65,4,4,0.00,500.94,0.00,SIN
2a06:98c1:310e:7c29:90f7:bb54:6406:9939,4,4,0.00,500.96,0.00,SIN
2a06:98c1:3103:0:97:a640:8c1b:f174,4,4,0.00,501.13,0.00,SIN
2803:f800:51:c4:de54:f203:69b1:7593,4,4,0.00,501.18,0.00,SIN
2a06:98c1:3102:0:259e:6bbe:4d48:7af,4,4,0.00,501.28,0.00,SIN
2a06:98c1:3105:922e:f855:4383:45ac:cc0e,4,4,0.00,501.32,0.00,SIN
2a06:98c1:3105:b3:6722:fe13:68f6:b01,4,4,0.00,501.51,0.00,SIN
2a06:98c1:310c:0:a4a7:c90f:70da:3b6a,4,4,0.00,501.69,0.00,SIN
2a06:98c1:310e:32:dc9f:3c6b:12d:eb7d,4,4,0.00,501.71,0.00,SIN
2a06:98c1:3108:8d:db28:cbf7:ab12:7079,4,4,0.00,501.87,0.00,SIN
2803:f800:50:0:f426:fafe:5b80:bde3,4,4,0.00,501.88,0.00,SIN
2a06:98c1:310c::24a3:49ad:fdb5,4,4,0.00,501.88,0.00,SIN
2a06:98c1:310e:7:fc4:d135:1320:f333,4,4,0.00,501.95,0.00,SIN
2a06:98c1:3106:48:d74:8048:1425:4700,4,4,0.00,502.04,0.00,SIN
2a06:98c1:3105:4:9a31:8e2c:3029:4fc1,4,4,0.00,502.13,0.00,SIN
2a06:98c1:3104:ac2b:2377:565d:c65e:b5d6,4,4,0.00,502.26,0.00,SIN
2a06:98c1:3107:0:8464:e7e4:d90a:28d2,4,4,0.00,502.27,0.00,SIN
2a06:98c1:3105:92dd:444:ca5e:8d01:dc79,4,4,0.00,502.27,0.00,SIN
2a06:98c1:310e:0:d61d:8eef:4cac:aa0,4,4,0.00,502.42,0.00,SIN
2a06:98c1:3104:ac4b:65b0:dd20:9d43:153d,4,4,0.00,502.44,0.00,SIN
2a06:98c1:310e:7cd0:f0fb:bf88:9a5b:4a36,4,4,0.00,502.47,0.00,SIN
2a06:98c1:3109:bf:9723:38d6:5265:c0f0,4,4,0.00,502.47,0.00,SIN
2a06:98c1:51:d11b:f24:747d:db3b:175,4,4,0.00,502.53,0.00,SIN
2a06:98c1:310e:7c3f:b5c4:5047:7ce1:3db,4,4,0.00,502.67,0.00,SIN
2a06:98c1:310b:ffaa:77b3:47d:15a0:63f0,4,4,0.00,502.69,0.00,SIN
2a06:98c1:3107:9d:624a:7fa:a0c9:cefb,4,4,0.00,502.87,0.00,SIN
2a06:98c1:3105:92dd:a8a2:71fd:7983:5f34,4,4,0.00,502.95,0.00,SIN
2803:f800:50:0:9f5c:ae2c:e1c1:5a5a,4,4,0.00,502.98,0.00,SIN
2a06:98c1:3102::c053:41a4:2b17,4,4,0.00,503.01,0.00,SIN
2a06:98c1:3100::1fa4:7b91:b8f9,4,4,0.00,503.04,0.00,SIN
2a06:98c1:3101:b8:dddd:8303:84ae:5da4,4,4,0.00,503.07,0.00,SIN
2803:f800:50:85:59f2:23f3:f732:445a,4,4,0.00,503.18,0.00,SIN
2a06:98c1:51:0:d5b1:b3c4:f714:92c5,4,4,0.00,503.23,0.00,SIN
2a06:98c1:3105:922e:597c:f54a:2f74:497d,4,4,0.00,503.26,0.00,SIN
2a06:98c1:310a:4e:69ac:59f0:ce8:902d,4,4,0.00,503.38,0.00,SIN
2a06:98c1:3104:0:ced7:d43:4ef5:ee17,4,4,0.00,503.39,0.00,SIN
2803:f800:50:85:5915:3301:3057:a4ee,4,4,0.00,503.40,0.00,SIN
2803:f800:50:0:9f5c:1713:526d:3d24,4,4,0.00,503.42,0.00,SIN
2a06:98c1:3103:0:fd:9176:fc8b:4947,4,4,0.00,503.60,0.00,SIN
2803:f800:50:0:f426:2b3:1120:bf3a,4,4,0.00,503.61,0.00,SIN
2a06:98c1:310f:53:7c7c:619e:91cb:2832,4,4,0.00,503.71,0.00,SIN
2a06:98c1:3100:0:cbe5:c9f2:2da5:9920,4,4,0.00,503.75,0.00,SIN
2a06:98c1:310a:7e:6dca:23f2:a774:bc98,4,4,0.00,503.84,0.00,SIN
2803:f800:51:361b:3ac1:8813:e60b:13f5,4,4,0.00,503.87,0.00,SIN
2a06:98c1:3107:0:8464:e7e4:4ff2:a3eb,4,4,0.00,503.90,0.00,SIN
2a06:98c1:3109:0:cb3:d4c4:1bd4:8ec7,4,4,0.00,503.92,0.00,SIN
2a06:98c1:310d:7acf:9e63:cdfe:35d6:a2f0,4,4,0.00,504.20,0.00,SIN
2a06:98c1:3100:245c:b6b:69d7:34cb:994c,4,4,0.00,504.28,0.00,SIN
2a06:98c1:3107:9d:275:155b:8b36:6c86,4,4,0.00,504.34,0.00,SIN
2a06:98c1:51:d161:12b0:f39d:25e6:59b4,4,4,0.00,504.37,0.00,SIN
2a06:98c1:310a:7e:6dca:23f2:a75e:a19a,4,4,0.00,504.39,0.00,SIN
2a06:98c1:310d:0:12:252f:2374:94e9,4,4,0.00,504.50,0.00,SIN
2a06:98c1:3100:0:66:e0b6:6375:e90a,4,4,0.00,504.62,0.00,SIN
2a06:98c1:3107:9d:229:e8ae:cdcd:7fc6,4,4,0.00,504.65,0.00,SIN
2803:f800:50:0:9f5c:aefe:86b:9bf1,4,4,0.00,504.68,0.00,SIN
2a06:98c1:51:d11b:b9fd:7ac6:ac75:1c09,4,4,0.00,504.70,0.00,SIN
2a06:98c1:3100::1f09:fcfb:e1b1,4,4,0.00,504.72,0.00,SIN
2a06:98c1:310f:e0:a53:957f:d355:3814,4,4,0.00,504.81,0.00,SIN
2a06:98c1:3108:cb:8d85:7b47:c138:9cf9,4,4,0.00,504.93,0.00,SIN
2a06:98c1:3107:9d:624a:770:be66:d78f,4,4,0.00,505.04,0.00,SIN
2a06:98c1:3101:b8:dddd:9a86:1331:fe7c,4,4,0.00,505.06,0.00,SIN
2a06:98c1:3107:9d:275:157b:d188:671b,4,4,0.00,505.19,0.00,SIN
2a06:98c1:3100:0:66:e047:82a8:a7ac,4,4,0.00,505.20,0.00,SIN
2a06:98c1:310e:7c29:90cb:1bea:55de:478f,4,4,0.00,505.24,0.00,SIN
2803:f800:51:59ed:e0a2:cb00:e8ce:c78,4,4,0.00,505.29,0.00,SIN
2a06:98c1:3107:9d:624a:89da:6fca:a143,4,4,0.00,505.40,0.00,SIN
2803:f800:50:57d1:f51a:6550:563b:4079,4,4,0.00,505.42,0.00,SIN
2a06:98c1:3107:e29a:d6c1:21e2:72d9:6e81,4,4,0.00,505.46,0.00,SIN
2a06:98c1:3104:0:ced7:d43:4eb5:1943,4,4,0.00,505.50,0.00,SIN
2a06:98c1:3100::1f09:fff7:d080,4,4,0.00,505.51,0.00,SIN
2a06:98c1:310d:9eb:b4b5:6ae9:9186:18e7,4,4,0.00,505.57,0.00,SIN
2a06:98c1:3104:ac4b:6524:f4ad:6de6:9903,4,4,0.00,505.59,0.00,SIN
2a06:98c1:51:517a:70fa:95a1:dbee:1988,4,4,0.00,505.60,0.00,SIN
2803:f800:51:367e:4d43:6b99:3f12:b760,4,4,0.00,505.69,0.00,SIN
2a06:98c1:310f:e0:a90:6ac7:2bf7:61fa,4,4,0.00,505.79,0.00,SIN
2a06:98c1:3101:b8:dddd:8303:2000:4110,4,4,0.00,505.87,0.00,SIN
2a06:98c1:310f:e0:a90:c5ce:6275:c579,4,4,0.00,505.94,0.00,SIN
2803:f800:50:0:9f5c:17a5:502e:df7a,4,4,0.00,506.01,0.00,SIN
2a06:98c1:3102:e6:c2fc:77ae:f188:9cf3,4,4,0.00,506.07,0.00,SIN
2a06:98c1:3104:ac4b:e552:acc:ac7a:e296,4,4,0.00,506.21,0.00,SIN
2a06:98c1:51:517a:67f5:95f7:369f:69a2,4,4,0.00,506.25,0.00,SIN
2a06:98c1:3102::c053:4c52:c4b4,4,4,0.00,506.39,0.00,SIN
2a06:98c1:3100:9b:a47c:daf8:b0cc:ae4d,4,4,0.00,506.39,0.00,SIN
2a06:98c1:3105:6:490b:728b:c66:3ab,4,4,0.00,506.40,0.00,SIN
2803:f800:51::f760:9a86,4,4,0.00,506.40,0.00,SIN
2a06:98c1:3105:92dd:39b4:fc10:7fd:1398,4,4,0.00,506.56,0.00,SIN
2a06:98c1:3100:0:66:e0b6:1c57:e9d9,4,4,0.00,506.68,0.00,SIN
2a06:98c1:3107:9d:624a:89da:6f43:4627,4,4,0.00,506.86,0.00,SIN
2a06:98c1:3109:5cfd:239a:7188:456e:da0e,4,4,0.00,506.92,0.00,SIN
2a06:98c1:310e:7c3f:b5c4:5047:c057:5c1a,4,4,0.00,507.03,0.00,SIN
2a06:98c1:3105:0:9d16:e2e3:c38:c1cc,4,4,0.00,507.05,0.00,SIN
2a06:98c1:3109:bf:97d0:1bff:ef81:d4e7,4,4,0.00,507.08,0.00,SIN
2a06:98c1:3100:0:cbe5:c9f2:2d6d:a85c,4,4,0.00,507.09,0.00,SIN
2a06:98c1:310d:0:12:c08e:9dc2:be0e,4,4,0.00,507.12,0.00,SIN
2a06:98c1:310e:7c29:9545:f7fb:272b:ace1,4,4,0.00,507.17,0.00,SIN
2a06:98c1:310b:ffe6:5b79:f479:9ca0:6d38,4,4,0.00,507.18,0.00,SIN
2a06:98c1:3105:4:8d3:4f84:33c5:d9f7,4,4,0.00,507.31,0.00,SIN
2a06:98c1:3107:0:7084:f1f4:3500:7f46,4,4,0.00,507.32,0.00,SIN
2803:f800:51:367e:a11c:41b7:4936:6324,4,4,0.00,507.41,0.00,SIN
2a06:98c1:310c:90c1:8051:5182:83e5:ac8,4,4,0.00,507.41,0.00,SIN
2803:f800:50:0:cf:728d:6ef0:926d,4,4,0.00,507.43,0.00,SIN
2a06:98c1:3101:0:5c3c:ce50:27b:8b3f,4,4,0.00,507.44,0.00,SIN
2a06:98c1:3107:d8:40bb:4572:98d9:d5b4,4,4,0.00,507.60,0.00,SIN
2a06:98c1:3107:9d:624a:7fa:aaec:aae8,4,4,0.00,507.61,0.00,SIN
2a06:98c1:50:0:cb29:3109:a8d6:6aa5,4,4,0.00,507.69,0.00,SIN
2a06:98c1:3109:5cfd:239a:7152:f520:3dc3,4,4,0.00,507.70,0.00,SIN
2a06:98c1:3105:b2b8:7203:208d:ec12:f441,4,4,0.00,507.88,0.00,SIN
2a06:98c1:3105:7bac:759d:cdeb:8267:1631,4,4,0.00,507.93,0.00,SIN
2a06:98c1:3109:bf:97d0:1b2e:75e9:cf4a,4,4,0.00,508.17,0.00,SIN
2803:f800:51:367e:533a:a643:8ad4:8d6e,4,4,0.00,508.19,0.00,SIN
2a06:98c1:310d:5:a32c:a7b5:a07f:2b3a,4,4,0.00,508.19,0.00,SIN
2a06:98c1:3104:ac2b:2377:565d:c600:5826,4,4,0.00,508.21,0.00,SIN
2a06:98c1:3100:0:5418:7ae4:70be:4391,4,4,0.00,508.25,0.00,SIN
2a06:98c1:3101:b508:f93e:e7f7:1873:81bb,4,4,0.00,508.34,0.00,SIN
2a06:98c1:310b:ffe6:5b79:2ee7:c09f:2f2e,4,4,0.00,508.38,0.00,SIN
2a06:98c1:310e:7cd0:862f:3a2d:d406:c582,4,4,0.00,508.42,0.00,SIN
2a06:98c1:3107:9d:b809:4472:80e3:ab43,4,4,0.00,508.47,0.00,SIN
2803:f800:51:367e:a11c:8f9b:ce4f:f369,4,4,0.00,508.50,0.00,SIN
2a06:98c1:310a:0:d3e4:2328:eb6b:32f8,4,4,0.00,508.53,0.00,SIN
2803:f800:51:5943:44ac:4ba0:e8d8:6205,4,4,0.00,508.64,0.00,SIN
2803:f800:51:367e:f646:2065:17f1:777a,4,4,0.00,508.72,0.00,SIN
2a06:98c1:310f:53:7c7c:61a7:74db:41ef,4,4,0.00,508.73,0.00,SIN
2a06:98c1:3105:6:490b:d6bf:706d:c93,4,4,0.00,508.85,0.00,SIN
2a06:98c1:3101:b508:81fc:98fe:5a77:f454,4,4,0.00,509.00,0.00,SIN
2a06:98c1:3106:48:d49e:b47f:a999:4534,4,4,0.00,509.14,0.00,SIN
2a06:98c1:310d:0:12:c04a:320b:b2a5,4,4,0.00,509.22,0.00,SIN
2a06:98c1:3102::23:3b92:6020,4,4,0.00,509.24,0.00,SIN
2a06:98c1:3109:0:4693:7abd:4048:e656,4,4,0.00,509.30,0.00,SIN
2a06:98c1:310e:7c3f:6da8:9b1a:4df8:d9cf,4,4,0.00,509.43,0.00,SIN
2803:f800:51:367e:a11c:8f9f:ce98:8064,4,4,0.00,509.52,0.00,SIN
2803:f800:50:0:80:92df:57f7:e873,4,4,0.00,509.63,0.00,SIN
2a06:98c1:50:0:cb0e:b9fe:82b0:533b,4,4,0.00,509.75,0.00,SIN
2a06:98c1:3109:bf:97b8:dd5e:f8ef:5ae1,4,4,0.00,509.77,0.00,SIN
2a06:98c1:3109:0:4693:7abd:1659:1e0,4,4,0.00,509.78,0.00,SIN
2a06:98c1:310e:7c3f:b5c4:6d3c:97d6:b0ae,4,4,0.00,509.81,0.00,SIN
2a06:98c1:310e:7cd0:f0b3:c168:f4f4:52f1,4,4,0.00,510.03,0.00,SIN
2a06:98c1:310a::d7:983a:8ca6,4,4,0.00,510.05,0.00,SIN
2a06:98c1:3107:e213:9fb3:2cc2:136d:1b99,4,4,0.00,510.06,0.00,SIN
2a06:98c1:310d:923:3e9d:849e:76b2:3177,4,4,0.00,510.07,0.00,SIN
2a06:98c1:3106:c28d:8ce5:bd43:8e46:fe32,4,4,0.00,510.10,0.00,SIN
2803:f800:51:5961:dfff:652d:f675:2c59,4,4,0.00,510.12,0.00,SIN
2a06:98c1:3106:c2c8:50a8:2893:85a6:95f5,4,4,0.00,510.32,0.00,SIN
2803:f800:50:0:cf:728d:6e36:83a1,4,4,0.00,510.35,0.00,SIN
2a06:98c1:310c:0:a4a7:c96b:b1b8:f37a,4,4,0.00,510.47,0.00,SIN
2a06:98c1:3105:4:8d3:4f84:27ef:fd63,4,4,0.00,510.65,0.00,SIN
2a06:98c1:3109:63:9942:f28b:8b40:fd10,4,4,0.00,510.70,0.00,SIN
2a06:98c1:310e:7cd0:f0b3:c168:3bf8:9f23,4,4,0.00,510.73,0.00,SIN
2a06:98c1:310a:4e:c0a1:5061:9f6c:124b,4,4,0.00,510.74,0.00,SIN
2a06:98c1:310e:7cd0:f0b3:7d07:bc3b:b534,4,4,0.00,510.76,0.00,SIN
2a06:98c1:50:0:cb0e:b9a3:7e5f:bff2,4,4,0.00,510.79,0.00,SIN
2a06:98c1:3102:e6:c2f8:531d:b534:2578,4,4,0.00,510.82,0.00,SIN
2a06:98c1:3108:f1:314b:d531:3630:ebf,4,4,0.00,511.05,0.00,SIN
2a06:98c1:51:d11b:b9fd:7a30:5b32:c6c5,4,4,0.00,511.10,0.00,SIN
2a06:98c1:3101:b8:dddd:836c:38ac:3dac,4,4,0.00,511.13,0.00,SIN
2a06:98c1:3104:acf0:bb92:38d:2388:5e05,4,4,0.00,511.14,0.00,SIN
2a06:98c1:3104:ac2b:2377:56ce:1dc6:a262,4,4,0.00,511.15,0.00,SIN
2a06:98c1:310e:7:f0c:1ae4:6509:bb43,4,4,0.00,511.17,0.00,SIN
2803:f800:51:367e:f61a:2ab2:d3b8:aaef,4,4,0.00,511.22,0.00,SIN
2803:f800:51:36af:dc17:9701:3094:c05f,4,4,0.00,511.24,0.00,SIN
2a06:98c1:310e:7c3f:b5c4:5047:e50a:ef32,4,4,0.00,511.37,0.00,SIN
2a06:98c1:3109:0:4693:7abd:bf8f:24f0,4,4,0.00,511.39,0.00,SIN
2a06:98c1:3105:4:8d3:c9d6:c778:e92b,4,4,0.00,511.45,0.00,SIN
2a06:98c1:3105:6:4981:4773:439:50ab,4,4,0.00,511.46,0.00,SIN
2a06:98c1:3100:245c:8b70:76c7:f8d1:de26,4,4,0.00,511.48,0.00,SIN
2a06:98c1:3102:0:e0:ee52:3e8e:9fa3,4,4,0.00,511.53,0.00,SIN
2a06:98c1:310d:a8:c6:eb01:3d86:a198,4,4,0.00,511.58,0.00,SIN
2a06:98c1:3101:0:8a01:84f0:f710:7dc9,4,4,0.00,511.62,0.00,SIN
2a06:98c1:51:d11b:b9fd:145c:c0c4:cb3e,4,4,0.00,511.73,0.00,SIN
2803:f800:50:0:5b:a2da:59e1:af46,4,4,0.00,511.86,0.00,SIN
2a06:98c1:3104:acf0:bb92:7c83:6544:ec1d,4,4,0.00,512.00,0.00,SIN
2a06:98c1:3102:0:358c:1d2:3128:f249,4,4,0.00,512.02,0.00,SIN
2a06:98c1:310d:923:3ea5:5b03:1563:d871,4,4,0.00,512.03,0.00,SIN
2803:f800:51:367e:f61a:b750:bd6e:d7ec,4,4,0.00,512.03,0.00,SIN
2a06:98c1:3104:ac4b:e552:acc:ac8f:8766,4,4,0.00,512.07,0.00,SIN
2803:f800:51:367e:a11c:417a:5f61:fef5,4,4,0.00,512.15,0.00,SIN
2a06:98c1:3107:9d:b809:4484:7f9a:9d87,4,4,0.00,512.29,0.00,SIN
2803:f800:51:367e:5328:6d35:60c2:2b05,4,4,0.00,512.31,0.00,SIN
2a06:98c1:3102:e6:c2f8:53e6:6564:e43a,4,4,0.00,512.39,0.00,SIN
2a06:98c1:3109:0:9bb5:45f:b37a:682a,4,4,0.00,512.41,0.00,SIN
2a06:98c1:3108:cb:8d85:76c6:80b3:55e7,4,4,0.00,512.46,0.00,SIN
2a06:98c1:310e:32:dc9f:3c6b:48ed:7597,4,4,0.00,512.57,0.00,SIN
2a06:98c1:3104:ac4b:e552:e9b3:cf6e:9036,4,4,0.00,512.61,0.00,SIN
2a06:98c1:310b:80ff:345e:c282:5523:2e63,4,4,0.00,512.71,0.00,SIN
2a06:98c1:3102:0:3501:5fdc:177d:7329,4,4,0.00,512.74,0.00,SIN
2a06:98c1:3101:b8:dd73:a63e:e051:6327,4,4,0.00,512.79,0.00,SIN
2a06:98c1:3107:d8:40bb:4572:b2b1:566f,4,4,0.00,512.83,0.00,SIN
2a06:98c1:3107:9d:b809:62a3:452:1ca,4,4,0.00,512.93,0.00,SIN
2a06:98c1:3105:92dd:479:a93:707b:2fb4,4,4,0.00,512.99,0.00,SIN
2a06:98c1:310b:80ff:abd7:1451:47cc:5f90,4,4,0.00,513.22,0.00,SIN
2a06:98c1:310f:53:7c7c:9c77:6ab3:aa3c,4,4,0.00,513.33,0.00,SIN
2803:f800:51:361b:3aab:68dc:a448:b1ab,4,4,0.00,513.44,0.00,SIN
2a06:98c1:3102::5a9e,4,4,0.00,513.44,0.00,SIN
2803:f800:50:0:5b:a213:9b5a:38a9,4,4,0.00,513.48,0.00,SIN
2a06:98c1:3109:0:cb3:23b7:b133:38de,4,4,0.00,513.69,0.00,SIN
2a06:98c1:3108:b01d:d2f8:c380:70a8:b27,4,4,0.00,513.72,0.00,SIN
2a06:98c1:51:d11b:b9fd:145c:c005:4eda,4,4,0.00,513.98,0.00,SIN
2a06:98c1:310b:8009:11b4:6248:ce28:3563,4,4,0.00,514.04,0.00,SIN
2a06:98c1:3107:9d:b809:62a3:7631:e44,4,4,0.00,514.07,0.00,SIN
2a06:98c1:310d:a8:a6b8:c088:6e17:8f42,4,4,0.00,514.11,0.00,SIN
2a06:98c1:3109:0:4693:7ace:3153:242a,4,4,0.00,514.16,0.00,SIN
2a06:98c1:310a:0:5e:2a32:c5ea:b281,4,4,0.00,514.16,0.00,SIN
2a06:98c1:51:517a:67f5:6727:8fd1:b524,4,4,0.00,514.17,0.00,SIN
2a06:98c1:310a:4e:c0a1:5061:a9d:b950,4,4,0.00,514.19,0.00,SIN
2803:f800:51:367e:4d23:5507:1cc7:9081,4,4,0.00,514.24,0.00,SIN
2a06:98c1:310a:1f5e:ae7c:68fd:236c:9f4d,4,4,0.00,514.31,0.00,SIN
2a06:98c1:3105:7f:ee8c:b25d:6033:584f,4,4,0.00,514.32,0.00,SIN
2a06:98c1:310d:a8:a6b8:c04d:eb9a:f84,4,4,0.00,514.47,0.00,SIN
2a06:98c1:310e:7c29:9545:f7fb:2716:14eb,4,4,0.00,514.60,0.00,SIN
2a06:98c1:3100:0:cbe5:c926:7a8a:68da,4,4,0.00,514.62,0.00,SIN
2a06:98c1:3105:b2b8:7203:fbfa:5884:ca0c,4,4,0.00,514.63,0.00,SIN
2803:f800:51:367e:a11c:8fda:b3af:62f1,4,4,0.00,514.67,0.00,SIN
2a06:98c1:310b:80ff:abd7:1451:4e7b:7499,4,4,0.00,514.73,0.00,SIN
2a06:98c1:3101:b8:dd73:9688:1086:5c5e,4,4,0.00,514.76,0.00,SIN
2a06:98c1:51:517a:671d:fe4b:fd33:e8cc,4,4,0.00,514.82,0.00,SIN
2a06:98c1:51:517a:67f5:e46:f517:29cd,4,4,0.00,514.86,0.00,SIN
2a06:98c1:3109:0:f8:1d07:55be:329a,4,4,0.00,514.92,0.00,SIN
2803:f800:51:367e:533a:a687:7dcb:3d63,4,4,0.00,515.10,0.00,SIN
2a06:98c1:3107:0:8464:e782:9db5:9fef,4,4,0.00,515.12,0.00,SIN
2a06:98c1:3105:922e:594f:f1ea:288:ab3d,4,4,0.00,515.29,0.00,SIN
2a06:98c1:3105:7f:ee8c:b25d:60f1:8e71,4,4,0.00,515.53,0.00,SIN
2a06:98c1:3109:0:9bb5:4dc:fa62:268e,4,4,0.00,515.70,0.00,SIN
2a06:98c1:3104:ac88:c3a4:4c7d:332c:4e23,4,4,0.00,515.74,0.00,SIN
2a06:98c1:3105:6:4981:3b76:391a:932d,4,4,0.00,515.74,0.00,SIN
2a06:98c1:3104:0:ced7:a6aa:6c68:767b,4,4,0.00,515.90,0.00,SIN
2803:f800:51:5943:7527:4b83:3c5f:56dd,4,4,0.00,516.08,0.00,SIN
2a06:98c1:3104:ac88:c3a4:4c7d:544c:723c,4,4,0.00,516.10,0.00,SIN
2a06:98c1:3105:b3:85df:f7af:cdc1:e84a,4,4,0.00,516.10,0.00,SIN
2a06:98c1:3102:0:3a:ab13:63ad:d05e,4,4,0.00,516.11,0.00,SIN
2a06:98c1:3104:ac4b:6524:f4ad:6de9:9a26,4,4,0.00,516.13,0.00,SIN
2a06:98c1:310a:0:5e:3718:de38:5e37,4,4,0.00,516.44,0.00,SIN
2a06:98c1:51:e1:e8c0:bb55:503c:c4fe,4,4,0.00,516.45,0.00,SIN
2a06:98c1:3105:7f:ee8c:b206:7756:c35a,4,4,0.00,516.56,0.00,SIN
2a06:98c1:3109:63:9942:f28b:3040:7f40,4,4,0.00,516.75,0.00,SIN
2a06:98c1:3106:48:d463:f4d2:fff2:a44f,4,4,0.00,516.89,0.00,SIN
2803:f800:50::dd:142:49ba,4,4,0.00,517.16,0.00,SIN
2a06:98c1:3107:9d:b809:62a3:4146:5146,4,4,0.00,517.24,0.00,SIN
2a06:98c1:51:d161:12b0:f3dd:6b20:4c61,4,4,0.00,517.25,0.00,SIN
2a06:98c1:3100:9b:a47c:7568:1ea2:27e6,4,4,0.00,517.26,0.00,SIN
2a06:98c1:3100:0:547d:fea9:527c:4f90,4,4,0.00,517.28,0.00,SIN
2803:f800:51:367e:533a:a674:c7d9:dde7,4,4,0.00,517.29,0.00,SIN
2a06:98c1:50:0:cb0e:4564:c07f:5822,4,4,0.00,517.36,0.00,SIN
2a06:98c1:51:e1:e8c0:bb55:7556:8217,4,4,0.00,517.41,0.00,SIN
2a06:98c1:3107:e29a:d6c1:21af:6c9b:9a98,4,4,0.00,517.53,0.00,SIN
2a06:98c1:310a:1f5e:ae7c:6848:7578:5c0b,4,4,0.00,517.55,0.00,SIN
2a06:98c1:3109:bf:97b8:ddfa:92c3:986,4,4,0.00,517.72,0.00,SIN
2803:f800:51:c4:8284:91ad:bebf:8853,4,4,0.00,517.81,0.00,SIN
2a06:98c1:51:d11b:b9fd:1434:3ec6:13a5,4,4,0.00,517.89,0.00,SIN
2a06:98c1:310c:904c:4b0b:db3d:91b6:6d98,4,4,0.00,517.92,0.00,SIN
2a06:98c1:3109:0:10:a64b:d8ac:8daf,4,4,0.00,517.94,0.00,SIN
2a06:98c1:3104:0:ce5a:5d85:8848:575a,4,4,0.00,517.99,0.00,SIN
2a06:98c1:3105:4:869:b9ae:3014:a300,4,4,0.00,518.02,0.00,SIN
2a06:98c1:3104:acf0:bb92:3b5:8f0e:a174,4,4,0.00,518.05,0.00,SIN
2803:f800:51:5943:44ac:4bed:70f5:6a92,4,4,0.00,518.20,0.00,SIN
2803:f800:51:367e:533a:a651:5d97:24fe,4,4,0.00,518.37,0.00,SIN
2a06:98c1:310f:53:3bf4:9480:7b56:2091,4,4,0.00,518.38,0.00,SIN
2a06:98c1:3106:c2c3:785c:fc73:e378:761,4,4,0.00,518.46,0.00,SIN
2a06:98c1:3109:bf:97b8:dd5e:f852:28d6,4,4,0.00,518.48,0.00,SIN
2a06:98c1:3100::b690:fe1d:a9c9,4,4,0.00,518.61,0.00,SIN
2a06:98c1:3100:245c:8bee:d716:31f2:acf6,4,4,0.00,518.67,0.00,SIN
2a06:98c1:3104:ac2b:2377:565d:14:107d,4,4,0.00,518.74,0.00,SIN
2803:f800:51:367e:f6d9:6305:bfb4:3b5c,4,4,0.00,518.92,0.00,SIN
2a06:98c1:51:7c:7b34:fbdf:37cf:df7a,4,4,0.00,519.04,0.00,SIN
2803:f800:51:367e:5328:8efd:96df:720a,4,4,0.00,519.08,0.00,SIN
2a06:98c1:3105:7bac:759d:cd40:201c:39c1,4,4,0.00,519.12,0.00,SIN
2a06:98c1:3100:0:cb48:fde8:2a09:f963,4,4,0.00,519.20,0.00,SIN
2a06:98c1:3103:fc:9491:13e4:ab40:6ec,4,4,0.00,519.27,0.00,SIN
2a06:98c1:51:d161:f610:4f67:e488:c558,4,4,0.00,519.34,0.00,SIN
2a06:98c1:3100:9b:a47c:7568:1edb:b36b,4,4,0.00,519.38,0.00,SIN
2803:f800:51:59ed:e0a2:cb7b:a606:72b0,4,4,0.00,519.55,0.00,SIN
2a06:98c1:3100:0:cb48:fde8:bf6b:7e4e,4,4,0.00,519.68,0.00,SIN
2a06:98c1:310d:0:12:252f:afc0:8748,4,4,0.00,519.73,0.00,SIN
2a06:98c1:310c:0:d90d:da04:fce3:16ee,4,4,0.00,519.76,0.00,SIN
2a06:98c1:3105::4fb6,4,4,0.00,519.78,0.00,SIN
2a06:98c1:3108::e4:f96c:8c0c,4,4,0.00,519.78,0.00,SIN
2a06:98c1:50:0:8b:56ae:15f9:ae41,4,4,0.00,519.83,0.00,SIN
2a06:98c1:3104:0:ced7:a6aa:562d:e262,4,4,0.00,519.85,0.00,SIN
2a06:98c1:3108:cb:8d85:f0d0:fd4d:8cf0,4,4,0.00,519.88,0.00,SIN
2a06:98c1:310e:7c29:9545:f7fb:a6b4:a3db,4,4,0.00,520.02,0.00,SIN
2a06:98c1:51:7c:7b80:bc93:87aa:fc3d,4,4,0.00,520.06,0.00,SIN
2a06:98c1:3106:a6:9deb:bcc6:1d5c:8a55,4,4,0.00,520.09,0.00,SIN
2a06:98c1:51::9266:1f19:dc13,4,4,0.00,520.11,0.00,SIN
2803:f800:51:36af:dc17:97f5:f690:debd,4,4,0.00,520.21,0.00,SIN
2a06:98c1:3107:9d:b85b:406a:850b:bf2a,4,4,0.00,520.28,0.00,SIN
2a06:98c1:3107:9d:624a:89da:bcf3:367c,4,4,0.00,520.30,0.00,SIN
2a06:98c1:3109:0:74a8:ba9d:86e7:b8e6,4,4,0.00,520.33,0.00,SIN
2a06:98c1:3103:cfb8:ea61:9c07:94e2:e65f,4,4,0.00,520.34,0.00,SIN
2803:f800:51:367e:a1e2:5ba4:b0c3:af43,4,4,0.00,520.36,0.00,SIN
2803:f800:51:367e:f646:2065:170d:aaf6,4,4,0.00,520.40,0.00,SIN
2a06:98c1:3105:4:8d3:4fdc:c5e3:d625,4,4,0.00,520.47,0.00,SIN
2a06:98c1:3105:0:79:94fe:825d:e27b,4,4,0.00,520.47,0.00,SIN
2a06:98c1:3108:cb:8d85:7b47:5c4e:e208,4,4,0.00,520.48,0.00,SIN
2a06:98c1:3102:a11b:dd25:ec36:7a94:eb2c,4,4,0.00,520.76,0.00,SIN
2a06:98c1:3105:b2b8:7203:208d:ece3:4eb3,4,4,0.00,520.94,0.00,SIN
2a06:98c1:51:51e9:68bc:6b57:e1ae:ad98,4,4,0.00,521.03,0.00,SIN
2a06:98c1:3100:9b:a47c:7542:28e3:af19,4,4,0.00,521.27,0.00,SIN
2a06:98c1:51:d161:f658:2bbd:2d79:8780,4,4,0.00,521.36,0.00,SIN
2a06:98c1:3109:bf:973b:2797:88a6:f5da,4,4,0.00,521.41,0.00,SIN
2a06:98c1:3109:0:10:a64b:a2b9:23b6,4,4,0.00,521.73,0.00,SIN
2a06:98c1:310d:0:12:c08e:f4cc:b3f1,4,4,0.00,521.76,0.00,SIN
2a06:98c1:310a::f440:f422,4,4,0.00,521.86,0.00,SIN
2a06:98c1:310e:7cd0:f0b3:7af6:ce4a:5517,4,4,0.00,522.19,0.00,SIN
2a06:98c1:3106::9a07:9961:b0b1,4,4,0.00,522.27,0.00,SIN
2a06:98c1:3107:9d:b8c4:8bcf:4512:47e1,4,4,0.00,522.31,0.00,SIN
2a06:98c1:51:e1:e84b:f2b8:afa1:8f99,4,4,0.00,522.32,0.00,SIN
2a06:98c1:3106:48:d463:f4d2:3fcb:6dfb,4,4,0.00,522.47,0.00,SIN
2a06:98c1:3108:b01d:d20e:b710:8093:dd32,4,4,0.00,522.50,0.00,SIN
2a06:98c1:3109:0:74a8:2ad4:6b1e:79b7,4,4,0.00,522.50,0.00,SIN
2a06:98c1:3108:f1:e6e4:eb6d:adff:9a14,4,4,0.00,522.50,0.00,SIN
2a06:98c1:310e:7:7bc1:48c5:b715:8a4e,4,4,0.00,522.66,0.00,SIN
2803:f800:51:c4:820d:dcbc:88f7:167,4,4,0.00,522.68,0.00,SIN
2803:f800:50::4b65:df2d,4,4,0.00,522.82,0.00,SIN
2a06:98c1:51:517a:67f5:95f7:e65:606,4,4,0.00,522.87,0.00,SIN
2a06:98c1:51::927a:d178:3f9a,4,4,0.00,522.99,0.00,SIN
2a06:98c1:51:517a:67fc:d4dc:3b71:6c16,4,4,0.00,523.11,0.00,SIN
2a06:98c1:51:e1:e84b:2190:b423:593f,4,4,0.00,523.16,0.00,SIN
2a06:98c1:3106:48:d463:f4d2:3f31:878c,4,4,0.00,523.47,0.00,SIN
2a06:98c1:3105:4:82e:667e:caff:63df,4,4,0.00,523.56,0.00,SIN
2a06:98c1:3109:0:74a8:999d:bb5:3630,4,4,0.00,523.56,0.00,SIN
2a06:98c1:3108:f1:e6e4:dcfd:b362:ebe0,4,4,0.00,523.57,0.00,SIN
2803:f800:50::dd:dbe2:664f,4,4,0.00,523.57,0.00,SIN
2a06:98c1:3105:92dd:479:a30:f9d7:295f,4,4,0.00,523.67,0.00,SIN
2a06:98c1:3105:4:82e:a639:2baa:5602,4,4,0.00,523.69,0.00,SIN
2a06:98c1:3105:0:a3:9e:8e2a:f23d,4,4,0.00,523.72,0.00,SIN
2a06:98c1:3107:e29a:528f:d61d:2a7f:88c6,4,4,0.00,523.74,0.00,SIN
2a06:98c1:310e:7c29:9545:eee:4d88:387f,4,4,0.00,523.75,0.00,SIN
2803:f800:51:5961:dff6:7fb6:c031:edf9,4,4,0.00,523.79,0.00,SIN
2a06:98c1:310c:9063:b271:b7f9:56b7:110a,4,4,0.00,524.01,0.00,SIN
2a06:98c1:3109:0:74a8:2ad4:96f4:2635,4,4,0.00,524.03,0.00,SIN
2a06:98c1:51:517a:671d:5d67:a8f0:8eb5,4,4,0.00,524.22,0.00,SIN
2a06:98c1:3109:0:7475:74d1:e4fb:dc89,4,4,0.00,524.23,0.00,SIN
2a06:98c1:3107:6a76:59f3:2412:93a6:c0da,4,4,0.00,524.30,0.00,SIN
2a06:98c1:3108:b01d:4482:c2c7:aad0:38f2,4,4,0.00,524.34,0.00,SIN
2a06:98c1:3104:acf0:bb92:38d:470:153c,4,4,0.00,524.42,0.00,SIN
2a06:98c1:3107:e291:390:6565:51b9:d752,4,4,0.00,524.71,0.00,SIN
2a06:98c1:3105::c902:fc2a,4,4,0.00,524.80,0.00,SIN
2a06:98c1:51:d11b:f24:747d:ef18:be4d,4,4,0.00,524.82,0.00,SIN
2803:f800:51:367e:533a:a674:c725:654f,4,4,0.00,524.84,0.00,SIN
2a06:98c1:3109::9a01:ce06,4,4,0.00,524.84,0.00,SIN
2a06:98c1:310e:7cd0:f0b3:ae3f:27bd:2ca2,4,4,0.00,524.92,0.00,SIN
2a06:98c1:51:517a:671d:5d67:a826:8297,4,4,0.00,524.92,0.00,SIN
2a06:98c1:310c:90c1:8051:5173:cf7:fb13,4,4,0.00,525.03,0.00,SIN
2a06:98c1:3109::bb50:1386:7739,4,4,0.00,525.05,0.00,SIN
2803:f800:51::b9:d2db:8d64,4,4,0.00,525.05,0.00,SIN
2a06:98c1:51:d161:12b0:ccc4:f9c:85b7,4,4,0.00,525.21,0.00,SIN
2a06:98c1:3107::41fc:b975:45ec,4,4,0.00,525.29,0.00,SIN
2a06:98c1:3103:fc:9491:4214:35da:c28a,4,4,0.00,525.43,0.00,SIN
2803:f800:51:36af:dc17:97f5:f604:c1fd,4,4,0.00,525.45,0.00,SIN
2a06:98c1:3108:b085:ce7f:4bfc:31e7:983c,4,4,0.00,525.46,0.00,SIN
2a06:98c1:310b:80ff:abd7:1401:e8d7:8e26,4,4,0.00,525.47,0.00,SIN
2a06:98c1:3100:0:cb48:15a2:a5e4:4f2a,4,4,0.00,525.55,0.00,SIN
2a06:98c1:3108:cb:8d85:f02a:c916:994f,4,4,0.00,525.74,0.00,SIN
2a06:98c1:3104:ac2b:23ec:7d71:eb7b:d9ee,4,4,0.00,525.86,0.00,SIN
2a06:98c1:3107:d8:5f02:901a:2a9a:a979,4,4,0.00,525.87,0.00,SIN
2a06:98c1:3109:30:ee54:c9d4:35:e572,4,4,0.00,525.93,0.00,SIN
2a06:98c1:310d:a8:11:281a:eb61:7563,4,4,0.00,526.01,0.00,SIN
2a06:98c1:3100:b521:6cd0:aa66:9fab:58cb,4,4,0.00,526.24,0.00,SIN
2a06:98c1:3108:cb:8d85:f02a:a4c:3bf1,4,4,0.00,526.34,0.00,SIN
2a06:98c1:3108:b0b7:b720:74be:b32f:ef95,4,4,0.00,526.48,0.00,SIN
2a06:98c1:3109:bf:973b:2797:8ed:4e29,4,4,0.00,526.56,0.00,SIN
2a06:98c1:50:0:b:734b:c44:11b7,4,4,0.00,526.59,0.00,SIN
2a06:98c1:3103:fc:9491:4214:cff8:be9,4,4,0.00,526.60,0.00,SIN
2a06:98c1:51:d11b:f24:747d:ef57:d418,4,4,0.00,526.63,0.00,SIN
2a06:98c1:310d:a8:11:281a:1c3:24e,4,4,0.00,526.68,0.00,SIN
2803:f800:51:bd:7763:3bdd:126a:68c1,4,4,0.00,526.77,0.00,SIN
2a06:98c1:3108:cb:8d85:f02a:a41:4ad3,4,4,0.00,526.97,0.00,SIN
2a06:98c1:3103:0:97:6e12:fed2:cf9a,4,4,0.00,526.99,0.00,SIN
2a06:98c1:310b:80ff:abd7:1401:593d:bd6e,4,4,0.00,527.03,0.00,SIN
2a06:98c1:310b:ffe6:5bab:c110:ddda:7e4d,4,4,0.00,527.04,0.00,SIN
2a06:98c1:51:7c:a3cf:2e3c:f866:e15,4,4,0.00,527.08,0.00,SIN
2a06:98c1:3108:b0b7:b7cf:c4c7:7b38:b207,4,4,0.00,527.15,0.00,SIN
2a06:98c1:3106::bf:587a,4,4,0.00,527.18,0.00,SIN
2a06:98c1:3107:9d:624a:89da:3c5f:610e,4,4,0.00,527.20,0.00,SIN
2a06:98c1:310e:7cd0:f0b3:2c72:b7f7:cfc4,4,4,0.00,527.28,0.00,SIN
2803:f800:51:5943:75b4:f5e9:202a:1b3c,4,4,0.00,527.29,0.00,SIN
2a06:98c1:3101:3c:c96b:7983:936a:441e,4,4,0.00,527.44,0.00,SIN
2803:f800:51::cece:2526:e92e,4,4,0.00,527.44,0.00,SIN
2a06:98c1:310b:ffe6:5b79:d2b1:bfca:1dde,4,4,0.00,527.60,0.00,SIN
2a06:98c1:3107:e29a:d61d:b5e3:8a89:3b20,4,4,0.00,527.65,0.00,SIN
2a06:98c1:3101:b5b3:962f:156f:9467:966,4,4,0.00,527.88,0.00,SIN
2a06:98c1:3109:bf:973b:2728:ce82:2c13,4,4,0.00,528.05,0.00,SIN
2803:f800:51:bd:774a:75ec:bc4f:e727,4,4,0.00,528.13,0.00,SIN
2803:f800:51:361b:3aab:683c:818b:ed96,4,4,0.00,528.17,0.00,SIN
2a06:98c1:50::86b5:bb96:d56a,4,4,0.00,528.50,0.00,SIN
2a06:98c1:310d:a8:c6:738d:539a:3284,4,4,0.00,528.54,0.00,SIN
2a06:98c1:3100:0:547d:fea9:ae87:1eae,4,4,0.00,528.69,0.00,SIN
2a06:98c1:310d:923:3ea5:5b03:9737:f043,4,4,0.00,528.89,0.00,SIN
2a06:98c1:3100:0:5418:dd97:28ae:bc13,4,4,0.00,529.06,0.00,SIN
2a06:98c1:3107:9d:b8dc:8ada:cf7:3e94,4,4,0.00,529.07,0.00,SIN
2a06:98c1:3105:b2b8:7203:fbfa:d1f5:7490,4,4,0.00,529.15,0.00,SIN
2a06:98c1:3108:b0b7:b720:7484:edbd:1d0f,4,4,0.00,529.18,0.00,SIN
2a06:98c1:3105:922e:594f:23b9:50a2:913f,4,4,0.00,529.28,0.00,SIN
2a06:98c1:310f:53:3b70:c2c9:2ef6:243b,4,4,0.00,529.29,0.00,SIN
2a06:98c1:310b:80ff:abd7:14c6:bb95:3667,4,4,0.00,529.31,0.00,SIN
2a06:98c1:310d:923:3ea5:a042:7dac:fc2,4,4,0.00,529.35,0.00,SIN
2a06:98c1:310e:7c29:9545:e544:8129:4507,4,4,0.00,529.36,0.00,SIN
2a06:98c1:3109:bf:97b8:8915:4b95:b3fb,4,4,0.00,529.39,0.00,SIN
2a06:98c1:3105:b2b8:7203:208d:1180:b529,4,4,0.00,529.40,0.00,SIN
2a06:98c1:51::9266:1f8a:a962,4,4,0.00,529.42,0.00,SIN
2a06:98c1:310e:7c3f:4810:ce95:ed7d:f747,4,4,0.00,529.43,0.00,SIN
2a06:98c1:3108:cb:8d85:f093:c03e:bd76,4,4,0.00,529.69,0.00,SIN
2803:f800:50::8bde:e87e:7deb,4,4,0.00,529.77,0.00,SIN
2803:f800:51::13:ea49:5f62,4,4,0.00,529.95,0.00,SIN
2a06:98c1:51:e1:e8c0:bb55:909:c4cb,4,4,0.00,530.21,0.00,SIN
2a06:98c1:3104:ac2b:2377:565d:c6f7:946d,4,4,0.00,530.36,0.00,SIN
2a06:98c1:50::af:fb9d,4,4,0.00,530.55,0.00,SIN
2803:f800:51::ce96:ad79:44b0,4,4,0.00,530.57,0.00,SIN
2a06:98c1:310d:923:3ea5:a042:7de6:3dec,4,4,0.00,530.71,0.00,SIN
2a06:98c1:3105:b2b8:7203:203d:2b37:7bd4,4,4,0.00,530.82,0.00,SIN
2a06:98c1:3108:b0b7:b720:7484:44c3:a3c7,4,4,0.00,530.98,0.00,SIN
2a06:98c1:3103:fc:94c9:c03e:8757:e4b7,4,4,0.00,531.12,0.00,SIN
2a06:98c1:3105:7f:ee8c:b25d:7574:9a19,4,4,0.00,531.19,0.00,SIN
2a06:98c1:3100:9b:a4a0:3a4b:5d9:9706,4,4,0.00,531.28,0.00,SIN
2a06:98c1:3107:e29a:ec2c:9a53:697f:86f5,4,4,0.00,531.73,0.00,SIN
2a06:98c1:3100:0:cbe5:c926:15ca:a89b,4,4,0.00,531.81,0.00,SIN
2a06:98c1:3108:b085:ce7f:ffe3:c862:9e71,4,4,0.00,531.87,0.00,SIN
2a06:98c1:3102:a11b:f817:53f5:63fa:d717,4,4,0.00,531.88,0.00,SIN
2400:cb00:2049:d7:b3f1:30d:4a32:1c87,4,4,0.00,531.98,0.00,SIN
2a06:98c1:310f:e0:a72:e1b3:8ae2:47f3,4,4,0.00,532.08,0.00,SIN
2a06:98c1:51:e1:e8c0:bbe2:304e:f786,4,4,0.00,532.09,0.00,SIN
2a06:98c1:3102:0:b5:623f:c82a:e54d,4,4,0.00,532.14,0.00,SIN
2803:f800:51:36af:a3a:9c2b:8320:c700,4,4,0.00,532.14,0.00,SIN
2a06:98c1:50::b:9422,4,4,0.00,532.57,0.00,SIN
2a06:98c1:3105:b2b8:7203:208d:b149:f5ca,4,4,0.00,532.63,0.00,SIN
2a06:98c1:3105:4:82e:a639:906b:da4b,4,4,0.00,532.68,0.00,SIN
2803:f800:51:5961:bc6:c00:5aaa:703c,4,4,0.00,532.69,0.00,SIN
2803:f800:51:367e:533a:f9d9:9bf9:5b68,4,4,0.00,532.70,0.00,SIN
2a06:98c1:3108:b085:ce48:81ef:25e3:1590,4,4,0.00,532.72,0.00,SIN
2a06:98c1:3108:cb:8d85:f0d0:fd1f:fd6d,4,4,0.00,532.77,0.00,SIN
2a06:98c1:3103:fc:9491:4262:5ee1:f8f1,4,4,0.00,532.86,0.00,SIN
2803:f800:51:367e:533a:f9d9:9b1d:bac9,4,4,0.00,532.94,0.00,SIN
2a06:98c1:3103:fc:9491:ee5b:6ebc:999a,4,4,0.00,532.96,0.00,SIN
2a06:98c1:3101:b508:f93e:e7f7:d2be:e650,4,4,0.00,533.00,0.00,SIN
2a06:98c1:3101:0:5c3c:6ff3:df97:b515,4,4,0.00,533.06,0.00,SIN
2803:f800:51:367e:533a:5ae8:a09a:fd97,4,4,0.00,533.10,0.00,SIN
2a06:98c1:310e:7c3f:b5c4:6d3c:a3eb:359c,4,4,0.00,533.14,0.00,SIN
2a06:98c1:3103:fc:57d9:905c:6491:7c10,4,4,0.00,533.15,0.00,SIN
2a06:98c1:3102:a11b:dd25:e6be:2eb0:51e,4,4,0.00,533.32,0.00,SIN
2a06:98c1:3108:b085:5ba8:303f:c3e6:dc07,4,4,0.00,533.36,0.00,SIN
2a06:98c1:3108:b0b7:b720:74be:b396:d378,4,4,0.00,533.42,0.00,SIN
2a06:98c1:310d:0:12:252f:e2a3:d7b7,4,4,0.00,533.48,0.00,SIN
2a06:98c1:3108:b0b7:b720:745b:9b57:5f6,4,4,0.00,533.53,0.00,SIN
2400:cb00:2049:fa3:8cb5:40e7:84f5:2a49,4,4,0.00,533.57,0.00,SIN
2a06:98c1:310e:32:2977:64f0:b87e:e7e7,4,4,0.00,533.66,0.00,SIN
2a06:98c1:3107:e291:390:6565:514f:efa2,4,4,0.00,533.68,0.00,SIN
2a06:98c1:3103::c987:96e0:a33a,4,4,0.00,533.71,0.00,SIN
2a06:98c1:310e:7c3f:b5c4:6dbf:8299:22fe,4,4,0.00,533.74,0.00,SIN
2a06:98c1:3100:594:1151:40b5:f148:a445,4,4,0.00,533.89,0.00,SIN
2a06:98c1:51:e1:e84b:217e:50b0:2d15,4,4,0.00,534.11,0.00,SIN
2a06:98c1:3109:bf:97d0:1bf6:94d:9638,4,4,0.00,534.18,0.00,SIN
2a06:98c1:50::d0:141a,4,4,0.00,534.19,0.00,SIN
2803:f800:51:0:ceac:f8b:648a:df78,4,4,0.00,534.23,0.00,SIN
2a06:98c1:3108:f1:314b:271a:b89f:ed30,4,4,0.00,534.24,0.00,SIN
2a06:98c1:3108:b085:ce7f:4b12:3a5:c63e,4,4,0.00,534.46,0.00,SIN
2a06:98c1:51:d11b:f24:747d:ef53:a970,4,4,0.00,534.52,0.00,SIN
2803:f800:50:0:5b:10a:e7ed:153b,4,4,0.00,534.54,0.00,SIN
2a06:98c1:50::2686:b0e9,4,4,0.00,534.60,0.00,SIN
2a06:98c1:3105:7f:ee8c:b2d7:1919:7ec2,4,4,0.00,534.68,0.00,SIN
2a06:98c1:3107:e29a:528f:d61d:ff40:99b,4,4,0.00,534.70,0.00,SIN
2a06:98c1:3101:b8:dd73:9688:103e:be86,4,4,0.00,534.72,0.00,SIN
2a06:98c1:3105:92dd:a8a2:adb3:9b6e:8552,4,4,0.00,534.75,0.00,SIN
2a06:98c1:3106:a6:9d0f:5b5a:5588:5414,4,4,0.00,534.80,0.00,SIN
2a06:98c1:50::2623:812a,4,4,0.00,534.85,0.00,SIN
2a06:98c1:3108:b01d:d20e:eecf:1640:8632,4,4,0.00,534.91,0.00,SIN
2a06:98c1:3108:f1:314b:271a:6ec3:eaef,4,4,0.00,534.97,0.00,SIN
2a06:98c1:310a:4e:5518:ea95:6eb1:53c6,4,4,0.00,534.99,0.00,SIN
2400:cb00:2049:d7:b392:4797:dc67:abf0,4,4,0.00,535.04,0.00,SIN
2400:cb00:2049::c2:3952,4,4,0.00,535.05,0.00,SIN
2400:cb00:2049:fa3:8cb5:40e7:323a:323a,4,4,0.00,535.08,0.00,SIN
2a06:98c1:310d:a8:c6:eb80:3c52:efd3,4,4,0.00,535.18,0.00,SIN
2a06:98c1:3101:3c:967c:8b26:9dfa:aac9,4,4,0.00,535.19,0.00,SIN
2a06:98c1:3109:bf:97b8:dde4:34ec:29b6,4,4,0.00,535.22,0.00,SIN
2a06:98c1:3108:cb:8d85:f0b6:91cc:f674,4,4,0.00,535.30,0.00,SIN
2400:cb00:2049:d7:b3f1:e238:9f5e:4f50,4,4,0.00,535.31,0.00,SIN
2a06:98c1:310e:7:f0c:4fcc:2c04:67ba,4,4,0.00,535.33,0.00,SIN
2803:f800:51:367e:533a:5ae8:1cc2:20e1,4,4,0.00,535.35,0.00,SIN
2803:f800:51:0:ceac:f8b:6445:a59,4,4,0.00,535.50,0.00,SIN
2803:f800:51:367e:5328:8e8e:fe:36e4,4,4,0.00,535.56,0.00,SIN
2a06:98c1:3104:0:ced7:a6aa:af68:89a9,4,4,0.00,535.57,0.00,SIN
2a06:98c1:51:0:d59c:8e0e:4117:61ed,4,4,0.00,535.60,0.00,SIN
2803:f800:51:5943:77b0:7910:621f:b59e,4,4,0.00,535.76,0.00,SIN
2a06:98c1:3103:0:97:6e5a:b3b:68,4,4,0.00,535.85,0.00,SIN
2a06:98c1:310b:ffe6:3435:8484:f705:d6e7,4,4,0.00,535.87,0.00,SIN
2a06:98c1:3104:0:ced7:a6aa:d92a:3967,4,4,0.00,536.02,0.00,SIN
2a06:98c1:3106:a6:9d0f:5b5a:55ee:4886,4,4,0.00,536.05,0.00,SIN
2a06:98c1:3100:b521:fa38:1427:c3fb:deb6,4,4,0.00,536.07,0.00,SIN
2a06:98c1:51:7c:a3f3:4bc9:eb0f:8e1a,4,4,0.00,536.08,0.00,SIN
2a06:98c1:3108:b0b7:b7cf:c4c7:a5a7:54bc,4,4,0.00,536.11,0.00,SIN
2400:cb00:2049:d7:b3f1:e26e:e9e7:f9f1,4,4,0.00,536.12,0.00,SIN
2a06:98c1:3105:92dd:479:bdc1:50e8:542b,4,4,0.00,536.17,0.00,SIN
2a06:98c1:3106:c2c3:785c:41d9:e2f8:cc6c,4,4,0.00,536.21,0.00,SIN
2a06:98c1:310d:7acf:1ef4:3b7b:91a5:2239,4,4,0.00,536.34,0.00,SIN
2803:f800:50:0:5b:10a:dae7:7d5c,4,4,0.00,536.35,0.00,SIN
2a06:98c1:3100:0:66:57ea:3d01:e5e5,4,4,0.00,536.38,0.00,SIN
2a06:98c1:3103:0:97:6e1a:b9bf:2c85,4,4,0.00,536.45,0.00,SIN
2a06:98c1:3105:92dd:479:bdc1:d17d:af50,4,4,0.00,536.45,0.00,SIN
2a06:98c1:3107:e291:390:8546:1f43:4455,4,4,0.00,536.45,0.00,SIN
2a06:98c1:3101:3c:c96b:b576:e50:51de,4,4,0.00,536.47,0.00,SIN
2803:f800:50:0:5b:10a:d35e:ac6,4,4,0.00,536.48,0.00,SIN
2a06:98c1:3109:bf:97b8:dde4:d2b7:6fd9,4,4,0.00,536.53,0.00,SIN
2a06:98c1:50::71b0:8491,4,4,0.00,536.66,0.00,SIN
2803:f800:51:0:ceac:8bf6:75db:9a0e,4,4,0.00,536.70,0.00,SIN
2a06:98c1:3104:de:8639:b38d:e89d:6c83,4,4,0.00,536.75,0.00,SIN
2a06:98c1:3105:0:a3:a2:44db:235e,4,4,0.00,536.78,0.00,SIN
2a06:98c1:3100:9b:a47c:7568:f9af:252c,4,4,0.00,536.79,0.00,SIN
2a06:98c1:310a:1f5e:ae7c:28f7:27cd:c846,4,4,0.00,536.83,0.00,SIN
2a06:98c1:310b:ffaa:77b3:8234:7405:715a,4,4,0.00,536.85,0.00,SIN
2a06:98c1:310e:7:fc4:7b8:2d07:f746,4,4,0.00,536.85,0.00,SIN
2a06:98c1:3105:92dd:a8a2:adb3:9b36:5a0,4,4,0.00,536.86,0.00,SIN
2a06:98c1:3106::7b:ec0d:4020,4,4,0.00,536.88,0.00,SIN
2a06:98c1:3101:b8:dd73:315c:1b91:d6b3,4,4,0.00,536.99,0.00,SIN
2a06:98c1:51:e1:e8c0:bbe2:3041:a9a1,4,4,0.00,537.20,0.00,SIN
2a06:98c1:3108:f1:314b:12f5:580f:4543,4,4,0.00,537.24,0.00,SIN
2803:f800:51:36af:dc17:97f5:82d:2eaa,4,4,0.00,537.25,0.00,SIN
2a06:98c1:3105:92dd:479:a30:f9de:c6ad,4,4,0.00,537.34,0.00,SIN
2a06:98c1:3105:7f:10f9:d2bb:531f:9c9f,4,4,0.00,537.49,0.00,SIN
2a06:98c1:3104:29db:2f5c:6267:21e3:ab23,4,4,0.00,537.61,0.00,SIN
2a06:98c1:3109:0:10:a64b:d861:12d1,4,4,0.00,537.63,0.00,SIN
2a06:98c1:3107:d8:5f02:cd6b:76a9:959f,4,4,0.00,537.66,0.00,SIN
2a06:98c1:51:7c:7b80:bc2b:1c2f:e1c7,4,4,0.00,537.71,0.00,SIN
2a06:98c1:310c:904c:dfca:8a74:6797:ee86,4,4,0.00,537.78,0.00,SIN
2a06:98c1:3106:0:16af:83ae:6608:8f76,4,4,0.00,537.80,0.00,SIN
2a06:98c1:51:7c:a3f3:a31b:7c2a:a769,4,4,0.00,537.80,0.00,SIN
2803:f800:50:0:5b:10a:d3c9:91b8,4,4,0.00,537.85,0.00,SIN
2a06:98c1:3104:de:86ed:9989:d15f:6f5f,4,4,0.00,538.09,0.00,SIN
2a06:98c1:3104:acf0:bb92:38d:35de:a6bb,4,4,0.00,538.24,0.00,SIN
2a06:98c1:3104:de:86ed:9975:d7f2:163c,4,4,0.00,538.31,0.00,SIN
2a06:98c1:3104:29db:2f5c:6267:2158:de9,4,4,0.00,538.43,0.00,SIN
2a06:98c1:3100:0:cbe5:b683:2fdc:8012,4,4,0.00,538.46,0.00,SIN
2a06:98c1:3102:0:b5:62e4:7449:5637,4,4,0.00,538.49,0.00,SIN
2a06:98c1:310d:9eb:b43b:6df6:ea24:e0b4,4,4,0.00,538.52,0.00,SIN
2803:f800:51:36af:a3a:9c2b:1c4b:a5c8,4,4,0.00,538.53,0.00,SIN
2a06:98c1:310a:1f5e:ae7c:28f7:2779:67ea,4,4,0.00,538.56,0.00,SIN
2a06:98c1:3109:bf:97b8:89a5:3d01:d94d,4,4,0.00,538.67,0.00,SIN
2803:f800:51:5961:bc6:3564:f35:a9c1,4,4,0.00,538.68,0.00,SIN
2a06:98c1:310e:7c29:958d:d914:aa4b:7129,4,4,0.00,538.71,0.00,SIN
2a06:98c1:3106:48:d5d:b48b:415b:1632,4,4,0.00,538.84,0.00,SIN
2a06:98c1:3104:ac2b:23ec:21ef:59c5:13f0,4,4,0.00,539.02,0.00,SIN
2a06:98c1:3106:48:ae0c:54ff:8ec1:e30b,4,4,0.00,539.06,0.00,SIN
2a06:98c1:51:7c:f163:48f5:9af9:443b,4,4,0.00,539.06,0.00,SIN
2a06:98c1:3104:ac2b:2377:b14:718b:813d,4,4,0.00,539.23,0.00,SIN
2803:f800:51:367e:5328:6df7:5c90:3136,4,4,0.00,539.33,0.00,SIN
2a06:98c1:3103::91a2:f1d1,4,4,0.00,539.37,0.00,SIN
2a06:98c1:310b:ffaa:77b3:47d:151a:21e3,4,4,0.00,539.43,0.00,SIN
2a06:98c1:3106:c2c8:c49:802e:e35b:eb1d,4,4,0.00,539.43,0.00,SIN
2a06:98c1:3106:0:16af:28ad:287e:f48b,4,4,0.00,539.51,0.00,SIN
2a06:98c1:310a:0:df:2abc:d1ae:bdae,4,4,0.00,539.64,0.00,SIN
2a06:98c1:3109:0:74a8:2add:94f1:d600,4,4,0.00,539.79,0.00,SIN
2a06:98c1:3106:48:d74:bdb7:3b92:bd45,4,4,0.00,539.83,0.00,SIN
2a06:98c1:310a:1f5e:ae7c:28e1:5818:bf3d,4,4,0.00,539.83,0.00,SIN
2a06:98c1:3103:0:97:6ead:da94:24aa,4,4,0.00,539.83,0.00,SIN
2803:f800:51:367e:4d23:9cb4:10fa:a69d,4,4,0.00,539.87,0.00,SIN
2a06:98c1:310e:32:2977:4d2c:ff59:615f,4,4,0.00,540.08,0.00,SIN
2a06:98c1:3106:0:16af:840f:af67:18e1,4,4,0.00,540.13,0.00,SIN
2803:f800:51:5943:77b0:79ea:2aed:4a12,4,4,0.00,540.21,0.00,SIN
2a06:98c1:310b:ffaa:77b3:82c8:4d54:5c7b,4,4,0.00,540.25,0.00,SIN
2803:f800:51:5961:dff6:7fb6:c0ae:76fc,4,4,0.00,540.36,0.00,SIN
2a06:98c1:50:0:b:739a:2f4e:490b,4,4,0.00,540.56,0.00,SIN
2a06:98c1:3106:48:ae0c:86ed:5dbe:5a0,4,4,0.00,540.65,0.00,SIN
2803:f800:51:361b:3aab:2678:bae6:5f5d,4,4,0.00,540.69,0.00,SIN
2a06:98c1:310a:0:5e:2a32:e74a:22b4,4,4,0.00,540.83,0.00,SIN
2a06:98c1:3104:acf0:bb92:38d:d4f0:92d1,4,4,0.00,540.86,0.00,SIN
2a06:98c1:3108:8d:db28:cbe2:814b:f53f,4,4,0.00,540.89,0.00,SIN
2a06:98c1:3107:e29a:528f:a39d:cfe:6411,4,4,0.00,540.93,0.00,SIN
2a06:98c1:310b:ffe6:5bab:8eb3:b4c5:8247,4,4,0.00,541.01,0.00,SIN
2a06:98c1:3107:e29a:ec2c:7880:7720:e5f5,4,4,0.00,541.02,0.00,SIN
2a06:98c1:310e:7c3f:b5e8:d6fe:8c1b:d28,4,4,0.00,541.11,0.00,SIN
2a06:98c1:3105:b3:6722:fe13:6821:e078,4,4,0.00,541.12,0.00,SIN
2a06:98c1:310e:0:cb:9b03:abee:74bb,4,4,0.00,541.13,0.00,SIN
2a06:98c1:3101:0:5c3c:8c68:68e4:6dee,4,4,0.00,541.29,0.00,SIN
2a06:98c1:310a:4e:5592:df0c:cbd:2655,4,4,0.00,541.33,0.00,SIN
2a06:98c1:310c:52:c5cc:7195:e6b4:239,4,4,0.00,541.40,0.00,SIN
2a06:98c1:3107:9d:624a:7fa:aa06:8451,4,4,0.00,541.41,0.00,SIN
2a06:98c1:310f:e0:a53:925d:4f42:bf49,4,4,0.00,541.47,0.00,SIN
2a06:98c1:3106:48:ae0c:4e6d:272d:93ee,4,4,0.00,541.55,0.00,SIN
2a06:98c1:3103:fc:574a:20d1:11ee:49a3,4,4,0.00,541.80,0.00,SIN
2a06:98c1:3109:bf:973b:92a1:7029:e33c,4,4,0.00,541.97,0.00,SIN
2a06:98c1:3105::f2:b456:32f8,4,4,0.00,541.97,0.00,SIN
2a06:98c1:3107:d8:5f02:90f3:38d8:1fe1,4,4,0.00,542.00,0.00,SIN
2a06:98c1:3100:0:5418:100d:327b:a6e,4,4,0.00,542.03,0.00,SIN
2a06:98c1:3101:0:5c3c:8c68:8bdd:6fd7,4,4,0.00,542.06,0.00,SIN
2a06:98c1:3100:b521:fabe:972c:3320:5805,4,4,0.00,542.09,0.00,SIN
2a06:98c1:3107:e213:9fb3:2cc2:df6b:3f61,4,4,0.00,542.17,0.00,SIN
2a06:98c1:3105:b3:6a1c:e184:3674:8e9,4,4,0.00,542.19,0.00,SIN
2a06:98c1:3108:f1:314b:271a:a6fd:67fe,4,4,0.00,542.45,0.00,SIN
2a06:98c1:3107:9d:624a:7fa:a0a8:1fe3,4,4,0.00,542.46,0.00,SIN
2a06:98c1:3107:e29a:528f:a31b:5308:636f,4,4,0.00,542.49,0.00,SIN
2a06:98c1:310d:923:3ea5:a8c9:5d26:c1f2,4,4,0.00,542.51,0.00,SIN
2a06:98c1:3100:b521:fabe:f5bf:1d20:e809,4,4,0.00,542.52,0.00,SIN
2a06:98c1:3106:48:ae0c:5412:415:d8b9,4,4,0.00,542.56,0.00,SIN
2a06:98c1:310e:7c3f:b58d:5a17:5184:4bc4,4,4,0.00,542.67,0.00,SIN
2a06:98c1:3109:30:4724:6c42:9309:bc91,4,4,0.00,542.74,0.00,SIN
2a06:98c1:310a:0:5e:37d5:94c1:27dc,4,4,0.00,542.91,0.00,SIN
2a06:98c1:310b:ffaa:77b3:c7b7:9f2c:fde5,4,4,0.00,543.02,0.00,SIN
2a06:98c1:310f:53:3bc2:3ae1:84eb:7242,4,4,0.00,543.04,0.00,SIN
2a06:98c1:3107:d8:5f02:90f3:543b:3671,4,4,0.00,543.17,0.00,SIN
2a06:98c1:3101:0:5c3c:ce50:6566:6ce6,4,4,0.00,543.23,0.00,SIN
2a06:98c1:3108:b085:ce7f:4bef:3368:150b,4,4,0.00,543.29,0.00,SIN
2a06:98c1:3109:bf:973b:4b1:14f5:1a8e,4,4,0.00,543.39,0.00,SIN
2803:f800:51:5943:7505:39a0:abc7:4826,4,4,0.00,543.41,0.00,SIN
2a06:98c1:3106:48:ae0c:860b:bb59:7ed0,4,4,0.00,543.45,0.00,SIN
2a06:98c1:3106:0:ea:5ae5:90c9:3117,4,4,0.00,543.55,0.00,SIN
2a06:98c1:3101:b8:60e2:3354:3cf2:a071,4,4,0.00,543.56,0.00,SIN
2a06:98c1:51:0:d59c:13e7:ee2e:eba9,4,4,0.00,543.63,0.00,SIN
2a06:98c1:3100:245c:b01:e3c0:c790:6748,4,4,0.00,543.64,0.00,SIN
2803:f800:51:36af:a3a:9c2b:8379:89aa,4,4,0.00,543.70,0.00,SIN
2803:f800:51:36af:dc17:97e7:2830:d75e,4,4,0.00,543.81,0.00,SIN
2a06:98c1:3107:d8:5f02:90f3:54f4:9fab,4,4,0.00,543.82,0.00,SIN
2a06:98c1:310b:8009:11b4:9edd:68f:41cd,4,4,0.00,543.87,0.00,SIN
2a06:98c1:3107:0:8464:3b02:80aa:c14b,4,4,0.00,543.89,0.00,SIN
2a06:98c1:3109:bf:973b:4b1:f65a:bdfc,4,4,0.00,543.90,0.00,SIN
2a06:98c1:310d:0:c8bc:9089:d3ef:92fd,4,4,0.00,543.93,0.00,SIN
2a06:98c1:50:0:b:734b:e14f:52be,4,4,0.00,543.97,0.00,SIN
2a06:98c1:3109:bf:97b8:89a5:8c68:5462,4,4,0.00,544.06,0.00,SIN
2a06:98c1:3101:b508:81fc:65cf:dad1:7c2e,4,4,0.00,544.06,0.00,SIN
2a06:98c1:310b:80ff:abd7:1451:4ef1:94c9,4,4,0.00,544.14,0.00,SIN
2a06:98c1:3104:ac4b:65b0:dd20:ada4:180b,4,4,0.00,544.15,0.00,SIN
2a06:98c1:310b:ffe6:5b79:41d:3a85:1425,4,4,0.00,544.23,0.00,SIN
2a06:98c1:3105:4:8d3:4f87:d8e2:3752,4,4,0.00,544.25,0.00,SIN
2a06:98c1:3103:0:97:6e5a:edb3:4d07,4,4,0.00,544.28,0.00,SIN
2a06:98c1:3105:92dd:479:a93:d114:c5f4,4,4,0.00,544.65,0.00,SIN
2a06:98c1:51:51e9:68bc:7db4:eff8:b2,4,4,0.00,544.72,0.00,SIN
2a06:98c1:3104:0:ced7:a6aa:6ce5:572f,4,4,0.00,544.79,0.00,SIN
2803:f800:50:85:59f2:23f3:f76a:105e,4,4,0.00,544.89,0.00,SIN
2a06:98c1:3100:0:cb48:fde8:2ac7:b446,4,4,0.00,544.92,0.00,SIN
2a06:98c1:310f:53:7c7c:619e:29cd:a3f0,4,4,0.00,544.97,0.00,SIN
2a06:98c1:310d:a8:11:31a6:7ff:a185,4,4,0.00,544.98,0.00,SIN
2a06:98c1:3103::4fef:867c:4ef0,4,4,0.00,544.99,0.00,SIN
2a06:98c1:3100:9b:a4a0:5c2c:19d7:d8fc,4,4,0.00,545.07,0.00,SIN
2a06:98c1:51:0:d5aa:dbd1:5c42:3101,4,4,0.00,545.12,0.00,SIN
2a06:98c1:3100:b521:fa38:5a5f:3965:f1d1,4,4,0.00,545.13,0.00,SIN
2a06:98c1:3108:cb:8d85:76c6:dc7b:e911,4,4,0.00,545.21,0.00,SIN
2a06:98c1:310d:9eb:b43b:6d25:b2a3:d1fb,4,4,0.00,545.29,0.00,SIN
2400:cb00:2049:d7:7de:da6e:e842:75f1,4,4,0.00,545.31,0.00,SIN
2a06:98c1:3101:3c:c96b:b5b7:9d94:6a62,4,4,0.00,545.53,0.00,SIN
2803:f800:51:5961:df6d:ef98:f1a4:4149,4,4,0.00,545.62,0.00,SIN
2a06:98c1:310a::8876:5b95:c04d,4,4,0.00,545.65,0.00,SIN
2803:f800:51:5943:44ac:4bed:70f9:d549,4,4,0.00,545.73,0.00,SIN
2a06:98c1:3107:9d:229:95fd:d73d:951,4,4,0.00,545.73,0.00,SIN
2a06:98c1:3108:b085:ce7f:4b12:90d8:55d5,4,4,0.00,545.80,0.00,SIN
2a06:98c1:3106:48:d463:15ba:c773:d7a5,4,4,0.00,545.99,0.00,SIN
2a06:98c1:3100:245c:b6b:6ab3:f2a5:3aa1,4,4,0.00,546.00,0.00,SIN
2803:f800:51:5961:dfff:652d:f674:838b,4,4,0.00,546.13,0.00,SIN
2a06:98c1:3106:c2c8:c49:9f0f:ac1d:d0d,4,4,0.00,546.18,0.00,SIN
2a06:98c1:3106:48:aeec:a:6a7c:b30,4,4,0.00,546.25,0.00,SIN
2a06:98c1:310a:1f5e:ae7c:28e1:9fc3:ad14,4,4,0.00,546.35,0.00,SIN
2a06:98c1:3105:4:82e:667e:caeb:ec59,4,4,0.00,546.38,0.00,SIN
2a06:98c1:3103::c987:4d2d:e57c,4,4,0.00,546.51,0.00,SIN
2400:cb00:2049:0:88f9:536:7ddf:85c7,4,4,0.00,546.62,0.00,SIN
2a06:98c1:3106:48:aeec:3e:e004:6db8,4,4,0.00,546.72,0.00,SIN
2a06:98c1:310d:923:f260:8f47:2911:f121,4,4,0.00,546.72,0.00,SIN
2a06:98c1:50:0:b:734b:e16a:8b75,4,4,0.00,546.73,0.00,SIN
2a06:98c1:3103:cfb8:4f94:8f14:f8e7:d18f,4,4,0.00,546.77,0.00,SIN
2a06:98c1:3107:e29a:ecce:73dd:5567:f637,4,4,0.00,546.79,0.00,SIN
2a06:98c1:3105:922e:597f:9d1a:55d0:3bb4,4,4,0.00,546.90,0.00,SIN
2a06:98c1:310e:0:cb:9b03:4ff2:6f14,4,4,0.00,546.92,0.00,SIN
2a06:98c1:3106:48:aeec:8d2a:bf7a:c4f5,4,4,0.00,546.97,0.00,SIN
2a06:98c1:310d:a8:11:d68e:8e9f:5ccd,4,4,0.00,547.01,0.00,SIN
2a06:98c1:3103:cfb8:4f94:f570:ca2e:3c2a,4,4,0.00,547.16,0.00,SIN
2a06:98c1:310f:1c:21f1:bee5:eb5c:a59b,4,4,0.00,547.17,0.00,SIN
2a06:98c1:3105:922e:597f:9d1a:3e1b:33ee,4,4,0.00,547.24,0.00,SIN
2a06:98c1:3107:e29a:522e:fab2:945c:5bb5,4,4,0.00,547.37,0.00,SIN
2a06:98c1:50::df:5f97:8564,4,4,0.00,547.48,0.00,SIN
2a06:98c1:3102:a11b:dd25:d291:94cc:8f31,4,4,0.00,547.54,0.00,SIN
2a06:98c1:3101::d4e9:91eb,4,4,0.00,547.59,0.00,SIN
2a06:98c1:310b:ffaa:77b3:8234:d547:c7a4,4,4,0.00,547.61,0.00,SIN
2803:f800:51:5961:df6d:ef98:99c6:ce0b,4,4,0.00,547.77,0.00,SIN
2a06:98c1:310e:32:2977:64ae:9e7a:e46a,4,4,0.00,547.77,0.00,SIN
2a06:98c1:3100:245c:8bee:d7a0:8053:39f2,4,4,0.00,547.78,0.00,SIN
2a06:98c1:3101:b5b3:962f:2eda:886d:22b7,4,4,0.00,547.91,0.00,SIN
2a06:98c1:3105:7f:ee8c:b2d7:22e6:1e56,4,4,0.00,547.91,0.00,SIN
2a06:98c1:3100:b521:fabe:3c66:7d4:33b0,4,4,0.00,548.00,0.00,SIN
2803:f800:51:367e:5328:8e8e:7c:6e77,4,4,0.00,548.07,0.00,SIN
2a06:98c1:310b:ffe6:5b79:d2b1:381a:1a24,4,4,0.00,548.09,0.00,SIN
2a06:98c1:3101:b8:dd73:a63e:2b1:1807,4,4,0.00,548.09,0.00,SIN
2a06:98c1:310c:0:d9e0:5280:fd9:c3fa,4,4,0.00,548.36,0.00,SIN
2a06:98c1:3107:0:70ad:e889:3c4e:d11b,4,4,0.00,548.38,0.00,SIN
2a06:98c1:310d::26c4:a354:7a4c,4,4,0.00,548.43,0.00,SIN
2a06:98c1:3109:0:4693:8712:f743:e251,4,4,0.00,548.44,0.00,SIN
2a06:98c1:3103:fc:9491:1356:6adb:4e6c,4,4,0.00,548.48,0.00,SIN
2a06:98c1:3100:0:5418:100d:a42e:84bd,4,4,0.00,548.60,0.00,SIN
2a06:98c1:3102:69:1ca3:f192:4232:8c2f,4,4,0.00,548.62,0.00,SIN
2a06:98c1:3107:0:70ad:e889:3cb8:4a4d,4,4,0.00,548.75,0.00,SIN
2a06:98c1:3107:9d:229:e8ae:169d:e49c,4,4,0.00,548.78,0.00,SIN
2a06:98c1:3101:0:5c3c:6f09:4d0e:8f94,4,4,0.00,548.83,0.00,SIN
2a06:98c1:3101::8e:42bf:12f0,4,4,0.00,548.93,0.00,SIN
2a06:98c1:3107:9d:b809:44ba:ef5:b1e4,4,4,0.00,548.96,0.00,SIN
2a06:98c1:310a:1f5e:2ed4:64f5:816d:6c19,4,4,0.00,549.00,0.00,SIN
2a06:98c1:3109:bf:973b:92e2:9c02:788d,4,4,0.00,549.01,0.00,SIN
2a06:98c1:3101:b8:dd71:2dd:95c:5384,4,4,0.00,549.17,0.00,SIN
2a06:98c1:3104:acf0:bb92:7cf2:e588:a96c,4,4,0.00,549.17,0.00,SIN
2a06:98c1:3104:0:ced7:a6aa:563d:4732,4,4,0.00,549.26,0.00,SIN
2a06:98c1:310d::26dd:ca1b:5db3,4,4,0.00,549.28,0.00,SIN
2803:f800:51:367e:4d23:9c0c:69f2:e67d,4,4,0.00,549.29,0.00,SIN
2a06:98c1:310d:9eb:b43b:6df6:b571:660f,4,4,0.00,549.35,0.00,SIN
2a06:98c1:51:0:e8:de1b:e366:e5bc,4,4,0.00,549.41,0.00,SIN
2a06:98c1:3100:245c:b86:cf57:6105:d6f0,4,4,0.00,549.47,0.00,SIN
2a06:98c1:3107:e29a:522e:fa99:ea98:6613,4,4,0.00,549.50,0.00,SIN
2a06:98c1:310d:7acf:9e4d:d333:98c2:d32b,4,4,0.00,549.53,0.00,SIN
2a06:98c1:3101:0:5c3c:ce50:6efa:e4e9,4,4,0.00,549.54,0.00,SIN
2a06:98c1:310e:7cd0:f0b3:7af6:2013:2265,4,4,0.00,549.57,0.00,SIN
2a06:98c1:3104:0:ced7:a6aa:56e0:c925,4,4,0.00,549.66,0.00,SIN
2803:f800:51:59ed:2fa0:f515:ae38:277a,4,4,0.00,549.67,0.00,SIN
2a06:98c1:310a:0:df:dfb7:933c:9e54,4,4,0.00,549.86,0.00,SIN
2a06:98c1:3108:f1:314b:271a:963f:ea34,4,4,0.00,549.87,0.00,SIN
2a06:98c1:3109:bf:97b8:dde4:3497:1acc,4,4,0.00,549.90,0.00,SIN
2803:f800:51:36af:dc17:9701:3067:5cfb,4,4,0.00,550.03,0.00,SIN
2a06:98c1:3108:f1:314b:d544:5e8c:d36c,4,4,0.00,550.06,0.00,SIN
2a06:98c1:3101:0:33:f732:81a3:7f18,4,4,0.00,550.08,0.00,SIN
2a06:98c1:3101:3c:967c:8bb0:fa36:c309,4,4,0.00,550.23,0.00,SIN
2a06:98c1:3101:0:5c3c:fd1a:64e5:eb2f,4,4,0.00,550.34,0.00,SIN
2a06:98c1:310f:1c:d89b:f72f:71b6:2282,4,4,0.00,550.35,0.00,SIN
2a06:98c1:51:0:e8:983a:552b:43b6,4,4,0.00,550.40,0.00,SIN
2a06:98c1:3108:f1:314b:274c:1ecd:8897,4,4,0.00,550.42,0.00,SIN
2a06:98c1:3102:e6:c2fc:4482:d32:c43c,4,4,0.00,550.49,0.00,SIN
2a06:98c1:310e:7:fc4:7b8:5746:b2be,4,4,0.00,550.50,0.00,SIN
2803:f800:51:36af:a3a:9c2b:83e8:cafe,4,4,0.00,550.52,0.00,SIN
2a06:98c1:3100:b521:fa38:5a5f:4dd5:4e5e,4,4,0.00,550.57,0.00,SIN
2a06:98c1:310a:1f5e:2ed4:64f5:b6f0:3c09,4,4,0.00,550.66,0.00,SIN
2a06:98c1:51:51e9:68bc:7d08:4723:ad97,4,4,0.00,550.68,0.00,SIN
2a06:98c1:3101:b5b3:962f:2eda:e4e2:7a37,4,4,0.00,550.74,0.00,SIN
2a06:98c1:3100:0:547d:fea9:91ad:a7dd,4,4,0.00,550.77,0.00,SIN
2a06:98c1:3103:fc:94c9:c0f1:386b:414d,4,4,0.00,550.77,0.00,SIN
2a06:98c1:3107:e213:9fb3:e164:2e04:1272,4,4,0.00,550.82,0.00,SIN
2a06:98c1:51:0:7fe3:8f9a:a627:c797,4,4,0.00,550.84,0.00,SIN
2803:f800:50:0:5b:1b9:864a:a888,4,4,0.00,550.89,0.00,SIN
2a06:98c1:310a:0:df:df88:4fc7:ea86,4,4,0.00,550.90,0.00,SIN
2a06:98c1:3109:bf:97b8:ddfa:921a:87a,4,4,0.00,550.93,0.00,SIN
2a06:98c1:3100:b521:6cd0:aaad:469:7b0f,4,4,0.00,550.98,0.00,SIN
2a06:98c1:310d:923:3ea5:a88e:974f:a9ea,4,4,0.00,551.09,0.00,SIN
2a06:98c1:51:517a:67fc:d4dc:ec86:d4f3,4,4,0.00,551.09,0.00,SIN
2803:f800:51:5961:df6d:ef93:8cff:bed,4,4,0.00,551.16,0.00,SIN
2a06:98c1:3103:fc:9491:1356:e68a:59a4,4,4,0.00,551.18,0.00,SIN
2a06:98c1:3108:cb:8d85:f02a:c9dd:55d8,4,4,0.00,551.22,0.00,SIN
2a06:98c1:3101:3c:967c:1fe1:715d:3090,4,4,0.00,551.24,0.00,SIN
2a06:98c1:3101:0:5c3c:8c68:68cb:80fc,4,4,0.00,551.42,0.00,SIN
2a06:98c1:3106::9a0b:61b0:f88a,4,4,0.00,551.49,0.00,SIN
2a06:98c1:3108:cb:8d85:766e:aae1:415a,4,4,0.00,551.52,0.00,SIN
2a06:98c1:310f:53:e96d:7a64:31b3:9ddd,4,4,0.00,551.59,0.00,SIN
2a06:98c1:3100:0:cb48:fd9d:9e:c5f4,4,4,0.00,551.64,0.00,SIN
2a06:98c1:3107:e29a:d61d:b512:e829:949c,4,4,0.00,551.74,0.00,SIN
2803:f800:50:0:5b:a213:b53:b8d2,4,4,0.00,551.74,0.00,SIN
2a06:98c1:50:0:cb0e:45f7:f53c:45ca,4,4,0.00,551.78,0.00,SIN
2a06:98c1:310d:0:12:22a1:a7f9:f156,4,4,0.00,551.99,0.00,SIN
2a06:98c1:3106:c2c8:cde:6d96:7952:3f09,4,4,0.00,552.19,0.00,SIN
2a06:98c1:3100:9b:a4a0:5c6a:b63b:b6a0,4,4,0.00,552.21,0.00,SIN
2a06:98c1:3109:bf:97d0:1b2e:7539:aa9e,4,4,0.00,552.25,0.00,SIN
2a06:98c1:3102:69:1ca3:6eda:56ef:1e08,4,4,0.00,552.29,0.00,SIN
2a06:98c1:3107:9d:229:95e0:9ae0:f898,4,4,0.00,552.32,0.00,SIN
2803:f800:51:367e:533a:a674:aa20:e694,4,4,0.00,552.36,0.00,SIN
2a06:98c1:50:0:cb0e:4564:748a:b276,4,4,0.00,552.39,0.00,SIN
2a06:98c1:3107:d8:5f02:90f3:e606:69c3,4,4,0.00,552.55,0.00,SIN
2a06:98c1:310d:7acf:9e98:801d:3167:fed2,4,4,0.00,552.58,0.00,SIN
2a06:98c1:3108:b085:ce48:49d1:4d6d:8b14,4,4,0.00,552.58,0.00,SIN
2a06:98c1:3100:0:5418:100d:d24e:3c91,4,4,0.00,552.58,0.00,SIN
2a06:98c1:3102:69:1cf3:cc33:a3ed:5afd,4,4,0.00,552.70,0.00,SIN
2a06:98c1:310e:7cd0:f0b3:2c72:b7fe:8c85,4,4,0.00,552.74,0.00,SIN
2a06:98c1:3101:3c:967c:8b26:9db0:4302,4,4,0.00,552.77,0.00,SIN
2a06:98c1:3108:b085:5ba8:d4da:527a:901c,4,4,0.00,552.90,0.00,SIN
2a06:98c1:3103:0:97:6e12:67fd:28c4,4,4,0.00,552.90,0.00,SIN
2a06:98c1:3102:69:1cf3:d632:4062:2dc9,4,4,0.00,552.98,0.00,SIN
2a06:98c1:3106:48:d463:f42e:597:fb3b,4,4,0.00,553.00,0.00,SIN
2a06:98c1:3101::feeb:e5a9:28c6,4,4,0.00,553.08,0.00,SIN
2a06:98c1:3108:cb:8d85:766e:aa2c:9e2a,4,4,0.00,553.09,0.00,SIN
2a06:98c1:3109:0:cb3:d411:df64:745d,4,4,0.00,553.12,0.00,SIN
2a06:98c1:310f:53:e96d:7a33:3668:6045,4,4,0.00,553.31,0.00,SIN
2a06:98c1:3106:c2c8:c49:e928:2d99:7fa,4,4,0.00,553.34,0.00,SIN
2a06:98c1:3104:0:ced7:a67a:305c:99d4,4,4,0.00,553.35,0.00,SIN
2a06:98c1:3109:0:4693:8712:f7b8:a644,4,4,0.00,553.36,0.00,SIN
2a06:98c1:50:b10f:279c:c7c2:580:9c0c,4,4,0.00,553.37,0.00,SIN
2a06:98c1:3108:f1:314b:27aa:26f:5529,4,4,0.00,553.38,0.00,SIN
2a06:98c1:3106::9a07:5578:a577,4,4,0.00,553.41,0.00,SIN
2a06:98c1:3100:0:cbe5:b683:2f41:7397,4,4,0.00,553.47,0.00,SIN
2803:f800:51:a8:6d9b:d409:a46b:473c,4,4,0.00,553.47,0.00,SIN
2a06:98c1:50::3d:7ea7:5110,4,4,0.00,553.65,0.00,SIN
2a06:98c1:310d:7acf:1e48:8d28:bedb:192f,4,4,0.00,553.69,0.00,SIN
2803:f800:51:59ed:389a:33b6:9e31:5f93,4,4,0.00,553.74,0.00,SIN
2a06:98c1:3105:0:a3:d872:443b:6464,4,4,0.00,553.79,0.00,SIN
2a06:98c1:3100:0:cb48:fd9d:b350:7f07,4,4,0.00,553.85,0.00,SIN
2a06:98c1:3101:0:b399:c479:3e85:8c68,4,4,0.00,554.07,0.00,SIN
2a06:98c1:3108:b085:ce48:815a:47af:9fed,4,4,0.00,554.11,0.00,SIN
2a06:98c1:3102:69:1cf3:d66b:5465:af60,4,4,0.00,554.17,0.00,SIN
2a06:98c1:3101:0:5c1d:9790:d76:c0de,4,4,0.00,554.28,0.00,SIN
2a06:98c1:310d:923:3ea5:b7d6:b290:5dd0,4,4,0.00,554.35,0.00,SIN
2a06:98c1:3105:92dd:444:ca5e:5f0f:7c08,4,4,0.00,554.39,0.00,SIN
2a06:98c1:310d:a8:11:31f4:1870:26e1,4,4,0.00,554.41,0.00,SIN
2a06:98c1:310f:53:3bc2:3ae1:1b8b:127d,4,4,0.00,554.60,0.00,SIN
2a06:98c1:3101:0:5c3c:8c22:7030:fd67,4,4,0.00,554.62,0.00,SIN
2a06:98c1:3107:0:3d:658d:2a5b:bec7,4,4,0.00,554.66,0.00,SIN
2a06:98c1:310c:0:d919:fed6:381:90ad,4,4,0.00,554.66,0.00,SIN
2a06:98c1:310d:923:3ea5:5b32:849:f78e,4,4,0.00,554.78,0.00,SIN
2803:f800:51:59ed:389a:4734:85c7:b15a,4,4,0.00,554.83,0.00,SIN
2a06:98c1:50:0:b:734b:c85:fd0e,4,4,0.00,554.86,0.00,SIN
2a06:98c1:310a:1f5e:2ed4:64a0:997:5f73,4,4,0.00,554.89,0.00,SIN
2a06:98c1:3107:e29a:522e:c28c:2ce3:98a9,4,4,0.00,554.98,0.00,SIN
2a06:98c1:3107:e29a:ecce:7338:13c8:c0e,4,4,0.00,554.99,0.00,SIN
2803:f800:51:5961:bc6:e66d:2d1f:60ca,4,4,0.00,555.06,0.00,SIN
2a06:98c1:3100:9b:a4a0:3a4b:e0ee:4a61,4,4,0.00,555.16,0.00,SIN
2a06:98c1:3107:9d:275:155b:5ff:567e,4,4,0.00,555.20,0.00,SIN
2a06:98c1:3102:0:d727:d6a1:c372:ad7d,4,4,0.00,555.26,0.00,SIN
2a06:98c1:3101:b8:dd73:315c:1b7c:56d3,4,4,0.00,555.32,0.00,SIN
2a06:98c1:3105:92dd:4b8:aac5:2c3d:1bfb,4,4,0.00,555.44,0.00,SIN
2a06:98c1:3100:0:cb48:fde8:2a0a:6a29,4,4,0.00,555.50,0.00,SIN
2a06:98c1:310e:7cd0:f0b3:7a6f:6cd5:b8b4,4,4,0.00,555.51,0.00,SIN
2803:f800:51:59ed:389a:33b6:36c:d8cd,4,4,0.00,555.56,0.00,SIN
2a06:98c1:3101:0:33:f7c1:758b:f258,4,4,0.00,555.67,0.00,SIN
2a06:98c1:3102:a178:b4af:7dd:607:6f24,4,4,0.00,555.72,0.00,SIN
2a06:98c1:3102:a178:b4af:346a:cf30:fe90,4,4,0.00,555.81,0.00,SIN
2a06:98c1:3101:b8:dd71:e168:b51d:e965,4,4,0.00,555.86,0.00,SIN
2a06:98c1:3105:92dd:4b8:aac5:9687:4a8c,4,4,0.00,555.90,0.00,SIN
2803:f800:50:57d1:f51a:b6af:3970:ca3c,4,4,0.00,555.91,0.00,SIN
2a06:98c1:3100:b521:6cd0:aaad:4ce:14f,4,4,0.00,555.97,0.00,SIN
2a06:98c1:3104:ac88:c3a4:ff2f:773a:db57,4,4,0.00,555.98,0.00,SIN
2803:f800:51:59ed:389a:33b6:31f:f919,4,4,0.00,556.07,0.00,SIN
2a06:98c1:3100:0:cb48:15fc:4bc9:2d5d,4,4,0.00,556.14,0.00,SIN
2a06:98c1:51:0:3e:2be0:5b14:74e8,4,4,0.00,556.21,0.00,SIN
2a06:98c1:3108:b01d:d2f8:c380:85fd:74bd,4,4,0.00,556.27,0.00,SIN
2a06:98c1:51:0:3e:abe0:77c6:c888,4,4,0.00,556.27,0.00,SIN
2a06:98c1:3107:9d:624a:7fa:a00a:3c9,4,4,0.00,556.29,0.00,SIN
2a06:98c1:3101:0:8a01:61a7:53ae:27f7,4,4,0.00,556.42,0.00,SIN
2a06:98c1:3107:6a76:56d9:3b4c:8155:32cc,4,4,0.00,556.49,0.00,SIN
2a06:98c1:310e:32:2977:452c:c29:7825,4,4,0.00,556.50,0.00,SIN
2a06:98c1:3102:69:4631:bb41:4cb:ceda,4,4,0.00,556.58,0.00,SIN
2a06:98c1:3100:b521:fabe:972c:35c4:9da6,4,4,0.00,556.65,0.00,SIN
2a06:98c1:3103:cfb8:ea61:9cf3:cf93:d0aa,4,4,0.00,556.66,0.00,SIN
2a06:98c1:3103:fc:574a:c4b3:d73:8b63,4,4,0.00,556.68,0.00,SIN
2a06:98c1:310d:923:f2d4:cd18:d3ad:c66d,4,4,0.00,556.74,0.00,SIN
2a06:98c1:51:0:3e:2b41:8d18:b920,4,4,0.00,556.79,0.00,SIN
2a06:98c1:310f:1c:956:3674:414f:6895,4,4,0.00,556.93,0.00,SIN
2803:f800:51:59ed:389a:47eb:928a:8eef,4,4,0.00,557.04,0.00,SIN
2a06:98c1:3106:48:d463:15ba:c7e3:7f85,4,4,0.00,557.08,0.00,SIN
2a06:98c1:3103:fc:574a:20d1:bef6:5001,4,4,0.00,557.16,0.00,SIN
2a06:98c1:3105:0:a3:f8:91f0:da9e,4,4,0.00,557.19,0.00,SIN
2803:f800:50:0:cf:7215:ac9b:6571,4,4,0.00,557.21,0.00,SIN
2a06:98c1:3109:0:cb3:cbf6:60c8:4546,4,4,0.00,557.25,0.00,SIN
2a06:98c1:3106::f62a:bf14,4,4,0.00,557.27,0.00,SIN
2803:f800:51:59ed:e0a2:6614:2904:c65d,4,4,0.00,557.28,0.00,SIN
2a06:98c1:3100:0:cb13:af3a:416e:bf57,4,4,0.00,557.45,0.00,SIN
2a06:98c1:3105:b3:85df:f7af:b939:40aa,4,4,0.00,557.52,0.00,SIN
2a06:98c1:3109:0:4693:7ace:a8c3:951a,4,4,0.00,557.58,0.00,SIN
2a06:98c1:3101:0:5cc3:bdaf:4516:21c4,4,4,0.00,557.59,0.00,SIN
2a06:98c1:310a:0:df:df88:9f36:a94a,4,4,0.00,557.65,0.00,SIN
2a06:98c1:3105:0:a3:f8:9121:a236,4,4,0.00,557.65,0.00,SIN
2a06:98c1:51::46fc:8b35,4,4,0.00,557.69,0.00,SIN
2803:f800:51:59ed:389a:4734:85e7:a221,4,4,0.00,557.69,0.00,SIN
2a06:98c1:3105:7bac:759d:cd9f:e968:f13b,4,4,0.00,557.70,0.00,SIN
2a06:98c1:3101:0:8a01:61a7:28c7:62dc,4,4,0.00,557.71,0.00,SIN
2a06:98c1:310a:7e:726f:f5d5:1d9c:f689,4,4,0.00,557.72,0.00,SIN
2a06:98c1:3101:b508:f93e:e715:ec90:a37d,4,4,0.00,557.85,0.00,SIN
2803:f800:51:5961:df6d:4916:9d6a:8819,4,4,0.00,557.92,0.00,SIN
2a06:98c1:3109:30:ee54:c8c:e850:cb60,4,4,0.00,557.95,0.00,SIN
2a06:98c1:3105:92dd:4e4:96a1:937e:2535,4,4,0.00,557.96,0.00,SIN
2a06:98c1:3108:f1:e655:11f9:5d59:4edb,4,4,0.00,558.12,0.00,SIN
2803:f800:51:5961:df6d:4916:bd9e:a07b,4,4,0.00,558.24,0.00,SIN
2a06:98c1:310f:1c:2106:55bc:6253:7676,4,4,0.00,558.31,0.00,SIN
2a06:98c1:310a:0:df:dfb7:9374:d699,4,4,0.00,558.38,0.00,SIN
2a06:98c1:50:0:cb0e:b9fe:8240:cc5f,4,4,0.00,558.40,0.00,SIN
2a06:98c1:3109:30:ae9e:70e3:61f7:f9ef,4,4,0.00,558.51,0.00,SIN
2a06:98c1:310b:ffe6:5b79:4ff:fbac:58d0,4,4,0.00,558.57,0.00,SIN
2803:f800:51:59ed:38b6:aa77:9c07:849e,4,4,0.00,558.58,0.00,SIN
2a06:98c1:3109:5c62:7914:d83f:9a59:9fd0,4,4,0.00,558.62,0.00,SIN
2a06:98c1:51:d161:f658:2bbd:d10e:b4b9,4,4,0.00,558.67,0.00,SIN
2803:f800:51:a8:6d9b:d43f:2c68:4c71,4,4,0.00,558.74,0.00,SIN
2803:f800:51:a8:6d9b:d409:d7c7:45ce,4,4,0.00,558.76,0.00,SIN
2a06:98c1:3108:f1:314b:271a:3695:4446,4,4,0.00,558.84,0.00,SIN
2a06:98c1:50:b1f9:b2a8:22a2:53c0:da5,4,4,0.00,558.87,0.00,SIN
2a06:98c1:3101:b8:601a:df87:45bd:dcf8,4,4,0.00,558.87,0.00,SIN
2a06:98c1:3101:0:8a01:612f:2c50:e91d,4,4,0.00,558.96,0.00,SIN
2a06:98c1:3105:92dd:a8a2:7ebf:4d6c:91f0,4,4,0.00,559.01,0.00,SIN
2a06:98c1:3105:7bac:759d:cd9f:5caf:d14d,4,4,0.00,559.05,0.00,SIN
2a06:98c1:3101:b508:f93e:e702:6c3f:6c0c,4,4,0.00,559.07,0.00,SIN
2a06:98c1:3103:0:dce9:62b1:17b5:7d94,4,4,0.00,559.14,0.00,SIN
2a06:98c1:50:b1f9:b2a8:22a2:1ae3:cd9b,4,4,0.00,559.19,0.00,SIN
2a06:98c1:3105:7f:10f9:3f5:a141:6714,4,4,0.00,559.24,0.00,SIN
2a06:98c1:51:e1:e84b:f2b8:16c3:1da9,4,4,0.00,559.24,0.00,SIN
2a06:98c1:310f:0:4e8d:6742:5661:8491,4,4,0.00,559.27,0.00,SIN
2a06:98c1:3102:69:4631:bb41:9d02:366c,4,4,0.00,559.32,0.00,SIN
2a06:98c1:50:b10f:279c:c076:d0a9:209c,4,4,0.00,559.35,0.00,SIN
2a06:98c1:3108:b085:ce48:49d1:4d37:e64b,4,4,0.00,559.35,0.00,SIN
2a06:98c1:310b:ffe6:5b79:41d:c19d:9f76,4,4,0.00,559.41,0.00,SIN
2a06:98c1:310b:80ff:9ff2:fbfe:79f3:4ff0,4,4,0.00,559.91,0.00,SIN
2a06:98c1:51::92eb:8836:26f0,4,4,0.00,559.96,0.00,SIN
2a06:98c1:3108:b085:ce7f:4bef:3346:70f8,4,4,0.00,560.07,0.00,SIN
2a06:98c1:3108:f1:e655:11f9:ed74:9186,4,4,0.00,560.08,0.00,SIN
2803:f800:51:5943:77b0:c563:3875:692,4,4,0.00,560.10,0.00,SIN
2a06:98c1:51:517a:67fc:61f3:9633:d482,4,4,0.00,560.11,0.00,SIN
2a06:98c1:3102:a178:b402:f663:a518:9f01,4,4,0.00,560.18,0.00,SIN
2a06:98c1:3108:b01d:d20e:ee39:ee43:531d,4,4,0.00,560.21,0.00,SIN
2a06:98c1:3104:ac88:c3a4:ff2f:bdc1:92e7,4,4,0.00,560.31,0.00,SIN
2803:f800:50:0:80:8132:b80e:44f6,4,4,0.00,560.33,0.00,SIN
2a06:98c1:3108:cb:8d85:766e:5108:5676,4,4,0.00,560.39,0.00,SIN
2a06:98c1:50:0:cb0e:4564:74ae:19f7,4,4,0.00,560.42,0.00,SIN
2a06:98c1:310a:7e:6d50:52fa:f21a:f8d4,4,4,0.00,560.44,0.00,SIN
2a06:98c1:3101:b508:81fc:984f:5df5:4cf1,4,4,0.00,560.45,0.00,SIN
2a06:98c1:3106::7b:ec86:af66,4,4,0.00,560.50,0.00,SIN
2a06:98c1:3101:b8:dd71:22f:93dc:f40d,4,4,0.00,560.67,0.00,SIN
2a06:98c1:50:3d:5a6f:8c34:6df6:c460,4,4,0.00,560.71,0.00,SIN
2a06:98c1:3105:4:779f:a110:1cb2:f284,4,4,0.00,560.77,0.00,SIN
2a06:98c1:3109:0:9be8:82af:7f7a:4136,4,4,0.00,560.80,0.00,SIN
2a06:98c1:310b:80ff:abc7:2100:489c:278e,4,4,0.00,560.85,0.00,SIN
2a06:98c1:3107:d8:40bb:4572:b2f2:d81f,4,4,0.00,560.85,0.00,SIN
2a06:98c1:3101:0:5c3c:6f42:9f1:fbce,4,4,0.00,560.87,0.00,SIN
2a06:98c1:3103:fc:574a:c4b3:1b28:6189,4,4,0.00,560.89,0.00,SIN
2a06:98c1:3104:0:ced7:d85:e226:d7a9,4,4,0.00,560.93,0.00,SIN
2a06:98c1:3101:0:5cc3:bdaf:4502:4d9f,4,4,0.00,561.09,0.00,SIN
2a06:98c1:310d:923:f2d4:cd18:2569:faf8,4,4,0.00,561.10,0.00,SIN
2a06:98c1:51:0:d59c:5b9e:d656:6ac5,4,4,0.00,561.16,0.00,SIN
2a06:98c1:3105:6e:2f22:b240:10a3:6601,4,4,0.00,561.20,0.00,SIN
2a06:98c1:3100:b521:fabe:f5bf:bfec:378,4,4,0.00,561.23,0.00,SIN
2a06:98c1:3107:6a76:59f3:246a:917d:7abc,4,4,0.00,561.27,0.00,SIN
2a06:98c1:310e:7c6e:fe72:a23f:6557:84a2,4,4,0.00,561.51,0.00,SIN
2a06:98c1:3105:6e:2f22:b240:106f:3580,4,4,0.00,561.51,0.00,SIN
2a06:98c1:3108:f1:314b:27aa:f351:10eb,4,4,0.00,561.62,0.00,SIN
2a06:98c1:3107:e29a:ecce:244c:a31d:e23b,4,4,0.00,561.63,0.00,SIN
2a06:98c1:3105:4:869:b926:21e6:d776,4,4,0.00,561.67,0.00,SIN
2a06:98c1:310f:e0:a53:925d:61ac:cbe1,4,4,0.00,561.68,0.00,SIN
2a06:98c1:310d:923:3ea5:a8c9:5da5:be53,4,4,0.00,561.75,0.00,SIN
2803:f800:51:367e:533a:a674:7410:937,4,4,0.00,561.77,0.00,SIN
2803:f800:51:5961:bc:603d:9282:97bd,4,4,0.00,561.81,0.00,SIN
2a06:98c1:3105:92dd:4b8:aaf4:2b6e:4c8a,4,4,0.00,561.89,0.00,SIN
2a06:98c1:51::92eb:8898:f558,4,4,0.00,561.96,0.00,SIN
2a06:98c1:3105:92dd:a8a2:7e8d:1634:ae61,4,4,0.00,562.05,0.00,SIN
2a06:98c1:51:0:3e:2be0:5b65:d520,4,4,0.00,562.06,0.00,SIN
2a06:98c1:3106:48:d463:5362:97d7:33fe,4,4,0.00,562.08,0.00,SIN
2a06:98c1:3107:e29a:ecce:407c:cf42:9a4c,4,4,0.00,562.10,0.00,SIN
2a06:98c1:310a:0:df:df88:4fc1:1620,4,4,0.00,562.10,0.00,SIN
2a06:98c1:310e:7c29:958d:d91a:dff8:b27a,4,4,0.00,562.16,0.00,SIN
2a06:98c1:3109:bf:9701:c337:6395:4095,4,4,0.00,562.25,0.00,SIN
2a06:98c1:3104:0:ced7:d43:fdaf:cc41,4,4,0.00,562.31,0.00,SIN
2a06:98c1:3104:ac4b:65b0:dd57:ff6f:4341,4,4,0.00,562.43,0.00,SIN
2a06:98c1:3100:9b:a4a0:5c6a:b676:4eb0,4,4,0.00,562.50,0.00,SIN
2803:f800:51:5961:bc:603d:52df:11d7,4,4,0.00,562.51,0.00,SIN
2a06:98c1:310e:7c6e:56d8:bcaf:ede3:a11d,4,4,0.00,562.52,0.00,SIN
2a06:98c1:3107:e29a:ecce:7338:e79:6871,4,4,0.00,562.52,0.00,SIN
2a06:98c1:3105:92dd:a8a2:7e8d:538b:ddb3,4,4,0.00,562.55,0.00,SIN
2a06:98c1:3107:6a76:59ff:a67c:c673:9ea7,4,4,0.00,562.59,0.00,SIN
2a06:98c1:310d:923:3ea5:a0cd:fbc:d178,4,4,0.00,562.61,0.00,SIN
2a06:98c1:3104:ac4b:e552:e985:d2ea:f8c4,4,4,0.00,562.63,0.00,SIN
2a06:98c1:50:0:cbd9:e847:95dd:e43,4,4,0.00,562.64,0.00,SIN
2803:f800:51:361b:3ac1:8813:e6f8:7260,4,4,0.00,562.65,0.00,SIN
2a06:98c1:3107:e29a:ec56:1a64:33e1:3314,4,4,0.00,562.75,0.00,SIN
2a06:98c1:3109:5c62:79c1:1d3f:499e:a1f9,4,4,0.00,562.82,0.00,SIN
2a06:98c1:3109:0:9be8:8247:7679:87bd,4,4,0.00,562.89,0.00,SIN
2a06:98c1:3104:ac88:c3a4:4c7d:ce94:e2b2,4,4,0.00,562.93,0.00,SIN
2a06:98c1:3107:e29a:ecce:244c:a39a:b78,4,4,0.00,563.02,0.00,SIN
2a06:98c1:3101:b8:601a:52e0:4af9:9d9,4,4,0.00,563.21,0.00,SIN
2a06:98c1:51:0:25:69c0:eb8e:bf81,4,4,0.00,563.30,0.00,SIN
2a06:98c1:51:0:d59c:5bda:39fe:dbec,4,4,0.00,563.45,0.00,SIN
2a06:98c1:310c::cac6,4,4,0.00,563.47,0.00,SIN
2a06:98c1:3109:5c62:79c1:1dad:280b:e7a3,4,4,0.00,563.58,0.00,SIN
2a06:98c1:3105:92dd:a8a2:ad61:dd8b:3962,4,4,0.00,563.63,0.00,SIN
2a06:98c1:3109:0:f8:b9c4:b4fb:44b0,4,4,0.00,563.67,0.00,SIN
2a06:98c1:3102:69:4631:bbc5:df84:46d4,4,4,0.00,563.91,0.00,SIN
2a06:98c1:3108:b085:ce7f:4b49:12a4:7c,4,4,0.00,563.92,0.00,SIN
2a06:98c1:3109:bf:973b:92a1:7078:8a3f,4,4,0.00,563.93,0.00,SIN
2a06:98c1:3107:e213:9fca:d554:805d:d18c,4,4,0.00,563.94,0.00,SIN
2a06:98c1:3101:b508:81fc:65ff:5bc6:4967,4,4,0.00,564.05,0.00,SIN
2a06:98c1:310b:ffaa:77b3:401:48df:7c47,4,4,0.00,564.08,0.00,SIN
2a06:98c1:310e:d4b0:c27f:7b83:b110:7fce,4,4,0.00,564.09,0.00,SIN
2a06:98c1:310b:80ff:abc7:2118:c229:fa1a,4,4,0.00,564.13,0.00,SIN
2a06:98c1:51:517a:67fc:d4dc:3b9e:b637,4,4,0.00,564.15,0.00,SIN
2a06:98c1:3102:69:4631:bbc5:cbd2:af28,4,4,0.00,564.19,0.00,SIN
2803:f800:51:367e:4d43:5da4:cbfb:d4b0,4,4,0.00,564.22,0.00,SIN
2a06:98c1:50:b10f:279c:6e6d:253c:e7cb,4,4,0.00,564.22,0.00,SIN
2a06:98c1:3103:0:fd:9176:fc18:e57c,4,4,0.00,564.26,0.00,SIN
2803:f800:51:5943:9086:53fa:b2c8:47f2,4,4,0.00,564.30,0.00,SIN
2a06:98c1:3105:6e:2f22:ff84:5d87:20eb,4,4,0.00,564.35,0.00,SIN
2a06:98c1:3105:b3:85df:f703:3a78:cb71,4,4,0.00,564.39,0.00,SIN
2a06:98c1:3101:b8:60e2:37b2:84f0:4f74,4,4,0.00,564.40,0.00,SIN
2803:f800:51:367e:5328:8e8e:a09e:daa9,4,4,0.00,564.42,0.00,SIN
2a06:98c1:3107:e29a:ec56:1a8b:17b8:c748,4,4,0.00,564.45,0.00,SIN
2a06:98c1:310f:0:ab:96f9:edcc:cb7a,4,4,0.00,564.46,0.00,SIN
2a06:98c1:3101:0:5cc3:bd0b:d2bf:7793,4,4,0.00,564.57,0.00,SIN
2803:f800:51:367e:a11c:417a:f055:65dd,4,4,0.00,564.74,0.00,SIN
2a06:98c1:3106:48:aeec:3e:e084:f83b,4,4,0.00,564.78,0.00,SIN
2a06:98c1:3101:b8:601a:df87:45ba:7ae1,4,4,0.00,564.87,0.00,SIN
2a06:98c1:310a::228e:1187:c7f4,4,4,0.00,564.87,0.00,SIN
2a06:98c1:310b:80ff:9ff2:fb67:6d6c:6150,4,4,0.00,564.90,0.00,SIN
2a06:98c1:3108:b01d:4482:c2c7:a818:a5ef,4,4,0.00,564.90,0.00,SIN
2a06:98c1:3108:b085:ce48:815a:f243:4292,4,4,0.00,564.93,0.00,SIN
2a06:98c1:3105:b3:85df:d8af:8968:21ee,4,4,0.00,564.95,0.00,SIN
2a06:98c1:3106:c2c8:cde:b437:99fb:8fd7,4,4,0.00,564.99,0.00,SIN
2a06:98c1:310e:7:fc4:7b8:99eb:152a,4,4,0.00,565.02,0.00,SIN
2a06:98c1:3107:0:7084:f110:5d37:4ba5,4,4,0.00,565.03,0.00,SIN
2a06:98c1:3101:0:b399:4d40:67a1:5fc2,4,4,0.00,565.04,0.00,SIN
2a06:98c1:3106::9a07:9975:3d2e,4,4,0.00,565.06,0.00,SIN
2a06:98c1:3105:92dd:a8a2:7104:b559:94d,4,4,0.00,565.06,0.00,SIN
2a06:98c1:3105:92dd:a8a2:73e3:15c6:b00d,4,4,0.00,565.20,0.00,SIN
2a06:98c1:3100:594:1151:88bf:f70d:6c97,4,4,0.00,565.23,0.00,SIN
2a06:98c1:3106:0:ea:5ae5:939d:afbe,4,4,0.00,565.28,0.00,SIN
2803:f800:51:36af:a3a:3ff4:2b5f:f295,4,4,0.00,565.29,0.00,SIN
2a06:98c1:3109:bf:973b:928a:88b8:7867,4,4,0.00,565.30,0.00,SIN
2a06:98c1:3109:0:9be8:82af:60db:82f,4,4,0.00,565.35,0.00,SIN
2a06:98c1:3105:92dd:a8a2:71fd:e07f:a73d,4,4,0.00,565.45,0.00,SIN
2a06:98c1:3105:92dd:39b4:fc10:72b6:4db9,4,4,0.00,565.46,0.00,SIN
2a06:98c1:3107:d8:40bb:45e6:fca2:837c,4,4,0.00,565.56,0.00,SIN
2803:f800:51:59ed:389a:dab4:b077:4101,4,4,0.00,565.62,0.00,SIN
2a06:98c1:3106:a6:9d0f:5b0b:fb70:78a3,4,4,0.00,565.65,0.00,SIN
2a06:98c1:3109:0:74a8:ba79:eb7f:9f00,4,4,0.00,565.65,0.00,SIN
2a06:98c1:3101:b8:60e2:37e4:d283:9624,4,4,0.00,565.70,0.00,SIN
2803:f800:51:5961:bc:603d:ee22:108,4,4,0.00,565.72,0.00,SIN
2a06:98c1:310d:a8:11:31a6:956a:ac4d,4,4,0.00,565.81,0.00,SIN
2a06:98c1:3106:0:ea:5aa0:8143:dd1f,4,4,0.00,565.82,0.00,SIN
2a06:98c1:310f:0:4e3d:993e:808d:a32a,4,4,0.00,565.87,0.00,SIN
2a06:98c1:51:0:7fe3:8ffd:a140:c0f1,4,4,0.00,565.91,0.00,SIN
2a06:98c1:3109:0:9be8:a382:73e:5865,4,4,0.00,565.94,0.00,SIN
2a06:98c1:50:0:cb0e:971e:b45f:b06c,4,4,0.00,566.08,0.00,SIN
2a06:98c1:3102:a11b:30ae:f7d6:16b5:f8d3,4,4,0.00,566.11,0.00,SIN
2a06:98c1:3102:a178:b402:f663:a56d:22ca,4,4,0.00,566.11,0.00,SIN
2a06:98c1:51:e1:e84b:21b5:bd32:cd28,4,4,0.00,566.12,0.00,SIN
2a06:98c1:310d:9eb:e789:6300:1703:3ef1,4,4,0.00,566.16,0.00,SIN
2a06:98c1:3105:b3:85df:f7af:c8e3:e94b,4,4,0.00,566.17,0.00,SIN
2a06:98c1:310e:7c29:958d:d91a:d915:13f8,4,4,0.00,566.28,0.00,SIN
2a06:98c1:3107:9d:624a:7fa:aa18:54c,4,4,0.00,566.34,0.00,SIN
2a06:98c1:3108:cb:8d85:7d54:3f4d:682,4,4,0.00,566.36,0.00,SIN
2a06:98c1:3106:48:aed1:3e71:6245:3eab,4,4,0.00,566.37,0.00,SIN
2a06:98c1:3103:0:97:6e12:f74e:5ab6,4,4,0.00,566.37,0.00,SIN
2a06:98c1:3108:f1:e6e4:15ac:216e:2138,4,4,0.00,566.42,0.00,SIN
2803:f800:51:59ed:e0a2:565d:a628:3c48,4,4,0.00,566.46,0.00,SIN
2a06:98c1:3107:e29a:ecce:7338:212e:3cbe,4,4,0.00,566.54,0.00,SIN
2a06:98c1:3102:0:358c:cd5c:76ea:56e6,4,4,0.00,566.55,0.00,SIN
2803:f800:51:5943:44ac:4ba0:7475:d76,4,4,0.00,566.59,0.00,SIN
2a06:98c1:3108:f1:e6e4:dc72:356f:d9a5,4,4,0.00,566.60,0.00,SIN
2803:f800:51:361b:3a9d:fd9:d9c5:18f6,4,4,0.00,566.62,0.00,SIN
2a06:98c1:3101:0:8acc:26e9:c932:e6fb,4,4,0.00,566.64,0.00,SIN
2a06:98c1:310f:53:7c7c:619e:91e4:62fb,4,4,0.00,566.64,0.00,SIN
2803:f800:51:a8:6d22:e536:8f33:f323,4,4,0.00,566.71,0.00,SIN
2a06:98c1:310c:0:d919:7e66:bea1:187f,4,4,0.00,566.71,0.00,SIN
2a06:98c1:3106:48:aed1:52b2:c96:8542,4,4,0.00,566.76,0.00,SIN
2a06:98c1:3108:b085:ce48:815a:f225:4e5,4,4,0.00,566.76,0.00,SIN
2a06:98c1:3107:6a76:59ff:a665:f77e:1ced,4,4,0.00,566.79,0.00,SIN
2a06:98c1:310b:8009:1114:a721:30da:6d6a,4,4,0.00,566.87,0.00,SIN
2a06:98c1:50:0:cbd9:55:9609:ab57,4,4,0.00,566.87,0.00,SIN
2a06:98c1:3100::ca:fbbd,4,4,0.00,567.01,0.00,SIN
2a06:98c1:3109:0:9bb5:f4a9:726f:5a3,4,4,0.00,567.04,0.00,SIN
2a06:98c1:310e:7c6e:fe72:a2bc:5ba6:1d71,4,4,0.00,567.09,0.00,SIN
2a06:98c1:310b:ffaa:77b3:47d:bd36:f991,4,4,0.00,567.14,0.00,SIN
2a06:98c1:50:b1f9:b21f:226c:37fe:2b69,4,4,0.00,567.22,0.00,SIN
2a06:98c1:310b:80ff:9ff2:fb67:58e0:8db3,4,4,0.00,567.25,0.00,SIN
2a06:98c1:3102:69:4631:bbc5:b750:8f8b,4,4,0.00,567.28,0.00,SIN
2a06:98c1:310f:53:7c7c:61a7:7494:732a,4,4,0.00,567.32,0.00,SIN
2a06:98c1:3106:48:aed1:3ec2:94f6:167f,4,4,0.00,567.37,0.00,SIN
2a06:98c1:3109:0:9be8:82af:528f:826c,4,4,0.00,567.37,0.00,SIN
2a06:98c1:3109:0:74d0:9974:5751:5050,4,4,0.00,567.41,0.00,SIN
2a06:98c1:3105:92dd:a8a2:4d5e:8ad4:f9d3,4,4,0.00,567.49,0.00,SIN
2a06:98c1:3106:48:aeec:8d2a:5649:7cac,4,4,0.00,567.62,0.00,SIN
2a06:98c1:310e:7:fc4:d1d7:f9b7:6cca,4,4,0.00,567.68,0.00,SIN
2a06:98c1:3107:9d:b85b:f896:edec:587c,4,4,0.00,567.71,0.00,SIN
2803:f800:51:5961:57:ed07:4a4f:47bd,4,4,0.00,567.71,0.00,SIN
2a06:98c1:310a:0:f9:c6fa:1889:6a2e,4,4,0.00,567.82,0.00,SIN
2a06:98c1:3103:fc:57d9:905c:b364:7431,4,4,0.00,567.86,0.00,SIN
2a06:98c1:310d:9eb:e789:3727:38be:d73a,4,4,0.00,567.87,0.00,SIN
2a06:98c1:3105:92dd:a8a2:7e8d:53e4:62de,4,4,0.00,567.90,0.00,SIN
2a06:98c1:3104:ac2b:23ec:214f:30b1:3295,4,4,0.00,567.91,0.00,SIN
2a06:98c1:3102:a11b:30ae:f7d6:c445:1be,4,4,0.00,567.95,0.00,SIN
2a06:98c1:51:7c:f163:482e:9b27:6617,4,4,0.00,568.07,0.00,SIN
2a06:98c1:3107:0:70ad:e87b:766f:7f7b,4,4,0.00,568.23,0.00,SIN
2a06:98c1:3105:b2b8:7203:fbfa:58d9:f81e,4,4,0.00,568.26,0.00,SIN
2a06:98c1:3105::c9ef:1177,4,4,0.00,568.29,0.00,SIN
2803:f800:51:36af:a3a:3f94:a063:b614,4,4,0.00,568.42,0.00,SIN
2a06:98c1:310b:80ff:9ff2:fbfe:79fe:e22e,4,4,0.00,568.46,0.00,SIN
2a06:98c1:3102:a11b:bf79:26bf:d4b7:d808,4,4,0.00,568.47,0.00,SIN
2a06:98c1:310d:923:3ea5:a88e:845f:1b9,4,4,0.00,568.50,0.00,SIN
2a06:98c1:3106:48:d49e:b446:bd6d:8e40,4,4,0.00,568.50,0.00,SIN
2a06:98c1:3105:92dd:a8a2:4d69:9ec:f106,4,4,0.00,568.51,0.00,SIN
2a06:98c1:3109:bf:973b:9276:b651:b986,4,4,0.00,568.60,0.00,SIN
2a06:98c1:310f:53:3bf4:9480:7b30:50ed,4,4,0.00,568.61,0.00,SIN
2400:cb00:2049:d7:b3f1:e238:9ff8:889b,4,4,0.00,568.64,0.00,SIN
2a06:98c1:3109:5cfd:239a:cef:4b99:7dd6,4,4,0.00,568.66,0.00,SIN
2a06:98c1:3105:92dd:a8a2:4d5e:8a1e:8a9d,4,4,0.00,568.70,0.00,SIN
2a06:98c1:3105:0:a3:d872:e8d4:674f,4,4,0.00,568.71,0.00,SIN
2a06:98c1:3102:a11b:f817:5398:d6bb:8ae0,4,4,0.00,568.77,0.00,SIN
2a06:98c1:3107:9d:b8dc:3db1:a580:915b,4,4,0.00,568.80,0.00,SIN
2a06:98c1:50:b1f9:b2a8:22a2:82d2:d3d4,4,4,0.00,568.81,0.00,SIN
2a06:98c1:3107:0:7084:f1f4:35dd:7787,4,4,0.00,568.92,0.00,SIN
2a06:98c1:310c:0:a437:b758:a569:1f23,4,4,0.00,569.01,0.00,SIN
2a06:98c1:3104:ac4b:65b0:5628:bb46:865c,4,4,0.00,569.12,0.00,SIN
2a06:98c1:3107:9d:b8dc:8ada:f93f:c6b3,4,4,0.00,569.14,0.00,SIN
2a06:98c1:50:b10f:2768:3162:ffe7:df96,4,4,0.00,569.24,0.00,SIN
2a06:98c1:3109:0:7475:7407:a9ff:1a70,4,4,0.00,569.39,0.00,SIN
2a06:98c1:310e:7cd0:862f:3a2d:79a6:a6e3,4,4,0.00,569.46,0.00,SIN
2a06:98c1:310c:90c1:80ad:724e:a19:4e88,4,4,0.00,569.53,0.00,SIN
2a06:98c1:3106:c2c8:50a8:283e:c308:3387,4,4,0.00,569.62,0.00,SIN
2a06:98c1:3107:6a76:59ff:a665:1458:e9db,4,4,0.00,569.63,0.00,SIN
2803:f800:51:5943:9086:532a:464d:a1e,4,4,0.00,569.73,0.00,SIN
2a06:98c1:3101:0:5c87:c8ba:f081:9457,4,4,0.00,569.76,0.00,SIN
2a06:98c1:50:0:cbd9:e847:9dd:e38e,4,4,0.00,569.81,0.00,SIN
2a06:98c1:3107:9d:b8c4:8bcf:e968:17d3,4,4,0.00,569.82,0.00,SIN
2a06:98c1:3107:6a76:b2d6:132f:3ff7:7dbd,4,4,0.00,569.87,0.00,SIN
2a06:98c1:3106:48:aed1:52b2:ccf:5b0a,4,4,0.00,569.88,0.00,SIN
2a06:98c1:3109:bf:9701:8736:86b6:8b12,4,4,0.00,569.88,0.00,SIN
2803:f800:51:5943:901e:9242:135c:fc09,4,4,0.00,569.93,0.00,SIN
2803:f800:51:5943:4409:55d6:caab:e37e,4,4,0.00,569.96,0.00,SIN
2a06:98c1:3105:7bac:759d:cd39:cbf6:a405,4,4,0.00,569.96,0.00,SIN
2a06:98c1:51:d11b:b9fd:145c:8c7a:3f24,4,4,0.00,569.98,0.00,SIN
2a06:98c1:310b:ffe6:5bab:60a2:dfb7:fd34,4,4,0.00,570.02,0.00,SIN
2a06:98c1:310a:7e:6dca:23d7:3cc1:a9c1,4,4,0.00,570.04,0.00,SIN
2a06:98c1:3101:3c:967c:1f27:852:b6a9,4,4,0.00,570.17,0.00,SIN
2803:f800:51:5943:77b0:c563:e280:d16b,4,4,0.00,570.17,0.00,SIN
2a06:98c1:3107:9d:b8dc:8a35:c657:c35e,4,4,0.00,570.19,0.00,SIN
2a06:98c1:310e:32:dc9f:307:62f6:9bc0,4,4,0.00,570.20,0.00,SIN
2a06:98c1:3109:0:f8:1d07:ca2d:c4b3,4,4,0.00,570.28,0.00,SIN
2a06:98c1:3106:48:ae0c:860b:3a04:fd6,4,4,0.00,570.29,0.00,SIN
2a06:98c1:3106:0:ea:5aa0:56f4:d391,4,4,0.00,570.32,0.00,SIN
2a06:98c1:3109:bf:97d0:1bff:ef42:4c31,4,4,0.00,570.34,0.00,SIN
2a06:98c1:3108:8d:dbfc:9980:5b86:3f8f,4,4,0.00,570.37,0.00,SIN
2803:f800:50:0:cf:7208:8faf:c483,4,4,0.00,570.41,0.00,SIN
2a06:98c1:310d::f13c:5065,4,4,0.00,570.41,0.00,SIN
2a06:98c1:3103:fc:57d9:5c84:31df:d8b8,4,4,0.00,570.48,0.00,SIN
2a06:98c1:3105:922e:f855:d65b:b0d9:467c,4,4,0.00,570.50,0.00,SIN
2a06:98c1:310b:ee:80c5:ec38:fdf:5eeb,4,4,0.00,570.51,0.00,SIN
2a06:98c1:3109:0:f8:42d2:60e2:ab39,4,4,0.00,570.53,0.00,SIN
2803:f800:51:59ed:389a:4734:85a0:e77f,4,4,0.00,570.53,0.00,SIN
2803:f800:51:367e:a11c:414c:59c5:9336,4,4,0.00,570.62,0.00,SIN
2a06:98c1:3106:0:ea:5ae5:9052:a3a3,4,4,0.00,570.63,0.00,SIN
2a06:98c1:3101:0:b399:c45d:1fbd:7027,4,4,0.00,570.63,0.00,SIN
2a06:98c1:310b:ffaa:77b3:8234:d50d:3f8c,4,4,0.00,570.64,0.00,SIN
2a06:98c1:3105:b3:85df:f7af:b9d0:d75b,4,4,0.00,570.78,0.00,SIN
2a06:98c1:3107:e213:9fb3:2c1b:86c3:c083,4,4,0.00,570.78,0.00,SIN
2a06:98c1:50:b10f:2768:3162:ff64:377a,4,4,0.00,570.84,0.00,SIN
2a06:98c1:3102:0:358c:cd36:17c0:e645,4,4,0.00,571.06,0.00,SIN
2a06:98c1:310f:0:4e8d:6710:8906:c7c2,4,4,0.00,571.08,0.00,SIN
2a06:98c1:310b:80ff:9f38:f110:12db:4ab,4,4,0.00,571.11,0.00,SIN
2803:f800:51:5961:bc6:6aa7:470d:d53d,4,4,0.00,571.12,0.00,SIN
2a06:98c1:310a:7e:6dca:23d7:b096:f814,4,4,0.00,571.18,0.00,SIN
2a06:98c1:310c:0:d919:c4d8:60a:66d6,4,4,0.00,571.21,0.00,SIN
2a06:98c1:50:0:cb0e:45f7:f592:4296,4,4,0.00,571.24,0.00,SIN
2a06:98c1:310b:80ff:abc7:2118:4d9:6f58,4,4,0.00,571.31,0.00,SIN
2803:f800:51:0:ceac:87bf:5115:9396,4,4,0.00,571.36,0.00,SIN
2a06:98c1:3107:6a76:59ff:a64f:4c4d:2187,4,4,0.00,571.36,0.00,SIN
2a06:98c1:3109:0:f8:b9c4:2e31:5ace,4,4,0.00,571.42,0.00,SIN
2a06:98c1:3102:e6:c2fc:9bea:28b9:9f1d,4,4,0.00,571.46,0.00,SIN
2a06:98c1:3101:b8:dddd:836c:13d3:a8a4,4,4,0.00,571.49,0.00,SIN
2a06:98c1:310a:4e:69ac:17ef:8aac:62b4,4,4,0.00,571.49,0.00,SIN
2a06:98c1:310e:7cd0:f0b3:ae2a:bde2:add,4,4,0.00,571.53,0.00,SIN
2a06:98c1:3100:245c:b01:e3c0:72c0:fbf4,4,4,0.00,571.59,0.00,SIN
2803:f800:51:5943:7527:4bef:e109:f0a3,4,4,0.00,571.63,0.00,SIN
2803:f800:51:59ed:e0a2:56ef:b510:e5a7,4,4,0.00,571.78,0.00,SIN
2a06:98c1:310a:4e:69ac:17a0:c38a:ed45,4,4,0.00,571.82,0.00,SIN
2a06:98c1:3105::cf5c:6dab:9f41,4,4,0.00,571.86,0.00,SIN
2a06:98c1:310c:0:d90d:daa5:b8d5:73e,4,4,0.00,571.88,0.00,SIN
2a06:98c1:3102:69:1cf3:d6ee:a70a:e369,4,4,0.00,571.96,0.00,SIN
2803:f800:51:5943:901e:4e19:e4fa:52a6,4,4,0.00,572.19,0.00,SIN
2a06:98c1:3107:e291:390:5d8a:8618:fc23,4,4,0.00,572.21,0.00,SIN
2a06:98c1:310d:923:3e9d:fcc9:7259:8418,4,4,0.00,572.24,0.00,SIN
2a06:98c1:310a:0:f9:c6fa:1873:6bda,4,4,0.00,572.27,0.00,SIN
2a06:98c1:3107:e29a:522e:fab2:94f9:49fc,4,4,0.00,572.33,0.00,SIN
2a06:98c1:3102:e6:c2fc:9b19:a25e:52f9,4,4,0.00,572.34,0.00,SIN
2a06:98c1:3105:b3:85df:f703:dac0:561c,4,4,0.00,572.39,0.00,SIN
2a06:98c1:310d::26c4:ebd7:e6d0,4,4,0.00,572.42,0.00,SIN
2a06:98c1:310a:7e:6dca:23d7:b03a:ebd2,4,4,0.00,572.47,0.00,SIN
2a06:98c1:50:b10f:c428:8cb2:565d:52eb,4,4,0.00,572.58,0.00,SIN
2a06:98c1:310c:0:3472:34cc:8404:ad1f,4,4,0.00,572.62,0.00,SIN
2a06:98c1:3109:bf:973b:9274:7167:25c9,4,4,0.00,572.68,0.00,SIN
2a06:98c1:51:d11b:f24:747d:efec:aa73,4,4,0.00,572.76,0.00,SIN
2a06:98c1:3108:f1:e6e4:dcfd:e0f5:1e2e,4,4,0.00,572.78,0.00,SIN
2a06:98c1:3108:f1:e6e4:dcfd:e01d:f8be,4,4,0.00,572.80,0.00,SIN
2a06:98c1:310b:80ff:9ff2:efb0:92bd:30ea,4,4,0.00,572.81,0.00,SIN
2a06:98c1:3106:c2c8:50a8:7325:b0d4:67dc,4,4,0.00,573.09,0.00,SIN
2a06:98c1:310f:0:4e8d:6742:5689:2232,4,4,0.00,573.15,0.00,SIN
2803:f800:51:0:ceac:87bf:108d:eb5c,4,4,0.00,573.15,0.00,SIN
2803:f800:51:5943:901e:4e19:e41d:4689,4,4,0.00,573.18,0.00,SIN
2803:f800:50:0:9f5c:ae2c:571b:bf85,4,4,0.00,573.19,0.00,SIN
2a06:98c1:310f:53:3bf4:f3da:e6e1:5ed4,4,4,0.00,573.19,0.00,SIN
2a06:98c1:3106:c2c8:c49:e9ff:6399:988a,4,4,0.00,573.22,0.00,SIN
2a06:98c1:3101:0:5c3c:fdc0:8de0:fa6d,4,4,0.00,573.22,0.00,SIN
2a06:98c1:310f:53:3bf4:94e1:5747:747f,4,4,0.00,573.26,0.00,SIN
2a06:98c1:3106:0:16af:2817:6c65:8e27,4,4,0.00,573.29,0.00,SIN
2a06:98c1:3101:0:5c1d:97f8:99db:f138,4,4,0.00,573.33,0.00,SIN
2a06:98c1:310e:0:cb:9b96:5109:b33f,4,4,0.00,573.39,0.00,SIN
2a06:98c1:3106:48:d463:f4d2:3ff7:a673,4,4,0.00,573.40,0.00,SIN
2a06:98c1:310f:53:7c7c:2fe3:74da:2a8b,4,4,0.00,573.46,0.00,SIN
2a06:98c1:51:d161:12b0:44dc:2cb2:265b,4,4,0.00,573.49,0.00,SIN
2a06:98c1:3100:245c:8bee:d7a0:9715:62f5,4,4,0.00,573.51,0.00,SIN
2a06:98c1:50:b1f9:b21f:41d0:4ae2:2680,4,4,0.00,573.53,0.00,SIN
2a06:98c1:3108:f1:314b:27aa:585e:7e47,4,4,0.00,573.59,0.00,SIN
2a06:98c1:310c:90c1:80ad:727a:fdc6:2741,4,4,0.00,573.61,0.00,SIN
2a06:98c1:51:0:e8:983a:14fa:f4b8,4,4,0.00,573.62,0.00,SIN
2a06:98c1:3107:9d:b85b:f828:7c52:e389,4,4,0.00,573.64,0.00,SIN
2a06:98c1:51:517a:70fa:958c:f22c:fa8d,4,4,0.00,573.75,0.00,SIN
2a06:98c1:310a:1f5e:ae7c:28f7:5168:63f1,4,4,0.00,573.76,0.00,SIN
2a06:98c1:310f:53:3bf4:f3da:54c:8b87,4,4,0.00,573.76,0.00,SIN
2a06:98c1:3109:5cfd:239a:7188:f375:a860,4,4,0.00,573.77,0.00,SIN
2a06:98c1:3107:e29a:528f:a31b:53f9:7306,4,4,0.00,573.80,0.00,SIN
2a06:98c1:50:3d:5a74:8774:7170:26fa,4,4,0.00,573.82,0.00,SIN
2a06:98c1:310a:4e:69ac:17ef:8ad5:5d03,4,4,0.00,573.90,0.00,SIN
2a06:98c1:310e:7:fc4:d1d7:f96e:af9a,4,4,0.00,573.94,0.00,SIN
2a06:98c1:3107:d8:5ff8:4c9f:3c5c:eed6,4,4,0.00,573.94,0.00,SIN
2a06:98c1:310e:32:2977:4dff:8fde:a3a8,4,4,0.00,574.12,0.00,SIN
2a06:98c1:50:b10f:279c:1e71:29bc:1a8d,4,4,0.00,574.12,0.00,SIN
2a06:98c1:3107:9d:275:155b:c1c9:697,4,4,0.00,574.14,0.00,SIN
2a06:98c1:3107:d8:5ff8:4c9f:4a9a:cc10,4,4,0.00,574.17,0.00,SIN
2a06:98c1:3107:9d:b8dc:3db1:e591:ac07,4,4,0.00,574.25,0.00,SIN
2a06:98c1:51:0:7fe3:8f9a:39d0:aaab,4,4,0.00,574.29,0.00,SIN
2a06:98c1:3109:0:10:a64b:d1e3:944a,4,4,0.00,574.32,0.00,SIN
2a06:98c1:3100:245c:b01:2148:3b9b:a9fa,4,4,0.00,574.33,0.00,SIN
2803:f800:50:85:59f2:4dce:9f2b:9512,4,4,0.00,574.36,0.00,SIN
2a06:98c1:310d:9eb:7c49:a305:c561:678c,4,4,0.00,574.39,0.00,SIN
2a06:98c1:51::927a:d19f:a908,4,4,0.00,574.45,0.00,SIN
2a06:98c1:310a:1f5e:ae7c:28f7:274b:dfca,4,4,0.00,574.49,0.00,SIN
2a06:98c1:51:d11b:b9fd:145c:a178:75f6,4,4,0.00,574.49,0.00,SIN
2803:f800:51:a8:6d22:e5f8:8694:ca0e,4,4,0.00,574.51,0.00,SIN
2a06:98c1:3105:92dd:a8a2:7104:d3e3:6100,4,4,0.00,574.51,0.00,SIN
2a06:98c1:3107:0:8464:3b02:8016:948,4,4,0.00,574.53,0.00,SIN
2a06:98c1:310e:7c6e:fefe:a9d9:4207:f16f,4,4,0.00,574.59,0.00,SIN
2a06:98c1:310c:0:3472:bba0:b578:4a35,4,4,0.00,574.63,0.00,SIN
2803:f800:51:5943:4409:55d6:ca75:2455,4,4,0.00,574.66,0.00,SIN
2a06:98c1:3106:0:16af:28ad:e4d2:5dc8,4,4,0.00,574.68,0.00,SIN
2803:f800:50:85:59f2:4d3e:32f8:292b,4,4,0.00,574.71,0.00,SIN
2a06:98c1:3104:ac88:c3a4:4c7d:ced8:39b6,4,4,0.00,574.71,0.00,SIN
2a06:98c1:310a:7e:6dca:23f2:6f36:3079,4,4,0.00,574.72,0.00,SIN
2a06:98c1:310d::26dd:103a:b851,4,4,0.00,574.78,0.00,SIN
2a06:98c1:310a:0:a27b:4495:672f:e5c3,4,4,0.00,574.92,0.00,SIN
2a06:98c1:3100:245c:8b70:76c7:8959:f877,4,4,0.00,574.95,0.00,SIN
2a06:98c1:51:517a:67fc:d4dc:a5f8:a905,4,4,0.00,575.03,0.00,SIN
2a06:98c1:3102:a11b:bf80:ecfb:bd5d:3672,4,4,0.00,575.06,0.00,SIN
2803:f800:51:5943:8229:6150:eaf9:32a6,4,4,0.00,575.16,0.00,SIN
2a06:98c1:310a:0:df:dfb7:aafb:186,4,4,0.00,575.17,0.00,SIN
2a06:98c1:310e:7cd0:3855:91f3:2ad6:bd2c,4,4,0.00,575.39,0.00,SIN
2a06:98c1:310b:ee:80c5:ec38:f8cc:80ec,4,4,0.00,575.41,0.00,SIN
2a06:98c1:310c:9063:b271:5502:303e:87cd,4,4,0.00,575.45,0.00,SIN
2a06:98c1:3105:92dd:a8a2:4d5e:ab9b:dc6,4,4,0.00,575.46,0.00,SIN
2a06:98c1:3107:e29a:d61d:b512:d044:7006,4,4,0.00,575.56,0.00,SIN
2a06:98c1:3108:b01d:d2f8:c380:858c:7f3e,4,4,0.00,575.56,0.00,SIN
2a06:98c1:3109:bf:973b:9274:826c:380c,4,4,0.00,575.58,0.00,SIN
2a06:98c1:310c:0:3472:34cc:1563:2493,4,4,0.00,575.58,0.00,SIN
2a06:98c1:3105:7f:1074:4c18:216f:a3ea,4,4,0.00,575.62,0.00,SIN
2a06:98c1:50:0:cbd9:e847:3d89:974d,4,4,0.00,575.81,0.00,SIN
2a06:98c1:51:0:e8:de1b:ab11:3c4e,4,4,0.00,575.83,0.00,SIN
2803:f800:51:5943:77b0:c563:38c1:10ed,4,4,0.00,575.84,0.00,SIN
2a06:98c1:310f:0:ab:cb93:6dab:30f6,4,4,0.00,575.84,0.00,SIN
2a06:98c1:3108:f1:314b:c0b9:957d:6928,4,4,0.00,575.84,0.00,SIN
2a06:98c1:3105:92dd:a8a2:4d5e:d4ec:88e8,4,4,0.00,575.93,0.00,SIN
2a06:98c1:3100:0:66:e043:8b7b:1d30,4,4,0.00,575.95,0.00,SIN
2803:f800:51:5943:75a4:234b:5816:6cbf,4,4,0.00,576.02,0.00,SIN
2803:f800:51:59ed:2fa0:f515:94b7:46b3,4,4,0.00,576.02,0.00,SIN
2a06:98c1:3107:e213:9fca:d554:a0d7:4824,4,4,0.00,576.04,0.00,SIN
2a06:98c1:3104:0:9ec2:7b11:1607:c9e0,4,4,0.00,576.08,0.00,SIN
2a06:98c1:3106:c2c8:c49:e935:d29f:c89b,4,4,0.00,576.13,0.00,SIN
2a06:98c1:3108:f1:e6e4:dc72:1c24:37a8,4,4,0.00,576.14,0.00,SIN
2a06:98c1:51:d161:f658:2bbd:f4cd:85a2,4,4,0.00,576.17,0.00,SIN
2a06:98c1:3107:9d:b809:62e9:f4a7:1be4,4,4,0.00,576.17,0.00,SIN
2a06:98c1:3105::96:e3b9:de79,4,4,0.00,576.18,0.00,SIN
2a06:98c1:310e:7:fc4:d1d7:9610:c741,4,4,0.00,576.23,0.00,SIN
2a06:98c1:310c::2457:7702:6131,4,4,0.00,576.38,0.00,SIN
2a06:98c1:3105:b3:85df:d8af:3453:2c07,4,4,0.00,576.41,0.00,SIN
2a06:98c1:310c:0:d919:fed6:dbc1:bf69,4,4,0.00,576.42,0.00,SIN
2a06:98c1:310c:904c:df5a:a718:87c:40c,4,4,0.00,576.44,0.00,SIN
2a06:98c1:3108:b01d:d2f8:c361:fb66:1b46,4,4,0.00,576.44,0.00,SIN
2a06:98c1:3108:f1:e6e4:31a:fc43:42db,4,4,0.00,576.49,0.00,SIN
2803:f800:51:59ed:2fa0:f515:800f:7e02,4,4,0.00,576.49,0.00,SIN
2a06:98c1:310f:e0:a72:e15f:4fb6:41aa,4,4,0.00,576.52,0.00,SIN
2803:f800:51:5943:44ac:4bed:70c0:5eb8,4,4,0.00,576.57,0.00,SIN
2a06:98c1:310e:7c3f:b58d:b0e7:4733:8605,4,4,0.00,576.66,0.00,SIN
2a06:98c1:310d:0:12:252f:8ab3:ad75,4,4,0.00,576.74,0.00,SIN
2a06:98c1:3102:0:255e:dca0:c331:f8b3,4,4,0.00,576.75,0.00,SIN
2a06:98c1:51:d161:f658:76a1:a8d6:33bb,4,4,0.00,576.77,0.00,SIN
2a06:98c1:3100:245c:8b70:76c7:8987:30f0,4,4,0.00,576.81,0.00,SIN
2a06:98c1:3106:48:ae0c:5412:eb36:fec,4,4,0.00,576.89,0.00,SIN
2a06:98c1:310d:a8:c6:7306:d51c:40d9,4,4,0.00,576.90,0.00,SIN
2a06:98c1:3106:0:16af:8326:d463:4326,4,4,0.00,576.92,0.00,SIN
2a06:98c1:310e:7c3f:b5c4:3f69:cf1e:33fa,4,4,0.00,576.95,0.00,SIN
2a06:98c1:51:e1:e84b:2190:92b5:118c,4,4,0.00,576.95,0.00,SIN
2a06:98c1:3101:0:5c3c:fd65:99d2:c7f1,4,4,0.00,577.07,0.00,SIN
2a06:98c1:51:0:e8:de1b:1c0b:7bf3,4,4,0.00,577.08,0.00,SIN
2a06:98c1:3101:b508:81fc:65ff:e989:7c51,4,4,0.00,577.08,0.00,SIN
2a06:98c1:3102:0:3a:8ecb:e412:58c0,4,4,0.00,577.14,0.00,SIN
2a06:98c1:3108:f1:e6e4:eb6d:8607:6646,4,4,0.00,577.15,0.00,SIN
2a06:98c1:3107:9d:275:157b:1a95:aa6e,4,4,0.00,577.17,0.00,SIN
2a06:98c1:3107::410e:9f6e:d86a,4,4,0.00,577.23,0.00,SIN
2a06:98c1:310f:0:2a:8a33:9f16:2588,4,4,0.00,577.31,0.00,SIN
2a06:98c1:51:d11b:b909:5a5e:4095:974f,4,4,0.00,577.39,0.00,SIN
2a06:98c1:3102:0:3501:5f2e:40d9:f1d1,4,4,0.00,577.43,0.00,SIN
2a06:98c1:3100:b521:6cd0:aaad:df43:dd24,4,4,0.00,577.45,0.00,SIN
2a06:98c1:3107:6a76:56d9:3b4c:81be:8a45,4,4,0.00,577.48,0.00,SIN
2a06:98c1:3109:30:ee54:c9bc:69d8:e8aa,4,4,0.00,577.62,0.00,SIN
2a06:98c1:310e:7c3f:48ee:d026:b34:421e,4,4,0.00,577.66,0.00,SIN
2a06:98c1:3109:0:4693:87fb:ff86:6677,4,4,0.00,577.69,0.00,SIN
2803:f800:51:5943:77b0:c532:5798:186b,4,4,0.00,577.70,0.00,SIN
2a06:98c1:3102:0:358c:1d2:31e0:8273,4,4,0.00,577.74,0.00,SIN
2a06:98c1:3107:e213:9fb3:e164:2eb7:5a2c,4,4,0.00,577.75,0.00,SIN
2a06:98c1:3101:0:5c3c:fd65:cc3f:c1d5,4,4,0.00,577.78,0.00,SIN
2a06:98c1:3104:0:9ec2:7b1c:4c46:f360,4,4,0.00,577.82,0.00,SIN
2a06:98c1:310e:32:dc9f:ff3f:242:ead0,4,4,0.00,577.91,0.00,SIN
2a06:98c1:51:0:d5aa:dbd1:c1b8:c338,4,4,0.00,577.97,0.00,SIN
2a06:98c1:3109:0:10:a64b:a20c:d6ea,4,4,0.00,577.98,0.00,SIN
2a06:98c1:3107:e291:390:65d7:4b48:afd,4,4,0.00,578.05,0.00,SIN
2a06:98c1:3107:e213:9fb3:2cb1:106c:4a59,4,4,0.00,578.13,0.00,SIN
2a06:98c1:310c:0:3472:bb18:6090:15ab,4,4,0.00,578.16,0.00,SIN
2a06:98c1:3104:ac4b:e552:e947:7da7:6d6b,4,4,0.00,578.23,0.00,SIN
2a06:98c1:3104:acf0:bb92:321:3b8a:69e2,4,4,0.00,578.23,0.00,SIN
2a06:98c1:3107:0:3d:658d:6c3d:ccd9,4,4,0.00,578.25,0.00,SIN
2a06:98c1:3101:b8:dd71:22f:7c52:8e71,4,4,0.00,578.29,0.00,SIN
2a06:98c1:3105:0:b2:8b9e:9303:9c6e,4,4,0.00,578.30,0.00,SIN
2a06:98c1:310d:923:3ea5:8bf1:1a14:c9d6,4,4,0.00,578.33,0.00,SIN
2a06:98c1:310d:923:3ea5:5b64:896d:7b47,4,4,0.00,578.35,0.00,SIN
2a06:98c1:310c:0:fb:f5ed:95f8:713a,4,4,0.00,578.42,0.00,SIN
2a06:98c1:3107:0:9b:5f06:9ffb:8995,4,4,0.00,578.47,0.00,SIN
2a06:98c1:3101:b8:dd71:2dd:c2c5:30b,4,4,0.00,578.51,0.00,SIN
2a06:98c1:3107:9d:275:155b:8b76:3450,4,4,0.00,578.60,0.00,SIN
2a06:98c1:310b::ee:5a1c,4,4,0.00,578.68,0.00,SIN
2a06:98c1:3102:a11b:dd25:ec36:7a6f:6882,4,4,0.00,578.69,0.00,SIN
2a06:98c1:3102:e6:c2fc:77ae:2a07:3964,4,4,0.00,578.69,0.00,SIN
2a06:98c1:310e:7c3f:b58d:8426:efad:fc75,4,4,0.00,578.74,0.00,SIN
2a06:98c1:3107:d8:5f02:bbaf:e403:1efd,4,4,0.00,578.76,0.00,SIN
2a06:98c1:3102:e6:22db:e548:8029:b4a6,4,4,0.00,578.77,0.00,SIN
2a06:98c1:3101:0:b399:4d93:cf13:67f4,4,4,0.00,578.82,0.00,SIN
2a06:98c1:3101:b508:81fc:984f:a326:473d,4,4,0.00,578.82,0.00,SIN
2a06:98c1:51:e1:e84b:2190:ab98:4103,4,4,0.00,578.84,0.00,SIN
2a06:98c1:3109:0:10:a64b:7e61:5a28,4,4,0.00,578.85,0.00,SIN
2a06:98c1:3107:6a76:59ff:a64f:b9ad:1531,4,4,0.00,578.86,0.00,SIN
2a06:98c1:3106:48:d463:f4d2:ff0d:e05e,4,4,0.00,578.89,0.00,SIN
2a06:98c1:310a:0:d3e4:2328:74d3:1127,4,4,0.00,578.96,0.00,SIN
2a06:98c1:310c:90c1:e23d:acf5:abae:dbd3,4,4,0.00,578.99,0.00,SIN
2a06:98c1:51:517a:67fc:61f3:969d:fad2,4,4,0.00,579.01,0.00,SIN
2a06:98c1:310e:7c3f:6da8:9b1a:4de7:6f57,4,4,0.00,579.02,0.00,SIN
2a06:98c1:3101:b5b3:962f:15e9:6fe3:4cf2,4,4,0.00,579.14,0.00,SIN
2a06:98c1:3107:d8:5f02:cd0a:cde4:996d,4,4,0.00,579.22,0.00,SIN
2a06:98c1:3109:30:ae14:e88e:bf21:c3fa,4,4,0.00,579.26,0.00,SIN
2a06:98c1:3106:48:d74:8048:dac1:2a8,4,4,0.00,579.33,0.00,SIN
2a06:98c1:310a:7e:6dca:23f2:11b3:cfcb,4,4,0.00,579.37,0.00,SIN
2a06:98c1:310e:7:fc4:7b8:a291:7583,4,4,0.00,579.38,0.00,SIN
2a06:98c1:50:b10f:279c:c7da:ee7c:39e0,4,4,0.00,579.38,0.00,SIN
2803:f800:51:367e:533a:a643:3ecb:a17,4,4,0.00,579.39,0.00,SIN
2a06:98c1:310c:0:d919:c4d8:657:f7c7,4,4,0.00,579.40,0.00,SIN
2a06:98c1:310a:4e:c0a1:83f7:231f:9a0f,4,4,0.00,579.40,0.00,SIN
2a06:98c1:310b:80ff:9ff2:ef36:a2ca:6dcd,4,4,0.00,579.41,0.00,SIN
2a06:98c1:3107:9d:229:95fd:2955:c9ea,4,4,0.00,579.43,0.00,SIN
2803:f800:51:5961:dfff:ea9f:d8e5:1b05,4,4,0.00,579.48,0.00,SIN
2a06:98c1:51:0:d5aa:dbd1:5c0f:4498,4,4,0.00,579.49,0.00,SIN
2a06:98c1:51:d11b:b9fd:eb7e:9ddc:98fb,4,4,0.00,579.49,0.00,SIN
2803:f800:51:5943:77b0:c532:c6e2:d7a5,4,4,0.00,579.50,0.00,SIN
2a06:98c1:310b:ffe6:3435:8484:edb:46a2,4,4,0.00,579.51,0.00,SIN
2a06:98c1:3102:a11b:dd25:d291:94af:bfed,4,4,0.00,579.58,0.00,SIN
2a06:98c1:310e:7cd0:862f:e078:9b1e:fd47,4,4,0.00,579.62,0.00,SIN
2a06:98c1:310d:923:3ea5:5b32:871c:77d,4,4,0.00,579.70,0.00,SIN
2a06:98c1:3107:0:8464:e786:7718:9593,4,4,0.00,579.70,0.00,SIN
2a06:98c1:3102:69:1cf3:ccbd:f029:dd71,4,4,0.00,579.72,0.00,SIN
2a06:98c1:3107:0:7084:f110:5d50:d176,4,4,0.00,579.73,0.00,SIN
2a06:98c1:3107:e213:9fb3:2c0d:2506:ebf6,4,4,0.00,579.78,0.00,SIN
2a06:98c1:310f:53:e96d:a849:e588:6f7f,4,4,0.00,579.98,0.00,SIN
2a06:98c1:3103:fc:9491:1356:e652:1f68,4,4,0.00,580.00,0.00,SIN
2a06:98c1:3101:0:5c3c:6f42:3017:cc91,4,4,0.00,580.03,0.00,SIN
2803:f800:51:361b:3a9d:f9b:433b:1d47,4,4,0.00,580.04,0.00,SIN
2803:f800:50:0:9f94:7d42:40dd:5b85,4,4,0.00,580.06,0.00,SIN
2803:f800:51:5943:77b0:c532:570d:a0ed,4,4,0.00,580.07,0.00,SIN
2a06:98c1:310b:80ff:345e:175b:5af8:4f5b,4,4,0.00,580.07,0.00,SIN
2a06:98c1:3107:e291:8270:a009:2540:cf03,4,4,0.00,580.08,0.00,SIN
2a06:98c1:3105:6e:2f7c:5e30:b8c:2309,4,4,0.00,580.10,0.00,SIN
2a06:98c1:3107:9d:229:e8ae:cd34:a821,4,4,0.00,580.10,0.00,SIN
2a06:98c1:310a:0:37cd:e52c:b772:4191,4,4,0.00,580.13,0.00,SIN
2a06:98c1:3107:0:3d:6522:564a:821b,4,4,0.00,580.14,0.00,SIN
2a06:98c1:310a:1f5e:2e67:50ae:7928:cba0,4,4,0.00,580.16,0.00,SIN
2a06:98c1:310d::49:7b0c:7af2,4,4,0.00,580.19,0.00,SIN
2a06:98c1:310a:0:d3b0:5899:d7c6:36d2,4,4,0.00,580.21,0.00,SIN
2a06:98c1:310e:32:2977:452c:dbdd:dffe,4,4,0.00,580.22,0.00,SIN
2a06:98c1:310a:4e:69ac:17a0:dfad:b64b,4,4,0.00,580.24,0.00,SIN
2a06:98c1:3107::41fc:b933:1226,4,4,0.00,580.24,0.00,SIN
2a06:98c1:310c:0:d9e0:c449:36f1:372b,4,4,0.00,580.29,0.00,SIN
2a06:98c1:3105:92dd:a8a2:4d5e:d40f:1378,4,4,0.00,580.32,0.00,SIN
2a06:98c1:3100:245c:b01:2148:6982:18da,4,4,0.00,580.33,0.00,SIN
2a06:98c1:3107:0:70ad:951c:2b07:444e,4,4,0.00,580.34,0.00,SIN
2a06:98c1:3106:48:d463:f415:bda1:efd2,4,4,0.00,580.35,0.00,SIN
2803:f800:51:367e:a11c:8fa5:c83e:f2ce,4,4,0.00,580.38,0.00,SIN
2a06:98c1:3108:f1:314b:27fb:e332:153,4,4,0.00,580.40,0.00,SIN
2a06:98c1:310e:7c3f:b58d:e06:944e:4247,4,4,0.00,580.43,0.00,SIN
2a06:98c1:310f:53:e96d:a849:fd26:d98a,4,4,0.00,580.43,0.00,SIN
2a06:98c1:3102:69:46f0:1951:e043:1756,4,4,0.00,580.43,0.00,SIN
2a06:98c1:3106:c2c3:785c:41d9:9297:b09b,4,4,0.00,580.45,0.00,SIN
2a06:98c1:310f:0:ab:9643:441a:2ee4,4,4,0.00,580.48,0.00,SIN
2a06:98c1:3102:0:255e:dc60:d2e7:95ed,4,4,0.00,580.57,0.00,SIN
2a06:98c1:3100:245c:8b70:76c7:f8a4:a3e2,4,4,0.00,580.60,0.00,SIN
2a06:98c1:3103:0:dce9:201e:42f2:7e6c,4,4,0.00,580.61,0.00,SIN
2a06:98c1:310c::2457:777e:e864,4,4,0.00,580.66,0.00,SIN
2803:f800:51:5961:bc6:6a06:82d:e48c,4,4,0.00,580.68,0.00,SIN
2a06:98c1:3107:6a76:566c:60b1:d321:fe71,4,4,0.00,580.69,0.00,SIN
2a06:98c1:3108:f1:314b:d5bf:ae2:aa27,4,4,0.00,580.70,0.00,SIN
2803:f800:51:bd:5100:ee8b:d90:cae2,4,4,0.00,580.75,0.00,SIN
2803:f800:51:59ed:e0b4:d503:39a3:892e,4,4,0.00,580.78,0.00,SIN
2a06:98c1:50:0:cbd9:0:cd0:24dc,4,4,0.00,580.79,0.00,SIN
2a06:98c1:310c:90c1:e28b:7e7c:1562:8aae,4,4,0.00,580.82,0.00,SIN
2a06:98c1:310d:a8:c6:6797:4b85:c462,4,4,0.00,580.86,0.00,SIN
2a06:98c1:3107::41fc:b9f6:750,4,4,0.00,580.87,0.00,SIN
2a06:98c1:3105::cf5c:4795:93c0,4,4,0.00,580.87,0.00,SIN
2803:f800:51:367e:4d23:5507:1c95:c86b,4,4,0.00,580.92,0.00,SIN
2a06:98c1:310a:0:d3e4:235f:d164:4f9,4,4,0.00,580.92,0.00,SIN
2a06:98c1:310a:0:d3b0:7f36:edcc:b606,4,4,0.00,580.92,0.00,SIN
2a06:98c1:310e:32:2977:4d2c:6dc:174a,4,4,0.00,580.98,0.00,SIN
2a06:98c1:3106:48:d463:5362:97dd:ec55,4,4,0.00,581.00,0.00,SIN
2a06:98c1:3102:69:46e2:1bf9:c183:c055,4,4,0.00,581.02,0.00,SIN
2a06:98c1:3109:0:4693:8712:31c2:3cbf,4,4,0.00,581.06,0.00,SIN
2a06:98c1:310d:923:3ea5:5b64:5781:c441,4,4,0.00,581.09,0.00,SIN
2a06:98c1:310a:0:d3b0:7f36:2dc0:832d,4,4,0.00,581.10,0.00,SIN
2a06:98c1:310f::1ea0,4,4,0.00,581.26,0.00,SIN
2a06:98c1:3105:92dd:a803:56c9:aaff:3149,4,4,0.00,581.27,0.00,SIN
2803:f800:50:0:cf:7235:f0af:462c,4,4,0.00,581.28,0.00,SIN
2a06:98c1:3109:0:46a8:5a66:6d5b:b73,4,4,0.00,581.28,0.00,SIN
2a06:98c1:310d:923:3ea5:5b32:a79d:e9d7,4,4,0.00,581.31,0.00,SIN
2a06:98c1:310d:9eb:e789:378b:c160:41f,4,4,0.00,581.33,0.00,SIN
2a06:98c1:3106:0:16af:f070:c59c:8dd2,4,4,0.00,581.46,0.00,SIN
2a06:98c1:3105:0:9d16:8693:4d78:475b,4,4,0.00,581.52,0.00,SIN
2a06:98c1:3102:69:46f0:1951:e033:8576,4,4,0.00,581.57,0.00,SIN
2a06:98c1:3108:f1:314b:d5bf:a22:47f9,4,4,0.00,581.59,0.00,SIN
2a06:98c1:3107:e29a:522e:c23f:ad58:c211,4,4,0.00,581.60,0.00,SIN
2a06:98c1:3101:b8:dddd:8397:7865:996b,4,4,0.00,581.65,0.00,SIN
2a06:98c1:3107:e29a:522e:fa1f:a175:32e5,4,4,0.00,581.78,0.00,SIN
2a06:98c1:3104::11a4,4,4,0.00,581.82,0.00,SIN
2a06:98c1:3100:245c:8b70:76c7:df26:dfe6,4,4,0.00,581.83,0.00,SIN
2a06:98c1:3100:245c:b01:1cb7:90bd:38ec,4,4,0.00,581.85,0.00,SIN
2a06:98c1:3109:bf:97b8:399e:cca4:4cad,4,4,0.00,581.86,0.00,SIN
2a06:98c1:310a:0:d3e4:2328:749e:b88b,4,4,0.00,581.86,0.00,SIN
2a06:98c1:3101:b8:dd73:315c:1b1b:4a15,4,4,0.00,581.88,0.00,SIN
2a06:98c1:3109:30:ee54:c9bc:69fe:2233,4,4,0.00,581.88,0.00,SIN
2a06:98c1:310f:e0:a53:92a7:5b9f:6aaf,4,4,0.00,581.88,0.00,SIN
2a06:98c1:3102::9c:468a:513d,4,4,0.00,581.89,0.00,SIN
2a06:98c1:3109:30:ee54:c9c9:f895:191e,4,4,0.00,581.91,0.00,SIN
2a06:98c1:3108:cb:8d85:7d27:977f:57c3,4,4,0.00,581.94,0.00,SIN
2a06:98c1:3105:0:a3:9e:8e24:5b0b,4,4,0.00,581.98,0.00,SIN
2a06:98c1:310e:7cd0:3855:2e17:7134:3555,4,4,0.00,581.99,0.00,SIN
2a06:98c1:310e:7c3f:b58d:5a42:fcc4:8ef9,4,4,0.00,582.01,0.00,SIN
2a06:98c1:310b:8009:1121:c8cd:304e:8709,4,4,0.00,582.02,0.00,SIN
2a06:98c1:3107:0:7084:f110:5d0b:f946,4,4,0.00,582.03,0.00,SIN
2803:f800:51:5961:dfff:eacf:aab7:c89c,4,4,0.00,582.06,0.00,SIN
2a06:98c1:3106:48:d5d:b48b:413f:2a7,4,4,0.00,582.08,0.00,SIN
2a06:98c1:310e:7c3f:b58d:e06:9409:15e9,4,4,0.00,582.10,0.00,SIN
2a06:98c1:3100::1f09:f1b:dd2f,4,4,0.00,582.12,0.00,SIN
2a06:98c1:310c:0:d919:fed6:275a:a8cc,4,4,0.00,582.13,0.00,SIN
2a06:98c1:3105::cf10:a377:521e,4,4,0.00,582.18,0.00,SIN
2a06:98c1:310c:0:d90d:daa5:2b50:93dc,4,4,0.00,582.20,0.00,SIN
2a06:98c1:3104:ac2b:a1ab:ff57:faa5:3d80,4,4,0.00,582.22,0.00,SIN
2803:f800:50:85:59f2:4d3e:c32c:b777,4,4,0.00,582.28,0.00,SIN
2a06:98c1:3109:0:9be8:8202:b0b8:f692,4,4,0.00,582.29,0.00,SIN
2a06:98c1:3105:0:a3:a2:44d3:72f8,4,4,0.00,582.29,0.00,SIN
2a06:98c1:310d:7acf:1e48:8d3f:d9ff:80a5,4,4,0.00,582.34,0.00,SIN
2a06:98c1:3107:e213:9fca:d554:9188:2489,4,4,0.00,582.41,0.00,SIN
2a06:98c1:3103:cfb8:7a89:5924:639c:8e06,4,4,0.00,582.45,0.00,SIN
2a06:98c1:3105:4:779f:a110:7186:4b8d,4,4,0.00,582.46,0.00,SIN
2a06:98c1:3107:e29a:ec2c:9a53:6921:2e7d,4,4,0.00,582.47,0.00,SIN
2a06:98c1:3109:30:4724:6c02:89d8:5b3c,4,4,0.00,582.48,0.00,SIN
2a06:98c1:3104::31:2581:557c,4,4,0.00,582.50,0.00,SIN
2a06:98c1:310e:7c3f:b58d:e8d:d445:9537,4,4,0.00,582.51,0.00,SIN
2a06:98c1:310e:7:fc4:7b8:9928:bb2e,4,4,0.00,582.51,0.00,SIN
2a06:98c1:3108:b0b7:b720:745b:d666:c42b,4,4,0.00,582.54,0.00,SIN
2a06:98c1:3109:0:c23:359d:2cc5:e70e,4,4,0.00,582.59,0.00,SIN
2a06:98c1:310a:4e:5518:ea1b:4f94:d4de,4,4,0.00,582.60,0.00,SIN
2a06:98c1:3108:f1:e6e4:dc72:1813:1761,4,4,0.00,582.65,0.00,SIN
2a06:98c1:310b:80ff:9ff2:fb67:6d54:8784,4,4,0.00,582.65,0.00,SIN
2a06:98c1:3107:e29a:ec2c:7828:fd04:7de7,4,4,0.00,582.66,0.00,SIN
2a06:98c1:310f:0:ab:96f9:3bfe:9fae,4,4,0.00,582.72,0.00,SIN
2a06:98c1:3101:3c:967c:3c80:4033:9f3d,4,4,0.00,582.72,0.00,SIN
2a06:98c1:3100:245c:8bee:d7a0:a3e0:fa09,4,4,0.00,582.74,0.00,SIN
2803:f800:51:0:de95:9a04:b304:aa96,4,4,0.00,582.89,0.00,SIN
2803:f800:51:5943:7505:39a0:ded:cade,4,4,0.00,582.91,0.00,SIN
2a06:98c1:3107:0:7084:f1f4:3566:163f,4,4,0.00,582.95,0.00,SIN
2a06:98c1:310d:923:3ea5:5b32:876f:e74c,4,4,0.00,582.95,0.00,SIN
2a06:98c1:3108:cb:8d85:f0d0:fdf5:cbb0,4,4,0.00,582.97,0.00,SIN
2a06:98c1:3106:0:16af:f070:79db:dd22,4,4,0.00,582.98,0.00,SIN
2a06:98c1:3104:0:18c8:612f:4dd1:484f,4,4,0.00,582.99,0.00,SIN
2a06:98c1:50:0:b:6f6f:6f7b:8bca,4,4,0.00,582.99,0.00,SIN
2a06:98c1:3108:f1:e6e4:dcfd:b337:4cd,4,4,0.00,582.99,0.00,SIN
2a06:98c1:310e:7c29:90cb:1b49:71ca:3374,4,4,0.00,583.01,0.00,SIN
2a06:98c1:3103:cfb8:7a89:59e1:c36a:5af1,4,4,0.00,583.03,0.00,SIN
2a06:98c1:3105:7f:1074:4c18:a814:1f97,4,4,0.00,583.05,0.00,SIN
2a06:98c1:3108:f1:e655:118d:e0b0:5f84,4,4,0.00,583.08,0.00,SIN
2803:f800:51:5943:44ac:4b5d:2380:2a17,4,4,0.00,583.08,0.00,SIN
2a06:98c1:310b:ffe6:5bf2:697f:238d:61e0,4,4,0.00,583.08,0.00,SIN
2a06:98c1:310b:ffe6:3435:8401:3ee1:cdd7,4,4,0.00,583.09,0.00,SIN
2a06:98c1:3109::bb50:132b:d4a8,4,4,0.00,583.10,0.00,SIN
2a06:98c1:310e:32:2977:4d23:5e13:6921,4,4,0.00,583.12,0.00,SIN
2a06:98c1:3105:4:869:b926:212b:f83e,4,4,0.00,583.14,0.00,SIN
2a06:98c1:3102:0:b5:62e4:ca40:52e6,4,4,0.00,583.14,0.00,SIN
2a06:98c1:51:0:25:6934:79cb:e0c7,4,4,0.00,583.15,0.00,SIN
2a06:98c1:3107:e29a:522e:c23f:ade2:6ac0,4,4,0.00,583.15,0.00,SIN
2a06:98c1:310a:7e:6dca:23d7:bfb0:2a9,4,4,0.00,583.16,0.00,SIN
2803:f800:51:5961:dff6:7fb6:40a9:a3c8,4,4,0.00,583.19,0.00,SIN
2803:f800:51:367e:4d23:9cb4:1080:adc1,4,4,0.00,583.26,0.00,SIN
2a06:98c1:3107:9d:b8c4:8b1f:5a15:4088,4,4,0.00,583.29,0.00,SIN
2a06:98c1:310c:0:d90d:daa5:b853:8a59,4,4,0.00,583.29,0.00,SIN
2a06:98c1:3107:0:7084:f110:5d59:228d,4,4,0.00,583.30,0.00,SIN
2a06:98c1:3109:30:4724:6c02:89a0:aa7d,4,4,0.00,583.40,0.00,SIN
2a06:98c1:310a:7e:6dca:23f2:c94b:6310,4,4,0.00,583.41,0.00,SIN
2803:f800:51:5961:dfff:8309:259c:3538,4,4,0.00,583.51,0.00,SIN
2a06:98c1:3102::9c:41da:ce9d,4,4,0.00,583.53,0.00,SIN
2a06:98c1:3107:9d:624a:70d:b6f:fc0b,4,4,0.00,583.64,0.00,SIN
2a06:98c1:3108:f1:e655:118d:934a:ab46,4,4,0.00,583.70,0.00,SIN
2a06:98c1:51::92eb:8838:acd8,4,4,0.00,583.71,0.00,SIN
2a06:98c1:310d:a8:c6:6797:ecc2:824b,4,4,0.00,583.79,0.00,SIN
2a06:98c1:310e:7c3f:b58d:b0e7:1d57:d620,4,4,0.00,583.82,0.00,SIN
2a06:98c1:3101:3c:c96b:b576:e14:79f4,4,4,0.00,583.85,0.00,SIN
2803:f800:51:68:d053:100c:403f:8005,4,4,0.00,583.86,0.00,SIN
2a06:98c1:3101:b508:f970:ba6d:6249:a5f4,4,4,0.00,583.89,0.00,SIN
2a06:98c1:310d:9eb:e7c8:46ba:f075:f69e,4,4,0.00,583.90,0.00,SIN
2a06:98c1:310f:0:ab:96f9:3028:df84,4,4,0.00,583.92,0.00,SIN
2a06:98c1:310e:7c6e:fefe:a9d9:42d5:86a2,4,4,0.00,583.94,0.00,SIN
2a06:98c1:3101:0:b399:10cd:2d40:e210,4,4,0.00,583.97,0.00,SIN
2a06:98c1:3108:f1:e6e4:dcfd:b363:fde2,4,4,0.00,584.00,0.00,SIN
2a06:98c1:3108:b01d:d20e:ee39:7dfc:2647,4,4,0.00,584.01,0.00,SIN
2803:f800:51:0:de95:9aa1:86b0:ee30,4,4,0.00,584.02,0.00,SIN
2a06:98c1:3105:92dd:a803:56bf:f3c0:8dfa,4,4,0.00,584.05,0.00,SIN
2a06:98c1:3102:a11b:bf80:81ff:e75c:1cea,4,4,0.00,584.08,0.00,SIN
2a06:98c1:3104::20:11cd,4,4,0.00,584.13,0.00,SIN
2a06:98c1:3100:b521:6cd0:aa66:9f1a:4ede,4,4,0.00,584.16,0.00,SIN
2a06:98c1:310e:32:dc9f:307:b3a2:2a12,4,4,0.00,584.17,0.00,SIN
2803:f800:51:0:de7f:e381:c427:75f9,4,4,0.00,584.19,0.00,SIN
2a06:98c1:3103:cfb8:ea61:9c07:9413:f62a,4,4,0.00,584.28,0.00,SIN
2a06:98c1:310e:7c3f:6da8:9b1a:672d:b578,4,4,0.00,584.35,0.00,SIN
2a06:98c1:51:517a:70fa:95a1:dbca:2dd0,4,4,0.00,584.41,0.00,SIN
2a06:98c1:3107:6a76:59ff:a67c:c346:c108,4,4,0.00,584.41,0.00,SIN
2a06:98c1:3101:0:8a01:61a7:48c2:3a3a,4,4,0.00,584.44,0.00,SIN
2a06:98c1:3103:cfb8:ea61:9c07:244c:d994,4,4,0.00,584.44,0.00,SIN
2a06:98c1:3102:69:46f0:d1ad:cfa2:ee07,4,4,0.00,584.45,0.00,SIN
2a06:98c1:310a:4e:5518:ea95:6e10:b1c1,4,4,0.00,584.61,0.00,SIN
2a06:98c1:310e:7c3f:b58d:e8d:95dd:3203,4,4,0.00,584.84,0.00,SIN
2a06:98c1:50:0:b:6f42:97b9:7276,4,4,0.00,584.86,0.00,SIN
2a06:98c1:310e:7c3f:b5c4:3f0d:e402:e025,4,4,0.00,585.01,0.00,SIN
2a06:98c1:3107:6a76:59ff:a607:94ea:90e7,4,4,0.00,585.09,0.00,SIN
2a06:98c1:3103:cfb8:ea61:9ca3:cadc:ae2,4,4,0.00,585.14,0.00,SIN
2a06:98c1:3104:ac4b:e552:e947:64d5:242,4,4,0.00,585.15,0.00,SIN
2a06:98c1:3107:e29a:522e:fa1f:a118:b1d2,4,4,0.00,585.16,0.00,SIN
2a06:98c1:310e:d4b0:c27f:f1e9:b3b8:d120,4,4,0.00,585.19,0.00,SIN
2a06:98c1:3100:b521:fa38:14e2:46f0:cd05,4,4,0.00,585.20,0.00,SIN
2a06:98c1:51:7c:a3a3:af:c6f5:3990,4,4,0.00,585.23,0.00,SIN
2a06:98c1:310e:0:1db9:a942:8bee:439b,4,4,0.00,585.27,0.00,SIN
2a06:98c1:3107:e213:9fca:d554:4287:8d84,4,4,0.00,585.30,0.00,SIN
2a06:98c1:3103:cfb8:7a89:fd00:d648:5433,4,4,0.00,585.38,0.00,SIN
2a06:98c1:310b:80ff:9ff2:ef36:caf8:4427,4,4,0.00,585.38,0.00,SIN
2a06:98c1:3102:a11b:f817:5398:3e78:1508,4,4,0.00,585.42,0.00,SIN
2a06:98c1:3107:e291:390:edb4:7f05:de58,4,4,0.00,585.47,0.00,SIN
2a06:98c1:3107:e29a:522e:fa69:f4e3:4b27,4,4,0.00,585.53,0.00,SIN
2a06:98c1:310c:90c1:80f4:fd04:4e56:e4c1,4,4,0.00,585.55,0.00,SIN
2a06:98c1:310e:32:dc9f:3c6b:1aa:6332,4,4,0.00,585.66,0.00,SIN
2a06:98c1:3100:245c:8bee:d716:b608:e43a,4,4,0.00,585.76,0.00,SIN
2a06:98c1:3100:245c:b01:21fb:a47f:d32c,4,4,0.00,585.77,0.00,SIN
2a06:98c1:51:517a:67f5:95f7:226d:8e6,4,4,0.00,585.79,0.00,SIN
2a06:98c1:3101:b8:dd71:2dd:c2b7:500d,4,4,0.00,585.82,0.00,SIN
2a06:98c1:310d:9eb:b4b5:6a3b:82bc:be21,4,4,0.00,585.83,0.00,SIN
2a06:98c1:310a:4e:69ac:17ef:8adb:78be,4,4,0.00,585.89,0.00,SIN
2a06:98c1:3103:0:fd:9176:6698:9bae,4,4,0.00,585.89,0.00,SIN
2a06:98c1:51:517a:67f5:9520:7cb3:5d8c,4,4,0.00,586.06,0.00,SIN
2a06:98c1:51:0:d5aa:8493:10d1:842b,4,4,0.00,586.14,0.00,SIN
2a06:98c1:310f:e0:a90:6ac7:e3d6:406c,4,4,0.00,586.17,0.00,SIN
2a06:98c1:50::fda8:9ff2:9bc1,4,4,0.00,586.22,0.00,SIN
2a06:98c1:310c:0:fb:f506:b65a:cc80,4,4,0.00,586.24,0.00,SIN
2a06:98c1:310b:ffe6:5bf2:69d8:9382:a979,4,4,0.00,586.24,0.00,SIN
2a06:98c1:310e:7:fc4:d1d7:a13:a0f9,4,4,0.00,586.25,0.00,SIN
2a06:98c1:310c:0:fb:f5ed:953d:5494,4,4,0.00,586.30,0.00,SIN
2a06:98c1:3106:c28d:8ce5:bd4f:684c:ca5f,4,4,0.00,586.33,0.00,SIN
2a06:98c1:3102:a11b:f817:5398:3e00:1eed,4,4,0.00,586.33,0.00,SIN
2a06:98c1:3101:0:5c3c:fdc0:8d42:ef40,4,4,0.00,586.34,0.00,SIN
2a06:98c1:310e:0:1db9:a942:8b74:9c78,4,4,0.00,586.36,0.00,SIN
2a06:98c1:50:b10f:c428:8cb2:bd4e:8e94,4,4,0.00,586.38,0.00,SIN
2a06:98c1:3105:7f:10f9:3a4:f7c0:f3d1,4,4,0.00,586.39,0.00,SIN
2a06:98c1:310d:9eb:e789:378b:6fc9:c030,4,4,0.00,586.39,0.00,SIN
2a06:98c1:310e:7:7bc1:48c5:b764:4705,4,4,0.00,586.41,0.00,SIN
2a06:98c1:3101:b508:81bb:94d6:ab09:81fc,4,4,0.00,586.43,0.00,SIN
2a06:98c1:310a:0:a2d8:cfa3:9403:a5c2,4,4,0.00,586.45,0.00,SIN
2a06:98c1:3103:cfb8:7a9a:e48b:ed64:8595,4,4,0.00,586.45,0.00,SIN
2a06:98c1:310d:a8:c6:6797:d37b:1db7,4,4,0.00,586.51,0.00,SIN
2a06:98c1:3107:e29a:ecce:407c:cf01:5a02,4,4,0.00,586.52,0.00,SIN
2a06:98c1:3109:30:ae9e:705a:ff20:302b,4,4,0.00,586.53,0.00,SIN
2a06:98c1:3109:0:cb3:2361:22fc:14e,4,4,0.00,586.54,0.00,SIN
2a06:98c1:3108:f1:e6e4:dcfd:84d:f1e4,4,4,0.00,586.56,0.00,SIN
2a06:98c1:3100:245c:8bee:d7a0:a3e0:cc2f,4,4,0.00,586.58,0.00,SIN
2a06:98c1:3109:bf:973b:92e2:d018:4041,4,4,0.00,586.60,0.00,SIN
2a06:98c1:310c:0:d90d:daa5:b880:4d9,4,4,0.00,586.70,0.00,SIN
2a06:98c1:3102:a11b:dd25:e6be:2ed9:522b,4,4,0.00,586.71,0.00,SIN
2a06:98c1:310a:7e:6dca:23d7:b000:35ec,4,4,0.00,586.74,0.00,SIN
2803:f800:51:5961:bc6:6a30:24a6:f277,4,4,0.00,586.74,0.00,SIN
2a06:98c1:310c::24a3:496c:96fa,4,4,0.00,586.76,0.00,SIN
2803:f800:51:5961:dfff:456:9a01:18ad,4,4,0.00,586.82,0.00,SIN
2a06:98c1:310e:7c3f:b58d:e8d:3cf6:9a71,4,4,0.00,586.87,0.00,SIN
2803:f800:51:5961:dfff:652d:f622:9e55,4,4,0.00,586.91,0.00,SIN
2a06:98c1:310d::26c4:ebdb:573b,4,4,0.00,586.93,0.00,SIN
2a06:98c1:3101:b508:f970:4a93:934d:fee2,4,4,0.00,586.96,0.00,SIN
2a06:98c1:310a:7e:6d50:52fa:246f:398f,4,4,0.00,586.97,0.00,SIN
2a06:98c1:50::3d:7eab:832f,4,4,0.00,587.00,0.00,SIN
2a06:98c1:310f:e0:a90:6ac7:2b20:880a,4,4,0.00,587.03,0.00,SIN
2a06:98c1:3107:0:7084:5239:e71e:2dbb,4,4,0.00,587.04,0.00,SIN
2a06:98c1:3101:b8:dddd:9a86:e8e4:440c,4,4,0.00,587.06,0.00,SIN
2a06:98c1:310d:a8:11:281a:b83e:59a3,4,4,0.00,587.08,0.00,SIN
2a06:98c1:51:0:d59c:5b9e:d6d1:5281,4,4,0.00,587.08,0.00,SIN
2a06:98c1:3101:b8:dd71:2dd:905:5811,4,4,0.00,587.14,0.00,SIN
2a06:98c1:3103:fc:9491:4262:ba9f:fb21,4,4,0.00,587.14,0.00,SIN
2a06:98c1:3100:0:5418:6a0a:775e:524b,4,4,0.00,587.16,0.00,SIN
2a06:98c1:310e:7c3f:b58d:e8d:3ccf:b14,4,4,0.00,587.18,0.00,SIN
2a06:98c1:3101:0:5c3c:fd1a:6436:39ea,4,4,0.00,587.20,0.00,SIN
2a06:98c1:3105:4:869:b926:3d2b:4fa9,4,4,0.00,587.23,0.00,SIN
2803:f800:51:361b:3aab:b9e:bf5:d3d1,4,4,0.00,587.23,0.00,SIN
2a06:98c1:3102::9c:f6bd:aab4,4,4,0.00,587.24,0.00,SIN
2a06:98c1:310c:0:d9e0:5280:fbb:7e81,4,4,0.00,587.25,0.00,SIN
2a06:98c1:3102:a178:b4af:26cc:adc2:8225,4,4,0.00,587.26,0.00,SIN
2a06:98c1:310d:0:12:252f:e227:ccfd,4,4,0.00,587.27,0.00,SIN
2a06:98c1:310a:0:d3e4:ec41:ce23:609c,4,4,0.00,587.30,0.00,SIN
2a06:98c1:3101:b508:81bb:9424:b15b:da8b,4,4,0.00,587.30,0.00,SIN
2a06:98c1:3106:a6:9d71:4d6e:c007:711b,4,4,0.00,587.32,0.00,SIN
2a06:98c1:3101:b8:60e2:37b2:845e:d19e,4,4,0.00,587.41,0.00,SIN
2a06:98c1:3101:0:b399:1060:22da:e4f4,4,4,0.00,587.42,0.00,SIN
2a06:98c1:310f::a699:f196:44b5,4,4,0.00,587.45,0.00,SIN
2a06:98c1:310e:7c29:958d:577b:acec:f94f,4,4,0.00,587.46,0.00,SIN
2803:f800:50:0:9f5c:aefe:82e:ea45,4,4,0.00,587.57,0.00,SIN
2a06:98c1:310b:80ff:9f38:a54e:7d8b:66d0,4,4,0.00,587.57,0.00,SIN
2a06:98c1:310a:7e:6dca:23d7:91db:4231,4,4,0.00,587.61,0.00,SIN
2a06:98c1:3107:9d:b809:4472:8094:92f,4,4,0.00,587.63,0.00,SIN
2a06:98c1:310e:7c3f:b5e8:d61d:7b88:1df9,4,4,0.00,587.67,0.00,SIN
2a06:98c1:51:517a:671d:5de2:ed4a:7c87,4,4,0.00,587.67,0.00,SIN
2a06:98c1:310c:0:3472:bba0:b565:aa92,4,4,0.00,587.68,0.00,SIN
2a06:98c1:310c::fe1f:80ac:13a2,4,4,0.00,587.72,0.00,SIN
2a06:98c1:310c:0:d9e0:c48c:d13c:e1bb,4,4,0.00,587.73,0.00,SIN
2803:f800:51:5961:bc6:3564:f07:7328,4,4,0.00,587.75,0.00,SIN
2a06:98c1:310e:7c6e:fefe:a9e6:49f5:8769,4,4,0.00,587.77,0.00,SIN
2a06:98c1:3101:0:5c3c:8c68:685a:9621,4,4,0.00,587.80,0.00,SIN
2a06:98c1:310e:7c3f:b58d:e06:94ed:9b06,4,4,0.00,587.89,0.00,SIN
2a06:98c1:3103:fc:94c9:c02b:960d:bea7,4,4,0.00,587.92,0.00,SIN
2a06:98c1:3106:0:16af:83ae:66f5:672a,4,4,0.00,587.93,0.00,SIN
2a06:98c1:50:b10f:279c:6ea0:1732:6b4d,4,4,0.00,587.95,0.00,SIN
2a06:98c1:51:7c:7b80:bc93:c49e:29db,4,4,0.00,587.97,0.00,SIN
2a06:98c1:310a:0:df:df88:4f8d:799,4,4,0.00,588.01,0.00,SIN
2a06:98c1:3103:0:97:6e5a:d1c9:9de0,4,4,0.00,588.01,0.00,SIN
2a06:98c1:310e:7c29:90cb:1bc1:ac70:1159,4,4,0.00,588.04,0.00,SIN
2a06:98c1:310b:ffe6:5bf2:69d8:9314:e908,4,4,0.00,588.04,0.00,SIN
2803:f800:51:59ed:38b6:aa77:9cfa:2c2e,4,4,0.00,588.05,0.00,SIN
2a06:98c1:3100:0:5418:dd8a:93de:1836,4,4,0.00,588.08,0.00,SIN
2a06:98c1:310b:80ff:345e:17d8:1a0a:5b30,4,4,0.00,588.10,0.00,SIN
2a06:98c1:310b:ffe6:5bab:c1e8:16f6:cac0,4,4,0.00,588.10,0.00,SIN
2a06:98c1:310a:0:a2d8:cf14:1213:893f,4,4,0.00,588.12,0.00,SIN
2a06:98c1:310e::de7c:4bba:9126,4,4,0.00,588.12,0.00,SIN
2a06:98c1:310d:0:12:c04a:3229:3b9a,4,4,0.00,588.19,0.00,SIN
2a06:98c1:3102:e6:2218:622c:a8f5:9a75,4,4,0.00,588.25,0.00,SIN
2a06:98c1:3103:cfb8:7a9a:27b4:219b:6e1f,4,4,0.00,588.28,0.00,SIN
2a06:98c1:50:b10f:279c:c029:50a2:1f54,4,4,0.00,588.31,0.00,SIN
2a06:98c1:3107:0:9b:5f77:6d43:70d7,4,4,0.00,588.34,0.00,SIN
2a06:98c1:3109:30:4724:e75d:1ef1:9ccb,4,4,0.00,588.34,0.00,SIN
2a06:98c1:310f:e0:a72:e13c:ffdd:564c,4,4,0.00,588.36,0.00,SIN
2a06:98c1:310e:7cd0:3855:2e5d:cc1f:4206,4,4,0.00,588.36,0.00,SIN
2a06:98c1:3106::9a20:786e:f215,4,4,0.00,588.40,0.00,SIN
2a06:98c1:3107:d8:5f02:90f3:3858:79ec,4,4,0.00,588.44,0.00,SIN
2a06:98c1:3107:e29a:ec2c:33d3:41bd:b51b,4,4,0.00,588.45,0.00,SIN
2a06:98c1:310d:7acf:1e48:4b0c:8f03:d0ef,4,4,0.00,588.46,0.00,SIN
2a06:98c1:3109:bf:973b:4b1:f623:6ffe,4,4,0.00,588.46,0.00,SIN
2a06:98c1:310a:0:c4fc:c637:c7f8:3ee9,4,4,0.00,588.48,0.00,SIN
2a06:98c1:310a:0:a2d8:5dd9:4f90:3e42,4,4,0.00,588.49,0.00,SIN
2a06:98c1:51::92eb:9f86:4d02,4,4,0.00,588.52,0.00,SIN
2a06:98c1:310a:0:5e:372e:d623:473,4,4,0.00,588.57,0.00,SIN
2803:f800:51:bd:770c:cefd:dbe:d43f,4,4,0.00,588.60,0.00,SIN
2a06:98c1:3103:cfb8:7a9a:e475:c72d:8dde,4,4,0.00,588.63,0.00,SIN
2a06:98c1:51::e81c,4,4,0.00,588.65,0.00,SIN
2a06:98c1:310c:0:3472:bb18:601e:a8cf,4,4,0.00,588.67,0.00,SIN
2a06:98c1:3104:ac4b:e552:e947:6428:c89e,4,4,0.00,588.68,0.00,SIN
2a06:98c1:310a::228e:11cf:abc8,4,4,0.00,588.71,0.00,SIN
2a06:98c1:3102:e6:c2d5:6c24:acdb:fa29,4,4,0.00,588.71,0.00,SIN
2a06:98c1:3105:0:b2:8b66:12ab:c232,4,4,0.00,588.77,0.00,SIN
2a06:98c1:3103:cfb8:7a89:59e1:7d31:d8be,4,4,0.00,588.77,0.00,SIN
2a06:98c1:3107:e29a:d6c1:5ffe:9682:b9f4,4,4,0.00,588.79,0.00,SIN
2a06:98c1:3102:0:8d:f750:58d1:be99,4,4,0.00,588.82,0.00,SIN
2a06:98c1:3103:fc:94c9:c0f1:3812:de56,4,4,0.00,588.83,0.00,SIN
2a06:98c1:3105:0:9d16:cd68:619f:8321,4,4,0.00,588.93,0.00,SIN
2803:f800:51:5943:75b4:f5e9:9145:fc7e,4,4,0.00,588.95,0.00,SIN
2a06:98c1:310c:90c1:80f4:fdd6:155f:fd25,4,4,0.00,588.95,0.00,SIN
2a06:98c1:3103:cfb8:7ab2:dd42:fa3:2bd0,4,4,0.00,588.97,0.00,SIN
2a06:98c1:3101:0:8a01:84f0:f7a4:a273,4,4,0.00,588.99,0.00,SIN
2a06:98c1:3109:bf:97d0:1bf6:66ed:3e5c,4,4,0.00,589.02,0.00,SIN
2a06:98c1:3101:0:5c1d:9790:b33f:3e73,4,4,0.00,589.08,0.00,SIN
2a06:98c1:3104:0:2:3ef7:a533:f435,4,4,0.00,589.15,0.00,SIN
2a06:98c1:3107:9d:b8dc:8ada:f992:154c,4,4,0.00,589.21,0.00,SIN
2a06:98c1:3107:9d:624a:70d:c59c:b364,4,4,0.00,589.35,0.00,SIN
2a06:98c1:3107:9d:b8dc:8ada:f9e0:e1f1,4,4,0.00,589.36,0.00,SIN
2a06:98c1:3100:245c:b6b:69d7:3444:7fe4,4,4,0.00,589.36,0.00,SIN
2a06:98c1:3105:b3:85df:d8af:89b0:becc,4,4,0.00,589.40,0.00,SIN
2a06:98c1:3109:0:f8:1d07:4829:9550,4,4,0.00,589.45,0.00,SIN
2a06:98c1:310e:32:2977:4d2c:61e:6b4c,4,4,0.00,589.52,0.00,SIN
2a06:98c1:310a:0:5e:2a32:c5c8:913e,4,4,0.00,589.53,0.00,SIN
2803:f800:51:0:ceac:8bf6:b3a0:bcd,4,4,0.00,589.54,0.00,SIN
2a06:98c1:310a:0:a2a0:b083:fea0:c068,4,4,0.00,589.56,0.00,SIN
2803:f800:51:68:d0b2:ae6a:adad:5001,4,4,0.00,589.60,0.00,SIN
2a06:98c1:310e:7c29:90cb:1bc1:68d3:6184,4,4,0.00,589.61,0.00,SIN
2a06:98c1:310e:32:2977:45b3:b70f:8753,4,4,0.00,589.63,0.00,SIN
2a06:98c1:51:517a:671d:fe4b:44a7:5c9c,4,4,0.00,589.63,0.00,SIN
2803:f800:51:36af:dc17:97f5:82a:4e4c,4,4,0.00,589.64,0.00,SIN
2a06:98c1:3103:fc:9491:4214:cfaf:7266,4,4,0.00,589.67,0.00,SIN
2a06:98c1:310e:7c3f:b5e8:d65f:af4d:ab56,4,4,0.00,589.67,0.00,SIN
2a06:98c1:3109:30:4724:6c42:9338:2de0,4,4,0.00,589.72,0.00,SIN
2a06:98c1:3108:8d:dbfc:4aaf:803a:3d55,4,4,0.00,589.82,0.00,SIN
2a06:98c1:51:d11b:b9fd:7a30:b679:d045,4,4,0.00,589.83,0.00,SIN
2a06:98c1:310b:ffe6:bb4e:d8fc:9f54:94e6,4,4,0.00,589.87,0.00,SIN
2a06:98c1:3103:cfb8:4f94:8f14:3dcc:aa76,4,4,0.00,589.88,0.00,SIN
2a06:98c1:3108:b085:ce7f:ffe3:c80b:22e9,4,4,0.00,589.90,0.00,SIN
2a06:98c1:310c:904c:4b9f:6745:4281:a66d,4,4,0.00,589.91,0.00,SIN
2a06:98c1:3101:0:8a01:61a7:b9f5:5bdb,4,4,0.00,589.99,0.00,SIN
2a06:98c1:310a:4e:c0a1:8347:b350:2972,4,4,0.00,590.01,0.00,SIN
2400:cb00:2049:d7:b392:263b:1f7c:74ee,4,4,0.00,590.03,0.00,SIN
2a06:98c1:310a:0:d3b0:7f36:edce:e907,4,4,0.00,590.03,0.00,SIN
2a06:98c1:3102:0:8d:a8de:3980:842d,4,4,0.00,590.06,0.00,SIN
2a06:98c1:310e:32:2977:452c:cd7:d4bb,4,4,0.00,590.08,0.00,SIN
2a06:98c1:310a:4e:69ac:17aa:2d9f:2a8b,4,4,0.00,590.12,0.00,SIN
2a06:98c1:50:b10f:2768:3162:ffc2:1a98,4,4,0.00,590.15,0.00,SIN
2a06:98c1:3106:48:aeec:8d2a:bfb7:635,4,4,0.00,590.17,0.00,SIN
2a06:98c1:310e:0:cb:9b99:ecab:9db5,4,4,0.00,590.26,0.00,SIN
2a06:98c1:310a:0:c4fc:c6c0:49d3:28e3,4,4,0.00,590.29,0.00,SIN
2a06:98c1:310a:4e:692c:6fed:fd12:e47c,4,4,0.00,590.31,0.00,SIN
2a06:98c1:3107:e29a:ec2c:3329:b51f:b3da,4,4,0.00,590.31,0.00,SIN
2a06:98c1:3102::4b:ddaf,4,4,0.00,590.32,0.00,SIN
2a06:98c1:310d:923:3e9d:fc7b:7daa:bfaa,4,4,0.00,590.35,0.00,SIN
2a06:98c1:310f::92:b682:b123,4,4,0.00,590.41,0.00,SIN
2803:f800:51:5961:bc6:e66d:a28f:af95,4,4,0.00,590.46,0.00,SIN
2a06:98c1:310d:7acf:9e4d:d333:988d:3cf8,4,4,0.00,590.47,0.00,SIN
2a06:98c1:3101:b5b3:962f:15bd:336a:efa,4,4,0.00,590.49,0.00,SIN
2a06:98c1:310c:0:fb:f5ed:959e:7691,4,4,0.00,590.53,0.00,SIN
2a06:98c1:3100:9b:a4a0:3a4b:e09a:98f9,4,4,0.00,590.53,0.00,SIN
2400:cb00:2049:421c:891d:4bc6:5e67:f172,4,4,0.00,590.53,0.00,SIN
2a06:98c1:3101:b8:dd71:2c4:3da8:da53,4,4,0.00,590.57,0.00,SIN
2a06:98c1:51:517a:671d:5de2:ed4f:5786,4,4,0.00,590.58,0.00,SIN
2a06:98c1:310b:80ff:9f38:f110:eed7:a349,4,4,0.00,590.61,0.00,SIN
2a06:98c1:310e:7c6e:56d8:bc57:10c3:683d,4,4,0.00,590.62,0.00,SIN
2a06:98c1:310a:4e:69ac:59f0:c0a:d18a,4,4,0.00,590.65,0.00,SIN
2a06:98c1:3102::c03d:4bf:1aae,4,4,0.00,590.66,0.00,SIN
2a06:98c1:310c:0:d9e0:5280:d96c:89c1,4,4,0.00,590.66,0.00,SIN
2a06:98c1:3102:a11b:dd25:d246:7cfa:9063,4,4,0.00,590.79,0.00,SIN
2a06:98c1:3102::c053:4cb9:840d,4,4,0.00,590.83,0.00,SIN
2a06:98c1:310c::2457:301c:d6b5,4,4,0.00,590.83,0.00,SIN
2a06:98c1:3102:a11b:bf80:81f0:7863:1032,4,4,0.00,590.86,0.00,SIN
2a06:98c1:3102:0:8d:a8de:398a:7d5b,4,4,0.00,590.92,0.00,SIN
2803:f800:51:68:d0b2:12a2:66bb:c6db,4,4,0.00,590.92,0.00,SIN
2a06:98c1:50:0:cb0e:45f9:b1e7:16a5,4,4,0.00,590.93,0.00,SIN
2a06:98c1:310a:0:d3b0:7f36:2dd7:b7d8,4,4,0.00,590.94,0.00,SIN
2a06:98c1:3102:69:1cf3:d632:cede:b8ea,4,4,0.00,590.94,0.00,SIN
2a06:98c1:3103:0:dce9:6245:3c4c:f9fc,4,4,0.00,591.04,0.00,SIN
2a06:98c1:3103:fc:57d9:5c84:3102:696a,4,4,0.00,591.04,0.00,SIN
2a06:98c1:310f:e0:a53:92ac:86d:469c,4,4,0.00,591.12,0.00,SIN
2a06:98c1:3106:48:aed1:5215:c359:8add,4,4,0.00,591.13,0.00,SIN
2400:cb00:2049:d7:b392:47ee:38ea:eb34,4,4,0.00,591.14,0.00,SIN
2a06:98c1:310e:7c29:958d:577b:acda:b97c,4,4,0.00,591.16,0.00,SIN
2a06:98c1:3107:9d:b8c4:8bcf:e9ac:c43d,4,4,0.00,591.18,0.00,SIN
2803:f800:51:5943:7527:4bb0:1e4f:dd07,4,4,0.00,591.19,0.00,SIN
2a06:98c1:3102:69:4631:bb41:9de5:412e,4,4,0.00,591.22,0.00,SIN
2a06:98c1:51:51e9:68bc:7d08:6219:6ee5,4,4,0.00,591.24,0.00,SIN
2a06:98c1:3105:0:9d16:e2c9:223f:b393,4,4,0.00,591.29,0.00,SIN
2a06:98c1:310c:90c1:e23d:aca1:7a97:63d1,4,4,0.00,591.30,0.00,SIN
2a06:98c1:310b:ffaa:77b3:401:8c90:4091,4,4,0.00,591.32,0.00,SIN
2a06:98c1:310e:7:fc4:7b8:2d6f:27ce,4,4,0.00,591.33,0.00,SIN
2400:cb00:2049:fa3:8cb5:b567:b56b:2181,4,4,0.00,591.39,0.00,SIN
2a06:98c1:310a:4e:c0a1:83f7:23f3:db3a,4,4,0.00,591.44,0.00,SIN
2400:cb00:2049:0:88f9:e4d0:4a7b:ed8b,4,4,0.00,591.46,0.00,SIN
2400:cb00:2049:0:8826:a779:4c1:6556,4,4,0.00,591.53,0.00,SIN
2400:cb00:2049:421c:891d:1a29:748a:70c4,4,4,0.00,591.53,0.00,SIN
2a06:98c1:310f:e0:a53:f592:7eb3:7ce0,4,4,0.00,591.55,0.00,SIN
2a06:98c1:3107:d8:5ff8:4c9f:dfa0:8897,4,4,0.00,591.59,0.00,SIN
2a06:98c1:3106::9a20:2132:fba0,4,4,0.00,591.60,0.00,SIN
2a06:98c1:51:d161:12b0:4471:7fa8:6b0d,4,4,0.00,591.62,0.00,SIN
2a06:98c1:3103:fc:574a:514f:5f69:6953,4,4,0.00,591.64,0.00,SIN
2a06:98c1:310a:1f5e:ae7c:28e1:5818:2311,4,4,0.00,591.65,0.00,SIN
2a06:98c1:50:0:cbd9:e847:e7fb:d0f0,4,4,0.00,591.66,0.00,SIN
2a06:98c1:3108:b0b7:b720:7484:2c7c:cfa5,4,4,0.00,591.69,0.00,SIN
2a06:98c1:3107:d8:40bb:45e6:48c9:95f0,4,4,0.00,591.72,0.00,SIN
2a06:98c1:3100:245c:b6b:6ab3:4b2d:f387,4,4,0.00,591.75,0.00,SIN
2a06:98c1:310c:9063:b23e:9eec:ce29:10ce,4,4,0.00,591.81,0.00,SIN
2a06:98c1:310e:7c3f:b5c4:6d3c:9773:c26f,4,4,0.00,591.83,0.00,SIN
2a06:98c1:310e:7c29:90f7:977e:f314:b236,4,4,0.00,591.84,0.00,SIN
2a06:98c1:3100:b521:fa38:5a5f:c36e:238e,4,4,0.00,591.84,0.00,SIN
2a06:98c1:310e:0:cb:9b03:4f1c:b806,4,4,0.00,591.89,0.00,SIN
2a06:98c1:3102:69:1cf3:cc33:d990:8b01,4,4,0.00,591.94,0.00,SIN
2a06:98c1:310e::de11:3e5b:cb23,4,4,0.00,591.96,0.00,SIN
2a06:98c1:3101:b8:60e2:37b2:e3f5:c880,4,4,0.00,592.01,0.00,SIN
2a06:98c1:51:d161:12b0:589b:56ae:1f14,4,4,0.00,592.03,0.00,SIN
2a06:98c1:50:b10f:2768:3191:d750:1927,4,4,0.00,592.05,0.00,SIN
2400:cb00:2049:0:73:82a2:ac8f:ca98,4,4,0.00,592.09,0.00,SIN
2803:f800:51:5961:df6d:ba86:d104:adcc,4,4,0.00,592.12,0.00,SIN
2a06:98c1:3109:30:4724:6ce3:912f:8eef,4,4,0.00,592.15,0.00,SIN
2a06:98c1:50:0:cbd9:e847:be87:d413,4,4,0.00,592.18,0.00,SIN
2a06:98c1:3109:0:f8:1d07:4890:cceb,4,4,0.00,592.19,0.00,SIN
2a06:98c1:3103:0:97:a640:3cb1:2475,4,4,0.00,592.20,0.00,SIN
2a06:98c1:50:0:cb0e:971e:14dd:e23d,4,4,0.00,592.22,0.00,SIN
2400:cb00:2049:0:88f9:e478:d446:ecfb,4,4,0.00,592.25,0.00,SIN
2a06:98c1:3103:0:dce9:622d:e84a:1bac,4,4,0.00,592.26,0.00,SIN
2a06:98c1:310f:e0:a53:f562:aa11:697f,4,4,0.00,592.26,0.00,SIN
2a06:98c1:3105:0:b2:8b04:24af:4d75,4,4,0.00,592.26,0.00,SIN
2a06:98c1:310e:7c29:9545:e57f:e7b0:8d5,4,4,0.00,592.27,0.00,SIN
2a06:98c1:310a:7e:726f:f5d5:1d80:b83,4,4,0.00,592.30,0.00,SIN
2a06:98c1:310d:9eb:b43b:6d25:375d:a0c0,4,4,0.00,592.30,0.00,SIN
2803:f800:51:5961:bc:607c:bc31:1c6e,4,4,0.00,592.31,0.00,SIN
2a06:98c1:3103:0:97:a62f:5726:478a,4,4,0.00,592.34,0.00,SIN
2803:f800:51:59ed:e0a2:cbd4:5957:1ea,4,4,0.00,592.35,0.00,SIN
2a06:98c1:3107:d8:5f02:90f3:3832:30eb,4,4,0.00,592.39,0.00,SIN
2a06:98c1:310d:5:a36d:ef2c:f65d:1a61,4,4,0.00,592.42,0.00,SIN
2a06:98c1:310d:0:12:c04a:e8d7:74ae,4,4,0.00,592.42,0.00,SIN
2a06:98c1:310a:0:d3e4:2328:a6b8:8842,4,4,0.00,592.44,0.00,SIN
2a06:98c1:310b:80ff:9ff2:b37c:fb9c:4bf0,4,4,0.00,592.53,0.00,SIN
2a06:98c1:310a:7e:726f:f519:7d14:2bce,4,4,0.00,592.58,0.00,SIN
2a06:98c1:3105:6:490b:994a:bc1e:15f6,4,4,0.00,592.59,0.00,SIN
2a06:98c1:51:517a:67f5:e46:d2b0:3b84,4,4,0.00,592.59,0.00,SIN
2a06:98c1:51:7c:a3a3:5fb7:d029:f1f,4,4,0.00,592.59,0.00,SIN
2803:f800:51:367e:533a:a6f7:42bc:1ccc,4,4,0.00,592.63,0.00,SIN
2a06:98c1:310d:923:3e9d:849e:e0e1:d1f6,4,4,0.00,592.64,0.00,SIN
2a06:98c1:3101:b8:60e2:37f8:5c1d:72c9,4,4,0.00,592.65,0.00,SIN
2a06:98c1:51:7c:a3a3:8:6eb5:f3cb,4,4,0.00,592.69,0.00,SIN
2a06:98c1:50::df:5f53:1593,4,4,0.00,592.69,0.00,SIN
2a06:98c1:51::a2fb:ae19,4,4,0.00,592.71,0.00,SIN
2a06:98c1:3103:0:97:6e12:674b:186d,4,4,0.00,592.71,0.00,SIN
2a06:98c1:3107:e29a:d6c1:b9b3:b1fd:6aa,4,4,0.00,592.72,0.00,SIN
2a06:98c1:51:517a:70fa:958c:f25b:c4b9,4,4,0.00,592.72,0.00,SIN
2a06:98c1:310a:0:c4fc:f800:6a73:c00c,4,4,0.00,592.73,0.00,SIN
2a06:98c1:3101:b8:dddd:8303:84ba:8db5,4,4,0.00,592.74,0.00,SIN
2803:f800:51:68:d0b2:ae34:94ea:fbcd,4,4,0.00,592.79,0.00,SIN
2a06:98c1:310f:53:3bf4:f3da:e65b:fadd,4,4,0.00,592.82,0.00,SIN
2a06:98c1:3107:d8:5ff8:4c5b:52b0:d933,4,4,0.00,592.84,0.00,SIN
2a06:98c1:3106::8b3:eed0,4,4,0.00,592.90,0.00,SIN
2a06:98c1:3101:b508:81fc:ec9f:2ace:6f42,4,4,0.00,592.93,0.00,SIN
2a06:98c1:310e:7c3f:b58d:8426:eff7:ca90,4,4,0.00,592.99,0.00,SIN
2a06:98c1:310b:80ff:9ff2:b37c:92e:4cb6,4,4,0.00,592.99,0.00,SIN
2a06:98c1:310d:7acf:1ef4:3be2:1524:7100,4,4,0.00,593.05,0.00,SIN
2a06:98c1:310e:7c29:9001:4e5f:7f35:8c2f,4,4,0.00,593.06,0.00,SIN
2a06:98c1:3103:cfb8:7a89:5924:6328:4103,4,4,0.00,593.09,0.00,SIN
2803:f800:51:5961:bc:607c:bc92:d7f5,4,4,0.00,593.21,0.00,SIN
2a06:98c1:3103:fc:574a:51b7:8d20:14d2,4,4,0.00,593.23,0.00,SIN
2a06:98c1:51:d161:12b0:cc94:ca43:dd1,4,4,0.00,593.27,0.00,SIN
2a06:98c1:3102:a11b:30f5:37d4:e4f8:9e42,4,4,0.00,593.30,0.00,SIN
2a06:98c1:310e:7c6e:56d8:7eab:9a0e:9b7e,4,4,0.00,593.32,0.00,SIN
2a06:98c1:51:517a:671d:5de2:6d6c:20d7,4,4,0.00,593.33,0.00,SIN
2a06:98c1:310a:0:d3b0:589f:8cf6:ce10,4,4,0.00,593.35,0.00,SIN
2400:cb00:2049:d7:b3f1:e20a:4d7f:fc26,4,4,0.00,593.37,0.00,SIN
2a06:98c1:3107:e29a:ec2c:9ae7:e3e7:2143,4,4,0.00,593.39,0.00,SIN
2a06:98c1:3107:9d:624a:70d:a54a:d07e,4,4,0.00,593.44,0.00,SIN
2a06:98c1:310f:e0:a53:925d:611c:b619,4,4,0.00,593.54,0.00,SIN
2a06:98c1:310a:0:c4fc:f800:ff41:9291,4,4,0.00,593.54,0.00,SIN
2a06:98c1:310e::4ee9,4,4,0.00,593.54,0.00,SIN
2a06:98c1:3107:9d:b8dc:8ada:cbb:8888,4,4,0.00,593.54,0.00,SIN
2a06:98c1:310e:32:dc9f:ff3f:a735:b819,4,4,0.00,593.55,0.00,SIN
2803:f800:51:5943:75b4:f593:e67a:d080,4,4,0.00,593.55,0.00,SIN
2a06:98c1:310e:7c3f:b58d:b0e7:e8a8:d163,4,4,0.00,593.57,0.00,SIN
2a06:98c1:310f:1c:2106:48c3:f775:2829,4,4,0.00,593.59,0.00,SIN
2a06:98c1:3107:d8:5f02:cd6b:94ff:fea3,4,4,0.00,593.63,0.00,SIN
2a06:98c1:51:d161:12b0:589b:aae8:16d7,4,4,0.00,593.65,0.00,SIN
2a06:98c1:310f:e0:bf1a:615f:78a:367a,4,4,0.00,593.65,0.00,SIN
2803:f800:51:a8:6d22:6be8:d35f:5ce1,4,4,0.00,593.67,0.00,SIN
2a06:98c1:3103:fc:9491:1356:e690:cffe,4,4,0.00,593.69,0.00,SIN
2a06:98c1:50:b1f9:b21f:41d0:25:7e6e,4,4,0.00,593.70,0.00,SIN
2a06:98c1:51:517a:671d:5de2:ed01:69b8,4,4,0.00,593.71,0.00,SIN
2a06:98c1:310d:7acf:9e98:80da:e3e:de05,4,4,0.00,593.77,0.00,SIN
2a06:98c1:51::a23a:27a7,4,4,0.00,593.77,0.00,SIN
2a06:98c1:310e:7:7bc1:48c5:990d:d7e2,4,4,0.00,593.84,0.00,SIN
2a06:98c1:3108:0:f7:1cd4:73db:4137,4,4,0.00,593.87,0.00,SIN
2a06:98c1:3102:69:1cf3:d632:40ee:132f,4,4,0.00,593.89,0.00,SIN
2a06:98c1:3101:3c:c9d8:4aa7:3881:d0ca,4,4,0.00,593.89,0.00,SIN
2a06:98c1:51:e1:e84b:21b5:aa7c:bb1f,4,4,0.00,593.93,0.00,SIN
2803:f800:50:0:9f94:7d42:cb79:1812,4,4,0.00,593.95,0.00,SIN
2a06:98c1:3105:6:496b:6b2e:3946:49c0,4,4,0.00,594.01,0.00,SIN
2a06:98c1:310b:ffe6:5bab:c110:dd07:9bda,4,4,0.00,594.01,0.00,SIN
2a06:98c1:3109:63:9942:6513:6f3e:ba0e,4,4,0.00,594.02,0.00,SIN
2a06:98c1:3102:0:358c:1d2:112e:599,4,4,0.00,594.04,0.00,SIN
2a06:98c1:310f:e0:a72:e1b3:c19d:a703,4,4,0.00,594.04,0.00,SIN
2803:f800:51:5943:75b4:3977:e727:2dc7,4,4,0.00,594.05,0.00,SIN
2a06:98c1:310f:53:e96d:7a64:1e70:4b86,4,4,0.00,594.06,0.00,SIN
2a06:98c1:310e:7c3f:4810:ce95:ba88:b1a0,4,4,0.00,594.06,0.00,SIN
2a06:98c1:51:0:3e:abd7:389f:ec2,4,4,0.00,594.09,0.00,SIN
2400:cb00:2049:d7:b3f1:e26e:4f46:3d8,4,4,0.00,594.10,0.00,SIN
2803:f800:51:5943:75b4:39da:7a49:58e8,4,4,0.00,594.14,0.00,SIN
2a06:98c1:310e:7c3f:b58d:e8d:d4ce:55ec,4,4,0.00,594.15,0.00,SIN
2a06:98c1:310d:7acf:9ede:6c93:1b20:eda1,4,4,0.00,594.15,0.00,SIN
2a06:98c1:3106:c28d:8cfc:82fd:b540:a547,4,4,0.00,594.15,0.00,SIN
2a06:98c1:51:7c:f163:482e:9df7:e165,4,4,0.00,594.17,0.00,SIN
2803:f800:51:0:ceac:8bf6:b35c:2fdd,4,4,0.00,594.19,0.00,SIN
2a06:98c1:50:0:cb0e:4564:c052:5ff5,4,4,0.00,594.20,0.00,SIN
2a06:98c1:3101:b508:f970:4a36:f78a:23df,4,4,0.00,594.22,0.00,SIN
2a06:98c1:3107:9d:b809:62e9:e978:d7b6,4,4,0.00,594.24,0.00,SIN
2a06:98c1:50:0:cbd9:55:7747:e177,4,4,0.00,594.24,0.00,SIN
2a06:98c1:50::faa:8a3d,4,4,0.00,594.26,0.00,SIN
2a06:98c1:310d:a8:c6:738d:538c:a5e2,4,4,0.00,594.28,0.00,SIN
2a06:98c1:310a:0:c4fc:c637:1bb1:1fc5,4,4,0.00,594.30,0.00,SIN
2a06:98c1:3106:48:aed1:5215:365:4644,4,4,0.00,594.31,0.00,SIN
2a06:98c1:3103:0:97:6e5a:ed58:ab06,4,4,0.00,594.35,0.00,SIN
2a06:98c1:3100:9b:a47c:7542:57d6:7540,4,4,0.00,594.38,0.00,SIN
2a06:98c1:50:3d:5a6f:8c34:6d14:255c,4,4,0.00,594.39,0.00,SIN
2803:f800:51:361b:5a9f:8781:a576:6ad9,4,4,0.00,594.48,0.00,SIN
2a06:98c1:310c:90c1:e23d:aca1:ea6d:4a2f,4,4,0.00,594.48,0.00,SIN
2a06:98c1:310d:7acf:9ede:6c93:f21e:bce1,4,4,0.00,594.53,0.00,SIN
2400:cb00:2049:421c:891d:4bf8:af92:525f,4,4,0.00,594.56,0.00,SIN
2a06:98c1:3106:c2c8:50a8:a107:4b5a:ef64,4,4,0.00,594.57,0.00,SIN
2803:f800:51:0:ceac:fa5:5a19:bae8,4,4,0.00,594.61,0.00,SIN
2a06:98c1:310e:7:fc4:c4af:5126:5a47,4,4,0.00,594.66,0.00,SIN
2a06:98c1:3101:b8:60e2:3708:d8a7:70f8,4,4,0.00,594.67,0.00,SIN
2a06:98c1:3105:0:9d16:cd68:6188:db7d,4,4,0.00,594.72,0.00,SIN
2803:f800:51:5943:75b4:39da:7a68:c636,4,4,0.00,594.73,0.00,SIN
2a06:98c1:3106::4721,4,4,0.00,594.76,0.00,SIN
2803:f800:51:5943:44ac:4ba0:e840:4981,4,4,0.00,594.77,0.00,SIN
2a06:98c1:3107:e29a:ecce:244c:e910:b979,4,4,0.00,594.78,0.00,SIN
2a06:98c1:310e:7c3f:b5c4:5047:7c41:653f,4,4,0.00,594.79,0.00,SIN
2803:f800:51:bd:7763:f163:e1c3:7480,4,4,0.00,594.80,0.00,SIN
2a06:98c1:310a:0:5e:37d5:e084:13e1,4,4,0.00,594.81,0.00,SIN
2a06:98c1:310f:e0:a72:e15f:4cd5:d684,4,4,0.00,594.81,0.00,SIN
2a06:98c1:3101:b5b3:962f:2eda:e424:425f,4,4,0.00,594.81,0.00,SIN
2a06:98c1:3102::9c:f664:2d3e,4,4,0.00,594.82,0.00,SIN
2a06:98c1:3109::bb50:6490:9f25,4,4,0.00,594.86,0.00,SIN
2a06:98c1:3100:245c:b01:215d:e38e:38f1,4,4,0.00,594.88,0.00,SIN
2a06:98c1:310a:0:c4fc:f886:ec9f:63a8,4,4,0.00,594.90,0.00,SIN
2a06:98c1:3106::9a07:99a0:ee09,4,4,0.00,594.99,0.00,SIN
2a06:98c1:310f:53:3bf4:f3da:5e6:df8a,4,4,0.00,595.03,0.00,SIN
2a06:98c1:310e:32:2977:45b3:b754:e9a7,4,4,0.00,595.04,0.00,SIN
2a06:98c1:310e:32:2977:4d2c:ff0b:561a,4,4,0.00,595.05,0.00,SIN
2a06:98c1:3109:0:9be8:a3eb:b2c9:13d1,4,4,0.00,595.05,0.00,SIN
2a06:98c1:310e:32:2977:ee23:6803:e6b3,4,4,0.00,595.06,0.00,SIN
2a06:98c1:3107:e29a:d6c1:21e2:2275:a040,4,4,0.00,595.08,0.00,SIN
2a06:98c1:310d:a8:c6:6797:48a9:7525,4,4,0.00,595.13,0.00,SIN
2a06:98c1:50:0:8b:5672:ec7:deb1,4,4,0.00,595.13,0.00,SIN
2803:f800:50:85:59f2:4d3e:325e:8320,4,4,0.00,595.16,0.00,SIN
2a06:98c1:310d:923:3e9d:fc7b:7d57:ebf5,4,4,0.00,595.19,0.00,SIN
2a06:98c1:310f:53:3b70:c28f:7f28:a92,4,4,0.00,595.22,0.00,SIN
2a06:98c1:310d:7acf:1ef4:d1b:1063:11e5,4,4,0.00,595.23,0.00,SIN
2803:f800:51:5961:dfff:ea9f:d82b:4139,4,4,0.00,595.23,0.00,SIN
2a06:98c1:3106:0:ea:5ae5:93ea:264d,4,4,0.00,595.24,0.00,SIN
2a06:98c1:3106:a6:9d0f:5b0b:fbb5:f872,4,4,0.00,595.25,0.00,SIN
2a06:98c1:310f:e0:a90:dd81:50d2:3b44,4,4,0.00,595.30,0.00,SIN
2a06:98c1:50:0:cbd9:e847:9542:1363,4,4,0.00,595.30,0.00,SIN
2a06:98c1:310e:0:cb:9b99:1fd9:e42f,4,4,0.00,595.31,0.00,SIN
2a06:98c1:310e:32:2977:452c:db00:d40b,4,4,0.00,595.32,0.00,SIN
2a06:98c1:3107:e29a:522e:c28c:2cea:7b88,4,4,0.00,595.33,0.00,SIN
2a06:98c1:3103:0:dce9:6245:6f0a:5c2d,4,4,0.00,595.33,0.00,SIN
2a06:98c1:310a:4e:5592:dff6:8e9:b55b,4,4,0.00,595.37,0.00,SIN
2a06:98c1:3103:0:97:1676:7705:37e,4,4,0.00,595.38,0.00,SIN
2a06:98c1:3103:0:dce9:6279:8cab:7ce7,4,4,0.00,595.40,0.00,SIN
2a06:98c1:50:0:cbd9:e847:3d2a:d91b,4,4,0.00,595.41,0.00,SIN
2a06:98c1:310a:0:a27b:4495:675c:15a1,4,4,0.00,595.45,0.00,SIN
2803:f800:51:367e:f61a:b76e:405f:ade2,4,4,0.00,595.48,0.00,SIN
2a06:98c1:3108:0:f7:1c98:3624:e0,4,4,0.00,595.51,0.00,SIN
2a06:98c1:310a:0:df:df88:9f71:b401,4,4,0.00,595.56,0.00,SIN
2a06:98c1:50:0:b:6f42:2bc4:9e32,4,4,0.00,595.59,0.00,SIN
2a06:98c1:310e:7c29:9001:4e5d:2803:28c9,4,4,0.00,595.60,0.00,SIN
2a06:98c1:3104:de:8639:b38d:7fd9:869a,4,4,0.00,595.69,0.00,SIN
2a06:98c1:3105:0:9d16:cd4b:6075:4858,4,4,0.00,595.69,0.00,SIN
2a06:98c1:3101:0:5c3c:ce50:dfd4:6d4,4,4,0.00,595.69,0.00,SIN
2a06:98c1:3102:e6:c2fc:9b39:fa17:4344,4,4,0.00,595.70,0.00,SIN
2803:f800:51:a8:6d10:9669:1e68:dc,4,4,0.00,595.71,0.00,SIN
2803:f800:51:59ed:e0b4:d5f8:bce0:346c,4,4,0.00,595.71,0.00,SIN
2a06:98c1:310b:ffaa:77cd:5934:6af6:d56,4,4,0.00,595.72,0.00,SIN
2803:f800:51:5943:9086:532a:d39a:38f3,4,4,0.00,595.73,0.00,SIN
2803:f800:51:a8:6d9b:d4e4:b9d9:a6a5,4,4,0.00,595.76,0.00,SIN
2803:f800:51:367e:f646:2065:1783:db8f,4,4,0.00,595.78,0.00,SIN
2a06:98c1:3107:e29a:ecce:7338:216d:4adf,4,4,0.00,595.79,0.00,SIN
2a06:98c1:3101:b8:60e2:dd9d:af58:696b,4,4,0.00,595.84,0.00,SIN
2a06:98c1:51:51e9:68bc:7d08:627f:bc48,4,4,0.00,595.84,0.00,SIN
2803:f800:51:361b:3aab:b9e:ba8:669d,4,4,0.00,595.85,0.00,SIN
2a06:98c1:310e:32:2977:452c:d4ac:e7d6,4,4,0.00,595.87,0.00,SIN
2a06:98c1:310c:90c1:8051:c4b0:d80b:9356,4,4,0.00,595.92,0.00,SIN
2a06:98c1:50:b1f9:b21f:226c:373a:556d,4,4,0.00,595.94,0.00,SIN
2a06:98c1:310b:80ff:9ff2:b37c:f681:9aec,4,4,0.00,595.95,0.00,SIN
2a06:98c1:3109:0:cb3:2361:bbd6:2d4c,4,4,0.00,595.99,0.00,SIN
2a06:98c1:310e:0:d61d:f471:9202:223f,4,4,0.00,596.01,0.00,SIN
2a06:98c1:51:d11b:b9fd:145c:c018:e3f2,4,4,0.00,596.05,0.00,SIN
2a06:98c1:310f:e0:a90:c54d:7651:efcf,4,4,0.00,596.08,0.00,SIN
2a06:98c1:3100:0:66:e047:eba:5fdb,4,4,0.00,596.14,0.00,SIN
2a06:98c1:310e:7c3f:b5c4:3f0d:64d7:acbf,4,4,0.00,596.14,0.00,SIN
2a06:98c1:310a:0:d3b0:5899:d7d5:d074,4,4,0.00,596.15,0.00,SIN
2a06:98c1:3105:92dd:4e4:96a1:d08f:8ad3,4,4,0.00,596.16,0.00,SIN
2a06:98c1:310e:32:dc9f:3d6:aade:981e,4,4,0.00,596.18,0.00,SIN
2a06:98c1:310b:ffaa:77b3:8234:df2f:7aee,4,4,0.00,596.20,0.00,SIN
2a06:98c1:3107:e29a:ecce:7338:8357:d1aa,4,4,0.00,596.20,0.00,SIN
2a06:98c1:3101:0:8a01:612f:2260:b745,4,4,0.00,596.20,0.00,SIN
2a06:98c1:51::927a:d1ca:83f3,4,4,0.00,596.26,0.00,SIN
2a06:98c1:3105:0:a3:d8dd:65d9:5d6c,4,4,0.00,596.28,0.00,SIN
2a06:98c1:310a:0:f9:c6fa:1811:f054,4,4,0.00,596.29,0.00,SIN
2a06:98c1:3105:7f:10f9:d20e:ec35:5dcb,4,4,0.00,596.31,0.00,SIN
2a06:98c1:310e:7c29:90cb:f3bd:3843:4aac,4,4,0.00,596.33,0.00,SIN
2a06:98c1:51:d161:1276:bfe8:1582:98ca,4,4,0.00,596.34,0.00,SIN
2a06:98c1:310b:ffe6:5bab:60a2:7918:c3bb,4,4,0.00,596.38,0.00,SIN
2a06:98c1:3102:0:259e:6bbe:4d8d:e66b,4,4,0.00,596.41,0.00,SIN
2a06:98c1:310a:0:d3b0:4010:b5aa:91b6,4,4,0.00,596.42,0.00,SIN
2a06:98c1:3105:6:4981:3b14:add5:f42b,4,4,0.00,596.47,0.00,SIN
2a06:98c1:310e:7:7bc1:48c5:99cd:5aec,4,4,0.00,596.48,0.00,SIN
2a06:98c1:3102:69:1ca3:5318:ed11:3145,4,4,0.00,596.49,0.00,SIN
2a06:98c1:3104:0:f0:9299:3d1:5b07,4,4,0.00,596.52,0.00,SIN
2a06:98c1:50:0:8b:5672:eea:5bfe,4,4,0.00,596.52,0.00,SIN
2a06:98c1:3102::e6:cf14,4,4,0.00,596.52,0.00,SIN
2a06:98c1:310d:0:c8bc:f609:c589:fdfc,4,4,0.00,596.52,0.00,SIN
2a06:98c1:50:b1f9:b2a8:22a2:827d:b15c,4,4,0.00,596.52,0.00,SIN
2a06:98c1:3106:0:ea:dc94:8175:395a,4,4,0.00,596.53,0.00,SIN
2a06:98c1:50:3d:5a6f:8cf4:396e:2efd,4,4,0.00,596.54,0.00,SIN
2a06:98c1:310e:7c29:9545:eee:c297:681f,4,4,0.00,596.54,0.00,SIN
2a06:98c1:310d:a8:c6:eb01:b42f:5f61,4,4,0.00,596.57,0.00,SIN
2803:f800:51:59ed:2fa0:f5ed:9769:1d28,4,4,0.00,596.57,0.00,SIN
2a06:98c1:3107:d8:5f02:cd0a:cd85:4158,4,4,0.00,596.59,0.00,SIN
2803:f800:51:5961:dff6:7f98:a269:7e93,4,4,0.00,596.59,0.00,SIN
2a06:98c1:310e:7c29:90f7:bb54:d4b2:84bb,4,4,0.00,596.61,0.00,SIN
2a06:98c1:310f:e0:a72:e13c:3ae7:eebd,4,4,0.00,596.62,0.00,SIN
2a06:98c1:3108:8d:db28:4f12:e982:4fe1,4,4,0.00,596.63,0.00,SIN
2a06:98c1:50:0:cb0e:45f7:4c3e:5e9c,4,4,0.00,596.69,0.00,SIN
2a06:98c1:310e:7:f0c:4fcc:dd2b:c1d9,4,4,0.00,596.70,0.00,SIN
2a06:98c1:51:7c:a3cf:60d7:214d:f1e8,4,4,0.00,596.72,0.00,SIN
2803:f800:51:5961:df6d:ba9e:a1c2:7caf,4,4,0.00,596.74,0.00,SIN
2a06:98c1:3100:245c:8bee:d7a0:97e5:e693,4,4,0.00,596.76,0.00,SIN
2a06:98c1:3100:b521:fa38:5a5f:39b4:24e6,4,4,0.00,596.76,0.00,SIN
2a06:98c1:3102:e6:c2f8:531d:8a85:8b2d,4,4,0.00,596.77,0.00,SIN
2a06:98c1:50:b10f:2768:3162:ffd6:3578,4,4,0.00,596.78,0.00,SIN
2a06:98c1:310f:58bd:ab09:2abc:59fb:93e9,4,4,0.00,596.82,0.00,SIN
2a06:98c1:3100:0:66:72e6:b1f9:25ac,4,4,0.00,596.86,0.00,SIN
2a06:98c1:3108:0:fceb:ab44:de36:fe2,4,4,0.00,596.87,0.00,SIN
2a06:98c1:50::3d:16cb:8d83,4,4,0.00,596.88,0.00,SIN
2a06:98c1:3107:e29a:ec56:1a9e:6434:db04,4,4,0.00,596.92,0.00,SIN
2a06:98c1:3104:ac2b:2377:bd8:8cbf:64a,4,4,0.00,596.92,0.00,SIN
2a06:98c1:3102:69:1ca3:6eda:564a:b5ac,4,4,0.00,596.96,0.00,SIN
2a06:98c1:50:3d:5a74:8774:711c:7c13,4,4,0.00,596.96,0.00,SIN
2803:f800:51:c4:de54:f2c5:9386:8021,4,4,0.00,596.96,0.00,SIN
2a06:98c1:51:d161:f658:2bbd:f40a:8316,4,4,0.00,596.98,0.00,SIN
2a06:98c1:310f:58bd:ab09:2a99:b9f7:f0ac,4,4,0.00,596.98,0.00,SIN
2a06:98c1:310f:53:3b70:c28f:7f37:eb89,4,4,0.00,596.99,0.00,SIN
2a06:98c1:51:d11b:b9fd:eb7e:9df6:8e15,4,4,0.00,597.01,0.00,SIN
2803:f800:51:0:de7f:62e2:ba97:b9db,4,4,0.00,597.02,0.00,SIN
2a06:98c1:310a::d7:210:aebe,4,4,0.00,597.03,0.00,SIN
2a06:98c1:3109:30:ae9e:70e3:3089:8751,4,4,0.00,597.04,0.00,SIN
2a06:98c1:3101:b508:81fc:984f:a338:6d62,4,4,0.00,597.04,0.00,SIN
2a06:98c1:51:d161:1276:bf0b:5b31:7747,4,4,0.00,597.06,0.00,SIN
2a06:98c1:3105:6:4981:3ba4:af87:e9a,4,4,0.00,597.07,0.00,SIN
2a06:98c1:3107:e29a:528f:a39d:c0a:abe2,4,4,0.00,597.08,0.00,SIN
2a06:98c1:310b:ffaa:77cd:5934:6afa:4204,4,4,0.00,597.09,0.00,SIN
2803:f800:51:367e:533a:a6f7:fd88:8dd6,4,4,0.00,597.10,0.00,SIN
2a06:98c1:310f:58bd:ab09:8550:c3cb:2ea,4,4,0.00,597.13,0.00,SIN
2a06:98c1:310d:923:3e9d:849e:7622:26,4,4,0.00,597.18,0.00,SIN
2a06:98c1:3107:9d:229:e8ae:cd7f:d382,4,4,0.00,597.19,0.00,SIN
2a06:98c1:3100:b521:fa38:5a5f:c5c6:b3e8,4,4,0.00,597.21,0.00,SIN
2a06:98c1:310d:a8:a6b8:c0d4:e415:6de3,4,4,0.00,597.22,0.00,SIN
2a06:98c1:310e:7c6e:fe72:a2bc:19bf:12b0,4,4,0.00,597.23,0.00,SIN
2a06:98c1:310f:53:e96d:a849:2af3:e4bd,4,4,0.00,597.23,0.00,SIN
2a06:98c1:310d:7acf:9e63:cd10:a2e6:d1e0,4,4,0.00,597.23,0.00,SIN
2803:f800:51:5943:7505:39a0:744d:3a13,4,4,0.00,597.29,0.00,SIN
2a06:98c1:310a:7e:726f:f519:7d89:1349,4,4,0.00,597.30,0.00,SIN
2a06:98c1:3102:e6:22db:e548:e99c:9c05,4,4,0.00,597.33,0.00,SIN
2a06:98c1:3106:48:d74:bda4:536b:8b51,4,4,0.00,597.38,0.00,SIN
2a06:98c1:3103:0:97:a640:8c33:9df9,4,4,0.00,597.42,0.00,SIN
2a06:98c1:310e:7c3f:b5e8:d61d:f62:fd60,4,4,0.00,597.43,0.00,SIN
2803:f800:51:5961:dfff:652d:f6e9:9cf1,4,4,0.00,597.43,0.00,SIN
2a06:98c1:51:51e9:68bc:6b57:1fcd:c2e2,4,4,0.00,597.44,0.00,SIN
2a06:98c1:51:517a:67f5:6727:527d:4ad1,4,4,0.00,597.45,0.00,SIN
2a06:98c1:310a:0:a2d8:cf14:12dd:15eb,4,4,0.00,597.45,0.00,SIN
2a06:98c1:310e::fb16:def6:9a7b,4,4,0.00,597.50,0.00,SIN
2a06:98c1:51:d161:f658:2b07:598f:fc56,4,4,0.00,597.54,0.00,SIN
2a06:98c1:310e:7c3f:48ee:a571:88ed:1f8e,4,4,0.00,597.59,0.00,SIN
2a06:98c1:310f::d793:350a,4,4,0.00,597.61,0.00,SIN
2a06:98c1:310f:1c:21f1:fb4b:6ebd:3941,4,4,0.00,597.63,0.00,SIN
2a06:98c1:3103:0:dce9:201e:493:9357,4,4,0.00,597.64,0.00,SIN
2a06:98c1:3101:b5b3:962f:2e0b:f215:8f,4,4,0.00,597.67,0.00,SIN
2a06:98c1:50:0:cbd9:a:a3e3:9242,4,4,0.00,597.67,0.00,SIN
2a06:98c1:3102:0:b5:6296:d3d3:1aef,4,4,0.00,597.67,0.00,SIN
2803:f800:51:5961:dff6:7f98:7a45:eb81,4,4,0.00,597.68,0.00,SIN
2803:f800:51:5961:57:ed90:87c1:f0e1,4,4,0.00,597.72,0.00,SIN
2a06:98c1:3102:e6:c2d5:cd0d:d933:78d,4,4,0.00,597.81,0.00,SIN
2a06:98c1:310c:904c:4b0b:db61:e3ba:8e0e,4,4,0.00,597.83,0.00,SIN
2a06:98c1:50::6261:bdbe,4,4,0.00,597.86,0.00,SIN
2a06:98c1:310c:0:a4a7:e12:9a19:5777,4,4,0.00,597.90,0.00,SIN
2a06:98c1:3102::9c:4188:a31f,4,4,0.00,597.95,0.00,SIN
2803:f800:50:5768:3eab:b522:a70:a0c7,4,4,0.00,597.99,0.00,SIN
2803:f800:51:59ed:2fa0:f5e3:c9da:5807,4,4,0.00,597.99,0.00,SIN
2a06:98c1:3103:0:97:a6c3:60fd:938a,4,4,0.00,598.01,0.00,SIN
2a06:98c1:310c:90c1:80ad:724e:66a:26a9,4,4,0.00,598.02,0.00,SIN
2a06:98c1:50:b1f9:b2a8:e45a:787c:302,4,4,0.00,598.02,0.00,SIN
2a06:98c1:3108:f1:e6e4:3d5:77b8:932a,4,4,0.00,598.11,0.00,SIN
2a06:98c1:310e:7c3f:b58d:8473:849c:2805,4,4,0.00,598.11,0.00,SIN
2a06:98c1:51:d161:f658:76a1:e32b:f8a1,4,4,0.00,598.12,0.00,SIN
2a06:98c1:3100:0:cb13:af3a:d1d5:2210,4,4,0.00,598.14,0.00,SIN
2a06:98c1:310f:58bd:ab09:8550:d8f5:5dfc,4,4,0.00,598.17,0.00,SIN
2a06:98c1:3102::23:fc67:d348,4,4,0.00,598.20,0.00,SIN
2a06:98c1:3107:e29a:d6c1:5f7b:405e:be74,4,4,0.00,598.23,0.00,SIN
2a06:98c1:310c:90c1:80ad:724e:62e:364d,4,4,0.00,598.23,0.00,SIN
2a06:98c1:310b:ffe6:5bab:c1e8:163c:51a6,4,4,0.00,598.27,0.00,SIN
2a06:98c1:3107:e29a:ec56:f03e:80fa:2bbd,4,4,0.00,598.28,0.00,SIN
2a06:98c1:310f:e0:a90:6a95:ddfa:3c8d,4,4,0.00,598.31,0.00,SIN
2a06:98c1:310e:7c3f:b58d:b071:4896:6308,4,4,0.00,598.33,0.00,SIN
2a06:98c1:51:7c:a3f3:a3f0:e87a:17f3,4,4,0.00,598.34,0.00,SIN
2a06:98c1:3102::c053:4c87:6350,4,4,0.00,598.34,0.00,SIN
2a06:98c1:310e:7:f00:7175:bc7f:9d5f,4,4,0.00,598.34,0.00,SIN
2a06:98c1:310d:a8:11:281a:25f5:940a,4,4,0.00,598.36,0.00,SIN
2a06:98c1:310a:0:a2d8:8ab9:a21a:6fa2,4,4,0.00,598.37,0.00,SIN
2a06:98c1:50:b1f9:b21f:4134:9aa1:9cb7,4,4,0.00,598.39,0.00,SIN
2a06:98c1:3108:8d:dbfc:4aaf:1105:f08b,4,4,0.00,598.47,0.00,SIN
2803:f800:51:367e:a11c:8f9f:6b08:c1ca,4,4,0.00,598.48,0.00,SIN
2a06:98c1:310f:e0:bf1a:619c:b57f:ec4a,4,4,0.00,598.49,0.00,SIN
2a06:98c1:3107:e29a:d6c1:21e2:3c53:13d7,4,4,0.00,598.57,0.00,SIN
2803:f800:51:5943:9086:53fa:b25d:b7d2,4,4,0.00,598.60,0.00,SIN
2a06:98c1:51:e1:e84b:21b5:bdf9:348e,4,4,0.00,598.61,0.00,SIN
2a06:98c1:310f:53:e96d:a849:fde6:d634,4,4,0.00,598.61,0.00,SIN
2a06:98c1:50:0:cb0e:4564:c028:a393,4,4,0.00,598.63,0.00,SIN
2a06:98c1:310f:e0:a53:f562:b41a:f319,4,4,0.00,598.64,0.00,SIN
2a06:98c1:51:7c:a3f3:a3f0:6672:3474,4,4,0.00,598.65,0.00,SIN
2a06:98c1:3100:0:cb13:af3a:41e6:f8c3,4,4,0.00,598.65,0.00,SIN
2a06:98c1:3103:fc:574a:20d1:cee9:624b,4,4,0.00,598.69,0.00,SIN
2a06:98c1:3109:0:4693:87fb:c9ab:41c5,4,4,0.00,598.70,0.00,SIN
2a06:98c1:3105:92dd:a8a2:7ed8:e649:5459,4,4,0.00,598.70,0.00,SIN
2a06:98c1:3107:9d:b809:44ba:e16:4915,4,4,0.00,598.70,0.00,SIN
2803:f800:51:5961:bc6:6a06:823:2cbf,4,4,0.00,598.72,0.00,SIN
2a06:98c1:310b:ffaa:77b3:4ff:773c:38c0,4,4,0.00,598.77,0.00,SIN
2803:f800:51:5961:dfff:456:9a0d:d5b0,4,4,0.00,598.81,0.00,SIN
2a06:98c1:3105:92dd:a8a2:7ebf:def6:5e51,4,4,0.00,598.82,0.00,SIN
2a06:98c1:310f:58bd:ab09:854d:794f:93f1,4,4,0.00,598.83,0.00,SIN
2a06:98c1:3102::9c:415f:40c7,4,4,0.00,598.83,0.00,SIN
2a06:98c1:310c:0:d90d:8b69:94b5:7985,4,4,0.00,598.84,0.00,SIN
2a06:98c1:310f:58bd:ab82:39a0:5409:af0a,4,4,0.00,598.84,0.00,SIN
2a06:98c1:3107:e29a:d6c1:5ffe:96e4:6fa9,4,4,0.00,598.86,0.00,SIN
2a06:98c1:3106:0:ea:5aa0:81cc:58b7,4,4,0.00,598.86,0.00,SIN
2a06:98c1:310d:a8:a6b8:c04d:12aa:1d0c,4,4,0.00,598.86,0.00,SIN
2a06:98c1:3109:0:cb3:cbad:9a1:2697,4,4,0.00,598.88,0.00,SIN
2a06:98c1:3101:b508:81fc:65cf:3dee:e1b8,4,4,0.00,598.89,0.00,SIN
2a06:98c1:3106:48:aeec:8dc5:e4ee:6466,4,4,0.00,598.92,0.00,SIN
2a06:98c1:3109:0:9be8:a3eb:395f:a542,4,4,0.00,598.93,0.00,SIN
2a06:98c1:3105:0:9dd5:11c:2c4e:3691,4,4,0.00,598.93,0.00,SIN
2a06:98c1:3109:0:9bb5:f4a9:4eeb:7dea,4,4,0.00,598.93,0.00,SIN
2400:cb00:2049:421c:891d:4bc6:5edf:ee4c,4,4,0.00,598.94,0.00,SIN
2a06:98c1:310c:52:c5cc:2da:562c:6501,4,4,0.00,598.97,0.00,SIN
2a06:98c1:3109:0:4693:7cb9:aebf:34bc,4,4,0.00,598.98,0.00,SIN
2a06:98c1:310d:5:a36d:554d:9232:b622,4,4,0.00,599.00,0.00,SIN
2a06:98c1:310e:7c29:90f7:bbb3:734a:77b5,4,4,0.00,599.01,0.00,SIN
2a06:98c1:310d:a8:11:31f4:fd35:472a,4,4,0.00,599.04,0.00,SIN
2a06:98c1:310c:904c:4b0b:db3d:9149:4bfe,4,4,0.00,599.05,0.00,SIN
2a06:98c1:3107:e29a:ec56:f078:b189:804b,4,4,0.00,599.07,0.00,SIN
2a06:98c1:3102:e6:c2fc:9b19:26c:a1b,4,4,0.00,599.07,0.00,SIN
2a06:98c1:3102:e6:c2fc:774d:eb23:2427,4,4,0.00,599.09,0.00,SIN
2a06:98c1:3107:e29a:ec2c:7880:7751:914c,4,4,0.00,599.14,0.00,SIN
2a06:98c1:3103:cfb8:7a9a:e48b:edad:86fc,4,4,0.00,599.14,0.00,SIN
2803:f800:51:59ed:2fba:a189:3edc:ad24,4,4,0.00,599.15,0.00,SIN
2a06:98c1:3109:0:d3e2:63ce:8997:4dd7,4,4,0.00,599.15,0.00,SIN
2a06:98c1:310c:52:c5cc:20e:1218:2147,4,4,0.00,599.17,0.00,SIN
2a06:98c1:50::e569,4,4,0.00,599.24,0.00,SIN
2a06:98c1:50:0:b:6f42:97e5:69f3,4,4,0.00,599.25,0.00,SIN
2a06:98c1:310f:e0:a90:6a95:67c1:4536,4,4,0.00,599.28,0.00,SIN
2a06:98c1:3104::5067:9590:f7c4,4,4,0.00,599.32,0.00,SIN
2a06:98c1:310d:9eb:7c49:1e04:6c82:3bc2,4,4,0.00,599.32,0.00,SIN
2a06:98c1:310c:0:d919:c4d0:9b2c:16a2,4,4,0.00,599.33,0.00,SIN
2a06:98c1:310d:a8:11:31f4:fdb3:72ab,4,4,0.00,599.37,0.00,SIN
2a06:98c1:3107:9d:624a:7fa:e03:765,4,4,0.00,599.38,0.00,SIN
2a06:98c1:51:517a:67f5:e7b:c808:a99,4,4,0.00,599.40,0.00,SIN
2a06:98c1:51:d11b:f24:747d:2186:abaa,4,4,0.00,599.41,0.00,SIN
2a06:98c1:50:0:b:6f6f:6fdb:28be,4,4,0.00,599.43,0.00,SIN
2a06:98c1:3102:69:1cf3:d6ee:e181:2d2e,4,4,0.00,599.45,0.00,SIN
2a06:98c1:51:517a:671d:5d67:9510:43bb,4,4,0.00,599.45,0.00,SIN
2803:f800:50:0:9f94:cad4:2a64:9b9e,4,4,0.00,599.52,0.00,SIN
2a06:98c1:3107:9d:275:155b:8bee:11b8,4,4,0.00,599.53,0.00,SIN
2a06:98c1:3107:0:3d:658d:6c72:4c96,4,4,0.00,599.54,0.00,SIN
2a06:98c1:3103:fc:574a:51b7:221b:c6d0,4,4,0.00,599.55,0.00,SIN
2a06:98c1:3109:0:9be8:82af:52e5:f382,4,4,0.00,599.55,0.00,SIN
2a06:98c1:310a:0:a2a0:27b:5271:eddb,4,4,0.00,599.56,0.00,SIN
2a06:98c1:3105:92dd:a8a2:7104:b5d2:3f9e,4,4,0.00,599.56,0.00,SIN
2a06:98c1:50:b10f:279c:c7c2:51b:8ed5,4,4,0.00,599.57,0.00,SIN
2a06:98c1:3107:e291:8270:a009:25a4:c3bc,4,4,0.00,599.57,0.00,SIN
2a06:98c1:310d:a8:a6b8:c0d4:6be8:1337,4,4,0.00,599.61,0.00,SIN
2a06:98c1:3109:0:4693:8712:3161:663c,4,4,0.00,599.63,0.00,SIN
2803:f800:51:361b:3a43:5647:d12f:a601,4,4,0.00,599.64,0.00,SIN
2a06:98c1:3107:e29a:ec2c:9a53:69d5:7f8d,4,4,0.00,599.67,0.00,SIN
2a06:98c1:3107:e291:390:65d7:4bcd:7fdd,4,4,0.00,599.68,0.00,SIN
2a06:98c1:3101:b5b3:962f:2e0b:f2d9:dd73,4,4,0.00,599.69,0.00,SIN
2a06:98c1:3101:b508:f970:4a36:b49f:67d1,4,4,0.00,599.70,0.00,SIN
2a06:98c1:310e:7c6e:56d8:bcaf:ed09:85f3,4,4,0.00,599.74,0.00,SIN
2a06:98c1:3102:e6:c2fc:4482:df7:672d,4,4,0.00,599.74,0.00,SIN
2a06:98c1:310a:4e:5592:dff6:84c:e502,4,4,0.00,599.81,0.00,SIN
2a06:98c1:310e:32:dc9f:ff3f:cd78:4e1e,4,4,0.00,599.84,0.00,SIN
2a06:98c1:310e:0:d61d:fc5a:5502:287,4,4,0.00,599.87,0.00,SIN
2a06:98c1:3106:c2c8:50a8:a187:288:c8d2,4,4,0.00,599.87,0.00,SIN
2a06:98c1:310a:0:5e:372e:a625:95d8,4,4,0.00,599.88,0.00,SIN
2803:f800:51:5961:df6d:49c5:59e8:68bf,4,4,0.00,599.90,0.00,SIN
2803:f800:51:5943:7505:39a0:743c:5322,4,4,0.00,599.90,0.00,SIN
2803:f800:51:5943:75b4:f593:69a5:7ad2,4,4,0.00,599.91,0.00,SIN
2a06:98c1:310a:0:a2a0:2c7:f027:c602,4,4,0.00,599.92,0.00,SIN
2a06:98c1:3102:0:3501:281:7811:c3b8,4,4,0.00,599.93,0.00,SIN
2803:f800:51:36af:a3a:9c2b:394c:7786,4,4,0.00,599.94,0.00,SIN
2a06:98c1:310f:53:3bc2:3ae1:8452:4a02,4,4,0.00,599.96,0.00,SIN
2a06:98c1:3107:e213:9fca:d554:a074:5560,4,4,0.00,599.97,0.00,SIN
2a06:98c1:310f:58bd:ab82:3982:4eb8:e926,4,4,0.00,600.02,0.00,SIN
2a06:98c1:3107:9d:275:157b:d1fd:402f,4,4,0.00,600.02,0.00,SIN
2803:f800:51:a8:6d22:6be8:c917:69ec,4,4,0.00,600.04,0.00,SIN
2803:f800:51:59ed:389a:47eb:bc42:8f43,4,4,0.00,600.05,0.00,SIN
2a06:98c1:3109:0:9be8:8202:301c:38d8,4,4,0.00,600.06,0.00,SIN
2a06:98c1:310c:90c1:e23d:ac0e:933d:a0a5,4,4,0.00,600.07,0.00,SIN
2803:f800:51:5961:df6d:ef9c:480d:a740,4,4,0.00,600.10,0.00,SIN
2a06:98c1:310e:0:1db9:3b82:5e56:75c2,4,4,0.00,600.11,0.00,SIN
2a06:98c1:310e:32:dc9f:307:6207:e6af,4,4,0.00,600.12,0.00,SIN
2a06:98c1:3106:48:aed1:5215:c3c3:fa0e,4,4,0.00,600.13,0.00,SIN
2803:f800:51:5943:7527:4bef:e1e5:93f4,4,4,0.00,600.15,0.00,SIN
2803:f800:51:5961:dfff:456:9a2f:fde8,4,4,0.00,600.22,0.00,SIN
2a06:98c1:3109:0:9be8:82af:7f39:8147,4,4,0.00,600.24,0.00,SIN
2a06:98c1:51:517a:67f5:6727:8f7f:3e5c,4,4,0.00,600.25,0.00,SIN
2803:f800:51:5961:bc6:8b:8608:dfc3,4,4,0.00,600.27,0.00,SIN
2a06:98c1:50:0:cb0e:971e:9691:5560,4,4,0.00,600.28,0.00,SIN
2803:f800:51:0:de7f:e381:c4e5:30ad,4,4,0.00,600.30,0.00,SIN
2a06:98c1:310e:7c3f:48ee:a571:8824:e7f9,4,4,0.00,600.30,0.00,SIN
2a06:98c1:310f:1c:2106:55bc:628b:6640,4,4,0.00,600.36,0.00,SIN
2803:f800:51:5961:df6d:ba1e:dde3:8b5e,4,4,0.00,600.39,0.00,SIN
2803:f800:51:5961:bc6:3564:d726:8f87,4,4,0.00,600.41,0.00,SIN
2a06:98c1:51:0:3e:94fa:1e8:99b1,4,4,0.00,600.41,0.00,SIN
2a06:98c1:310d:5:a32c:a7b5:a014:36e4,4,4,0.00,600.43,0.00,SIN
2a06:98c1:50:b1f9:b21f:41d0:4468:4714,4,4,0.00,600.43,0.00,SIN
2a06:98c1:310a:1f5e:2ed4:64a0:e963:52dd,4,4,0.00,600.43,0.00,SIN
2a06:98c1:310c::fe1f:1f63:3d1a,4,4,0.00,600.46,0.00,SIN
2a06:98c1:50:0:cbd9:e847:957c:b1df,4,4,0.00,600.47,0.00,SIN
2a06:98c1:310e:7c3f:b58d:5a42:28b8:2ba2,4,4,0.00,600.48,0.00,SIN
2803:f800:51:5943:77b0:8655:1827:e439,4,4,0.00,600.48,0.00,SIN
2a06:98c1:3109:0:4693:7abd:bf44:c12a,4,4,0.00,600.49,0.00,SIN
2a06:98c1:310c:904c:4b0b:db61:3c70:3a67,4,4,0.00,600.49,0.00,SIN
2803:f800:51:5961:bc6:6a30:864d:e2d1,4,4,0.00,600.51,0.00,SIN
2a06:98c1:3103:0:fd:9176:fcda:ba06,4,4,0.00,600.54,0.00,SIN
2a06:98c1:50:0:cb0e:4564:7445:5904,4,4,0.00,600.57,0.00,SIN
2a06:98c1:3103:0:97:a6c3:602a:1526,4,4,0.00,600.58,0.00,SIN
2a06:98c1:310b:80ff:9ff2:fb67:585e:e18a,4,4,0.00,600.62,0.00,SIN
2a06:98c1:310b:80ff:abd7:14c6:de9:f811,4,4,0.00,600.68,0.00,SIN
2a06:98c1:3101:0:5c3c:6ff3:dfd4:bf17,4,4,0.00,600.68,0.00,SIN
2a06:98c1:310d:a8:a6b8:c04d:da42:f6b8,4,4,0.00,600.69,0.00,SIN
2a06:98c1:310e:7c29:90cb:1b49:71d6:28d7,4,4,0.00,600.73,0.00,SIN
2a06:98c1:3103:0:dce9:201e:9b5e:ef35,4,4,0.00,600.74,0.00,SIN
2a06:98c1:3109:bf:973b:4b1:14d8:8755,4,4,0.00,600.82,0.00,SIN
2803:f800:51:0:ceac:fee:8cb2:abed,4,4,0.00,600.82,0.00,SIN
2a06:98c1:310a:0:c4fc:c637:4995:5fe5,4,4,0.00,600.86,0.00,SIN
2a06:98c1:3102::43ad:745f,4,4,0.00,600.90,0.00,SIN
2a06:98c1:310e:32:dc9f:ff3f:a74b:e1db,4,4,0.00,600.91,0.00,SIN
2a06:98c1:3100:0:66:57ea:3deb:dcf1,4,4,0.00,600.93,0.00,SIN
2a06:98c1:310a:7e:6d50:52fa:24bb:dbf1,4,4,0.00,601.01,0.00,SIN
2a06:98c1:3108:b085:ce7f:ffe3:c840:fdde,4,4,0.00,601.02,0.00,SIN
2a06:98c1:310a:0:d3b0:7f36:2d69:4356,4,4,0.00,601.02,0.00,SIN
2a06:98c1:310e:0:d61d:f471:11af:63f9,4,4,0.00,601.05,0.00,SIN
2803:f800:51:5943:75b4:7deb:2250:574f,4,4,0.00,601.07,0.00,SIN
2a06:98c1:310d:a8:c6:eb80:3c63:3837,4,4,0.00,601.09,0.00,SIN
2a06:98c1:3104:de:8612:e0a8:4980:8ae1,4,4,0.00,601.09,0.00,SIN
2a06:98c1:310a:0:d3b0:580b:2c38:2faa,4,4,0.00,601.12,0.00,SIN
2a06:98c1:3105:7f:10f9:3f5:ac84:abb7,4,4,0.00,601.15,0.00,SIN
2a06:98c1:3101:b508:f970:badf:ecde:ced7,4,4,0.00,601.17,0.00,SIN
2a06:98c1:310b:ffe6:5b79:f479:a605:b1e7,4,4,0.00,601.19,0.00,SIN
2a06:98c1:3101:0:33:81b8:e075:9a4d,4,4,0.00,601.20,0.00,SIN
2803:f800:51:5961:dfff:65db:4bc8:c063,4,4,0.00,601.20,0.00,SIN
2a06:98c1:51:d161:12b0:cc94:ca00:2bf1,4,4,0.00,601.20,0.00,SIN
2a06:98c1:3102:0:b5:ed17:e7a4:16f8,4,4,0.00,601.20,0.00,SIN
2a06:98c1:3105:0:9dd5:11c:b3ab:b840,4,4,0.00,601.23,0.00,SIN
2a06:98c1:3100:9b:a4a0:5c2c:de4f:bfe5,4,4,0.00,601.25,0.00,SIN
2a06:98c1:51:517a:38ab:a0b7:60e2:f8e1,4,4,0.00,601.25,0.00,SIN
2803:f800:51:367e:f6d9:63b4:ac9:6b52,4,4,0.00,601.26,0.00,SIN
2a06:98c1:3102:0:d727:ae98:5f67:c9f3,4,4,0.00,601.27,0.00,SIN
2a06:98c1:310e:7c3f:b5c4:5047:7ce2:40e8,4,4,0.00,601.27,0.00,SIN
2a06:98c1:310e:7cd0:3855:911b:8f23:b145,4,4,0.00,601.30,0.00,SIN
2a06:98c1:310a:0:37cd:e52c:7985:a48f,4,4,0.00,601.33,0.00,SIN
2a06:98c1:50:b10f:279c:c7da:7b83:b591,4,4,0.00,601.34,0.00,SIN
2803:f800:51:361b:3a43:f20a:6fb6:a21d,4,4,0.00,601.36,0.00,SIN
2a06:98c1:3109:0:4693:7cb9:7adb:32ab,4,4,0.00,601.37,0.00,SIN
2803:f800:51:5943:7505:599d:3268:7a65,4,4,0.00,601.39,0.00,SIN
2a06:98c1:310e:7:f00:6677:57a3:2673,4,4,0.00,601.39,0.00,SIN
2a06:98c1:310d:0:c8bc:f609:6ebe:7af5,4,4,0.00,601.39,0.00,SIN
2803:f800:51:361b:3a43:f29c:f0f8:1cea,4,4,0.00,601.41,0.00,SIN
2a06:98c1:3100:b521:fabe:3c13:297c:50c9,4,4,0.00,601.44,0.00,SIN
2803:f800:50:57d1:2d9e:b524:d3dc:56f,4,4,0.00,601.47,0.00,SIN
2803:f800:50:57d1:f51a:6557:8dfe:f2f0,4,4,0.00,601.51,0.00,SIN
2a06:98c1:3108:cb:8d85:7d27:7d4d:f64b,4,4,0.00,601.60,0.00,SIN
2a06:98c1:3105:7f:1074:4c18:a8c9:3b1e,4,4,0.00,601.64,0.00,SIN
2803:f800:50:5768:3eab:b522:4d60:e7a5,4,4,0.00,601.70,0.00,SIN
2a06:98c1:3106:c28d:8ce5:4149:5157:beb9,4,4,0.00,601.79,0.00,SIN
2a06:98c1:310f:53:3bf4:9480:2be4:17d0,4,4,0.00,601.79,0.00,SIN
2a06:98c1:310f:58bd:ab09:854d:1ad3:46de,4,4,0.00,601.80,0.00,SIN
2a06:98c1:310e:0:1db9:3bbc:5f9d:390b,4,4,0.00,601.81,0.00,SIN
2a06:98c1:3107:0:8464:e786:77f9:223,4,4,0.00,601.89,0.00,SIN
2803:f800:50:0:cf:7208:316f:fcd7,4,4,0.00,601.90,0.00,SIN
2a06:98c1:310e:0:d61d:f4cb:8990:7c3a,4,4,0.00,601.93,0.00,SIN
2a06:98c1:310d:a8:c6:6797:ec56:31ab,4,4,0.00,601.94,0.00,SIN
2a06:98c1:310e::44:b308:e095,4,4,0.00,601.94,0.00,SIN
2a06:98c1:3104:0:18c8:612f:4d04:35a8,4,4,0.00,601.96,0.00,SIN
2a06:98c1:310d:923:3ea5:a091:3acc:5781,4,4,0.00,601.97,0.00,SIN
2a06:98c1:310a:0:d3b0:4010:ddc5:6612,4,4,0.00,602.00,0.00,SIN
2a06:98c1:3103:fc:574a:c4b3:dbc:c3e0,4,4,0.00,602.00,0.00,SIN
2a06:98c1:3100:0:547d:6987:ee50:f5a6,4,4,0.00,602.07,0.00,SIN
2a06:98c1:310d:5:5b5a:c111:8136:231f,4,4,0.00,602.08,0.00,SIN
2a06:98c1:310c:90c1:e221:87ce:9fd7:2c09,4,4,0.00,602.19,0.00,SIN
2a06:98c1:310e:7c29:9545:e57f:e724:60ab,4,4,0.00,602.21,0.00,SIN
2a06:98c1:3100:245c:b01:21fb:a423:e8fe,4,4,0.00,602.24,0.00,SIN
2a06:98c1:50:b1f9:b21f:41d0:44de:e47c,4,4,0.00,602.25,0.00,SIN
2a06:98c1:3105:b3:784b:630c:d924:fe,4,4,0.00,602.27,0.00,SIN
2a06:98c1:310e:0:d61d:8e0f:ad2e:de67,4,4,0.00,602.27,0.00,SIN
2a06:98c1:51:517a:67f5:95f7:eeac:105f,4,4,0.00,602.27,0.00,SIN
2a06:98c1:3107:e29a:ec56:f03d:236f:3ccb,4,4,0.00,602.29,0.00,SIN
2a06:98c1:3106:0:16af:83ae:6640:58f,4,4,0.00,602.31,0.00,SIN
2a06:98c1:310e::de7c:4bab:a6d7,4,4,0.00,602.32,0.00,SIN
2803:f800:50::41db:8650:3c6,4,4,0.00,602.33,0.00,SIN
2a06:98c1:310e::de7c:ac5b:9baf,4,4,0.00,602.36,0.00,SIN
2a06:98c1:310d:7acf:9e98:806f:53af:9683,4,4,0.00,602.38,0.00,SIN
2803:f800:51:5961:bc6:6a06:261a:dd30,4,4,0.00,602.39,0.00,SIN
2a06:98c1:3100:9b:a4a0:5c06:3fbe:9452,4,4,0.00,602.39,0.00,SIN
2803:f800:51:5961:df6d:ef98:9902:f059,4,4,0.00,602.40,0.00,SIN
2803:f800:51:68:d053:10bd:9b85:aaea,4,4,0.00,602.42,0.00,SIN
2a06:98c1:310e:0:cb:9b03:ab8c:96bf,4,4,0.00,602.42,0.00,SIN
2a06:98c1:51:d161:12b0:4454:32ee:d603,4,4,0.00,602.42,0.00,SIN
2a06:98c1:310f:e0:bf1a:615f:ec12:c6c5,4,4,0.00,602.43,0.00,SIN
2803:f800:51:c4:de54:f2c5:93c8:8318,4,4,0.00,602.45,0.00,SIN
2a06:98c1:3102:0:d727:d6a1:7bbc:31ae,4,4,0.00,602.45,0.00,SIN
2a06:98c1:3102:e6:c2fc:774e:fdb2:f31a,4,4,0.00,602.50,0.00,SIN
2803:f800:51:5961:57:44b7:c1a7:5253,4,4,0.00,602.51,0.00,SIN
2803:f800:51:5943:75b4:f5e9:a5d:a9e,4,4,0.00,602.52,0.00,SIN
2a06:98c1:3103:cfb8:7a89:fd00:4167:2ca0,4,4,0.00,602.52,0.00,SIN
2a06:98c1:310e:7c3f:48ee:39be:fc08:a4fd,4,4,0.00,602.53,0.00,SIN
2a06:98c1:3109:0:f8:42d2:9375:a4f1,4,4,0.00,602.58,0.00,SIN
2a06:98c1:51:51e9:68bc:1f88:b1ca:9b30,4,4,0.00,602.58,0.00,SIN
2a06:98c1:51:517a:67f5:67f6:a249:5ad0,4,4,0.00,602.59,0.00,SIN
2a06:98c1:3105:92dd:a803:56bf:1e73:e757,4,4,0.00,602.61,0.00,SIN
2a06:98c1:310a::228e:79c0:b720,4,4,0.00,602.62,0.00,SIN
2a06:98c1:3104:0:9ec2:34fe:684c:244c,4,4,0.00,602.63,0.00,SIN
2a06:98c1:310d:a8:c6:673a:bdc4:7df4,4,4,0.00,602.65,0.00,SIN
2a06:98c1:310a:1f5e:2ed4:64c8:968e:63a1,4,4,0.00,602.66,0.00,SIN
2a06:98c1:3109:0:10:a6ba:a60e:18f1,4,4,0.00,602.67,0.00,SIN
2400:cb00:2049:d7:b315:4f96:2ced:ccd6,4,4,0.00,602.68,0.00,SIN
2a06:98c1:310d:5:a32c:a7b5:5919:14b,4,4,0.00,602.70,0.00,SIN
2a06:98c1:3105:6:4981:47b6:ca0d:ae85,4,4,0.00,602.70,0.00,SIN
2a06:98c1:310b:ffaa:77b3:401:4818:2311,4,4,0.00,602.71,0.00,SIN
2a06:98c1:3102:0:358c:1d2:313a:5a08,4,4,0.00,602.71,0.00,SIN
2a06:98c1:3104:de:86ed:9996:e929:9333,4,4,0.00,602.74,0.00,SIN
2a06:98c1:50:b10f:c428:8cb2:5603:833d,4,4,0.00,602.75,0.00,SIN
2803:f800:51:bd:5100:60af:2455:e2a8,4,4,0.00,602.76,0.00,SIN
2803:f800:50:5768:3eab:ce85:8000:28f3,4,4,0.00,602.76,0.00,SIN
2a06:98c1:310f:58bd:ab82:391e:87a1:3f9d,4,4,0.00,602.77,0.00,SIN
2a06:98c1:310d:a8:a6b8:c0d4:b2f7:8214,4,4,0.00,602.79,0.00,SIN
2803:f800:51:5943:75a4:2326:b577:88a2,4,4,0.00,602.79,0.00,SIN
2a06:98c1:50:b10f:279c:c029:5012:6c56,4,4,0.00,602.80,0.00,SIN
2a06:98c1:310e:7c29:9001:4e5d:2879:f8e2,4,4,0.00,602.81,0.00,SIN
2a06:98c1:3106:0:ea:dc94:f069:2c14,4,4,0.00,602.82,0.00,SIN
2a06:98c1:310d:5:a32c:a748:2e8f:cadc,4,4,0.00,602.84,0.00,SIN
2803:f800:51:5961:bc6:6aa7:47fe:c2da,4,4,0.00,602.84,0.00,SIN
2a06:98c1:310c:90c1:e23d:ac0e:83c6:7f46,4,4,0.00,602.84,0.00,SIN
2a06:98c1:310e:7c29:958d:d914:8ed3:6bbb,4,4,0.00,602.85,0.00,SIN
2a06:98c1:3102:0:8d:a8de:9652:341b,4,4,0.00,602.85,0.00,SIN
2a06:98c1:3100:0:66:5705:2d40:504d,4,4,0.00,602.85,0.00,SIN
2a06:98c1:51:0:3e:94fa:17b:aea9,4,4,0.00,602.86,0.00,SIN
2a06:98c1:3109:0:cb3:cb63:f20e:6c68,4,4,0.00,602.89,0.00,SIN
2a06:98c1:51:0:25:6934:7940:7094,4,4,0.00,602.91,0.00,SIN
2a06:98c1:3104:29db:2f5c:6247:315f:faf,4,4,0.00,602.93,0.00,SIN
2a06:98c1:310e:7c29:90cb:f3bd:38d0:8663,4,4,0.00,602.98,0.00,SIN
2a06:98c1:3105:6:4985:73c2:75bd:7ff5,4,4,0.00,603.00,0.00,SIN
2a06:98c1:3102:a178:b4af:346a:cfea:c4e,4,4,0.00,603.02,0.00,SIN
2a06:98c1:3100:0:547d:5ad9:35bd:6d70,4,4,0.00,603.03,0.00,SIN
2a06:98c1:310c:0:a437:b758:a5a2:e6bc,4,4,0.00,603.04,0.00,SIN
2a06:98c1:310d:a8:11:d68e:21f1:ae65,4,4,0.00,603.05,0.00,SIN
2a06:98c1:3102:e6:c2d5:6c24:6fc:1c91,4,4,0.00,603.07,0.00,SIN
2803:f800:51:5943:75b4:7deb:cefe:cb6d,4,4,0.00,603.13,0.00,SIN
2803:f800:51:59ed:e0b4:a353:f018:83a3,4,4,0.00,603.14,0.00,SIN
2803:f800:51:5943:75b4:399a:15de:bbe0,4,4,0.00,603.14,0.00,SIN
2a06:98c1:310e:7c29:90cb:1b49:7582:d3ab,4,4,0.00,603.14,0.00,SIN
2a06:98c1:310d:923:3ea5:b727:9c6e:326d,4,4,0.00,603.17,0.00,SIN
2a06:98c1:3103:0:dce9:62b1:4f6b:29b6,4,4,0.00,603.18,0.00,SIN
2a06:98c1:310c:904c:df72:8f96:d65c:2fd6,4,4,0.00,603.25,0.00,SIN
2a06:98c1:310b:80ff:abd7:1401:acb:a444,4,4,0.00,603.26,0.00,SIN
2a06:98c1:310a:0:d3e4:2328:74fb:bbda,4,4,0.00,603.26,0.00,SIN
2a06:98c1:310d:5:a36d:554d:1a21:7d02,4,4,0.00,603.28,0.00,SIN
2a06:98c1:3103:cfb8:7ab2:8c68:b8d:a873,4,4,0.00,603.29,0.00,SIN
2803:f800:50:57d1:f51a:6550:dd9a:3dfd,4,4,0.00,603.29,0.00,SIN
2a06:98c1:310f:53:3bc2:3ae1:1b69:f6c2,4,4,0.00,603.29,0.00,SIN
2a06:98c1:310e:7:fc4:d1d7:f990:5125,4,4,0.00,603.30,0.00,SIN
2a06:98c1:3103:fc:94c9:155c:cae1:d1aa,4,4,0.00,603.30,0.00,SIN
2a06:98c1:3107:e29a:528f:a31b:3017:3625,4,4,0.00,603.31,0.00,SIN
2803:f800:50:5768:3eab:ce85:80e0:9745,4,4,0.00,603.32,0.00,SIN
2a06:98c1:3105:922e:f855:6063:5c61:8122,4,4,0.00,603.34,0.00,SIN
2a06:98c1:310c:0:a4a7:c90f:7003:3c79,4,4,0.00,603.35,0.00,SIN
2a06:98c1:3108:b085:5ba8:3045:8dd4:a760,4,4,0.00,603.38,0.00,SIN
2803:f800:51:5943:75b4:7d78:ca7f:ac3f,4,4,0.00,603.40,0.00,SIN
2a06:98c1:310f:53:3bc2:a2db:cfcb:fee7,4,4,0.00,603.42,0.00,SIN
2803:f800:51:5961:7e:e46c:277f:d871,4,4,0.00,603.45,0.00,SIN
2a06:98c1:50:3d:5a74:8774:4951:8a3,4,4,0.00,603.47,0.00,SIN
2a06:98c1:3102:e6:c2d5:6c24:6e0:8e33,4,4,0.00,603.47,0.00,SIN
2a06:98c1:3105:6:4985:73c2:7571:b6cc,4,4,0.00,603.49,0.00,SIN
2a06:98c1:3103:cfb8:7a9a:6b55:b828:8297,4,4,0.00,603.52,0.00,SIN
2803:f800:51:5943:7527:4bef:6fc0:1246,4,4,0.00,603.52,0.00,SIN
2803:f800:51:0:df:4d4e:fba7:11e4,4,4,0.00,603.53,0.00,SIN
2a06:98c1:310d:a8:11:281a:199:d168,4,4,0.00,603.54,0.00,SIN
2a06:98c1:310b:80ff:abd7:1401:a8eb:87a8,4,4,0.00,603.56,0.00,SIN
2a06:98c1:310d:0:12:252f:e206:99e,4,4,0.00,603.59,0.00,SIN
2a06:98c1:3102:e6:2218:7a6c:c923:176d,4,4,0.00,603.62,0.00,SIN
2803:f800:51:a8:6d22:e5f8:1b47:fae3,4,4,0.00,603.62,0.00,SIN
2a06:98c1:3107:e29a:d6c1:219f:9f63:6ef,4,4,0.00,603.65,0.00,SIN
2a06:98c1:3100:9b:a498:d353:21dc:1c9a,4,4,0.00,603.68,0.00,SIN
2a06:98c1:310e:0:1db9:a942:7907:e665,4,4,0.00,603.69,0.00,SIN
2a06:98c1:51:e1:e8c0:bb55:d7c4:1d00,4,4,0.00,603.70,0.00,SIN
2a06:98c1:3109:bf:973b:437:1a25:1d51,4,4,0.00,603.76,0.00,SIN
2803:f800:51:0:ceac:fa5:5ae1:49d2,4,4,0.00,603.78,0.00,SIN
2803:f800:51:5961:bc6:6a30:65d:9eeb,4,4,0.00,603.78,0.00,SIN
2a06:98c1:50:0:cbd9:56:7009:c1fb,4,4,0.00,603.81,0.00,SIN
2a06:98c1:310d:7acf:9e98:808c:d48e:a9ce,4,4,0.00,603.83,0.00,SIN
2a06:98c1:3107:9d:624a:89da:bcaa:7c8f,4,4,0.00,603.84,0.00,SIN
2a06:98c1:3107:0:3d:658d:2a48:4a3a,4,4,0.00,603.85,0.00,SIN
2a06:98c1:3102:0:d7e7:d1a0:4ee7:54eb,4,4,0.00,603.88,0.00,SIN
2a06:98c1:310d:7acf:1e48:4bd5:156b:c98a,4,4,0.00,603.88,0.00,SIN
2a06:98c1:3103:0:dce9:6245:6f9e:3b85,4,4,0.00,603.91,0.00,SIN
2a06:98c1:310c:90c1:80ad:727a:fdd5:99f4,4,4,0.00,603.92,0.00,SIN
2a06:98c1:3100:0:547d:5ad9:a27a:e4a,4,4,0.00,603.95,0.00,SIN
2a06:98c1:3103:fc:574a:c407:1176:c7c1,4,4,0.00,603.96,0.00,SIN
2803:f800:51::5f:cc54,4,4,0.00,604.00,0.00,SIN
2a06:98c1:3105:92dd:4d2:57c2:44:f8c,4,4,0.00,604.00,0.00,SIN
2a06:98c1:3107:e291:a34e:6856:346d:b784,4,4,0.00,604.04,0.00,SIN
2a06:98c1:310b:80ff:abd7:1401:5957:3fa7,4,4,0.00,604.07,0.00,SIN
2803:f800:50:0:9f5c:aeee:f094:8850,4,4,0.00,604.09,0.00,SIN
2a06:98c1:3108:8d:dbfc:4a57:f321:eb9c,4,4,0.00,604.12,0.00,SIN
2a06:98c1:3100:b521:fabe:977c:5f11:760d,4,4,0.00,604.18,0.00,SIN
2a06:98c1:3100:0:66:e043:ad66:b8c4,4,4,0.00,604.19,0.00,SIN
2a06:98c1:3105:6e:2f22:b240:103b:fa4b,4,4,0.00,604.20,0.00,SIN
2a06:98c1:51:d161:f658:76a1:e3f3:ee70,4,4,0.00,604.22,0.00,SIN
2a06:98c1:51:d161:12b0:ccec:447f:715c,4,4,0.00,604.24,0.00,SIN
2a06:98c1:50:0:cbd9:e847:936:2dd6,4,4,0.00,604.25,0.00,SIN
2a06:98c1:3101:b5b3:962f:156f:948c:6679,4,4,0.00,604.28,0.00,SIN
2a06:98c1:310d:923:3ea5:a88e:842e:1ea8,4,4,0.00,604.29,0.00,SIN
2a06:98c1:3100:9b:a4a0:5c06:dedf:9cd5,4,4,0.00,604.30,0.00,SIN
2a06:98c1:3103:cfb8:7a9a:e475:5845:2af2,4,4,0.00,604.36,0.00,SIN
2a06:98c1:3107:9d:b809:62a3:7651:fade,4,4,0.00,604.41,0.00,SIN
2a06:98c1:3100:0:5418:dd03:97dc:d971,4,4,0.00,604.45,0.00,SIN
2a06:98c1:310e:7c29:9545:e49:10a5:1b8a,4,4,0.00,604.46,0.00,SIN
2a06:98c1:310f:53:3bc2:3ae1:1bd7:e057,4,4,0.00,604.46,0.00,SIN
2a06:98c1:310e:7:f00:71f7:9c7a:1a8f,4,4,0.00,604.46,0.00,SIN
2803:f800:51:a8:6d9b:d43f:2ca4:a19b,4,4,0.00,604.51,0.00,SIN
2a06:98c1:3100:0:5418:7ae4:f472:aa46,4,4,0.00,604.52,0.00,SIN
2a06:98c1:51:e1:e8c0:bbe2:cd44:e61a,4,4,0.00,604.53,0.00,SIN
2a06:98c1:3105:4:8d3:4f87:2292:632f,4,4,0.00,604.53,0.00,SIN
2803:f800:51:5943:75a4:234b:f7e3:d711,4,4,0.00,604.54,0.00,SIN
2a06:98c1:3106:48:d463:15ba:1451:2e9c,4,4,0.00,604.54,0.00,SIN
2a06:98c1:310f:e0:bf1a:61ec:eefc:541b,4,4,0.00,604.55,0.00,SIN
2a06:98c1:310c:90c1:80ad:e8a9:e885:7d80,4,4,0.00,604.55,0.00,SIN
2a06:98c1:310e:7c29:90cb:1bc1:68a9:a30a,4,4,0.00,604.56,0.00,SIN
2400:cb00:2049:fa3:8cb5:b5c0:cea1:67ea,4,4,0.00,604.58,0.00,SIN
2a06:98c1:3105:0:9dd5:cb0c:a493:98bf,4,4,0.00,604.58,0.00,SIN
2a06:98c1:3106:48:aeec:ae37:4be8:a37a,4,4,0.00,604.59,0.00,SIN
2a06:98c1:3104:0:f0:92f8:a5fa:c85d,4,4,0.00,604.59,0.00,SIN
2a06:98c1:310d:a8:c6:738d:356f:bd25,4,4,0.00,604.62,0.00,SIN
2a06:98c1:3103:cfb8:7a89:fd00:3462:22a9,4,4,0.00,604.66,0.00,SIN
2803:f800:51:5943:75b4:39da:9eb5:d116,4,4,0.00,604.66,0.00,SIN
2a06:98c1:3103:fc:574a:c4b3:1bcf:93a7,4,4,0.00,604.67,0.00,SIN
2a06:98c1:3100:b521:fabe:972c:35a3:452b,4,4,0.00,604.67,0.00,SIN
2a06:98c1:310d:5:a32c:a748:b741:36c,4,4,0.00,604.68,0.00,SIN
2a06:98c1:3102:69:46f0:d1ad:26cc:f4d3,4,4,0.00,604.68,0.00,SIN
2a06:98c1:3102:e6:c2fc:4482:ead5:b334,4,4,0.00,604.70,0.00,SIN
2a06:98c1:3103:cfb8:4f94:e2b7:4938:4d7,4,4,0.00,604.72,0.00,SIN
2803:f800:51:5943:77b0:7910:62d1:e2ed,4,4,0.00,604.75,0.00,SIN
2a06:98c1:3105:92dd:479:bd86:b98:91c4,4,4,0.00,604.75,0.00,SIN
2a06:98c1:310e:0:d61d:f4cb:89d0:c417,4,4,0.00,604.77,0.00,SIN
2a06:98c1:3101:b8:60e2:3708:dba1:acc3,4,4,0.00,604.78,0.00,SIN
2a06:98c1:3103:cfb8:4f94:e2b7:49b3:f270,4,4,0.00,604.78,0.00,SIN
2a06:98c1:3100:0:547d:fea9:5210:8028,4,4,0.00,604.81,0.00,SIN
2a06:98c1:3103:fc:9491:13e4:ab40:878c,4,4,0.00,604.81,0.00,SIN
2a06:98c1:310d:a8:a6b8:c04d:ebff:e782,4,4,0.00,604.81,0.00,SIN
2a06:98c1:3107:0:8464:3bb2:baf8:6485,4,4,0.00,604.82,0.00,SIN
2a06:98c1:51::9209:2e41:6c5,4,4,0.00,604.83,0.00,SIN
2a06:98c1:50:0:cbd9:55:9610:70a2,4,4,0.00,604.84,0.00,SIN
2a06:98c1:3108:f1:e6e4:dc72:1c39:f0e9,4,4,0.00,604.85,0.00,SIN
2a06:98c1:3102:0:d727:d6a1:c322:a5f,4,4,0.00,604.85,0.00,SIN
2400:cb00:2049:421c:891d:4bc6:4083:f528,4,4,0.00,604.86,0.00,SIN
2803:f800:50:85:59f2:23f3:f709:4d63,4,4,0.00,604.86,0.00,SIN
2a06:98c1:3105:92dd:479:a41:4a03:584,4,4,0.00,604.87,0.00,SIN
2a06:98c1:310d:a8:11:28d4:9e65:57c9,4,4,0.00,604.87,0.00,SIN
2803:f800:51:5943:7527:4bb0:9dbe:dd37,4,4,0.00,604.88,0.00,SIN
2a06:98c1:3102:69:4631:bb41:450:8787,4,4,0.00,604.90,0.00,SIN
2a06:98c1:310d:0:c8bc:9089:6595:5f6c,4,4,0.00,604.93,0.00,SIN
2a06:98c1:3101::fe69:10ff:30f1,4,4,0.00,604.93,0.00,SIN
2a06:98c1:310b:ffaa:77cd:59b4:58a:cbd0,4,4,0.00,604.95,0.00,SIN
2803:f800:51:0:ceac:fee:8cd4:213,4,4,0.00,604.95,0.00,SIN
2a06:98c1:310e:7c3f:b5c4:3f69:7225:72bc,4,4,0.00,604.98,0.00,SIN
2803:f800:51:367e:f61a:2ab2:7152:e7f9,4,4,0.00,604.98,0.00,SIN
2a06:98c1:51:517a:671d:5d67:a8e5:bc57,4,4,0.00,604.99,0.00,SIN
2a06:98c1:310d:9eb:7c49:a3d2:78d0:c609,4,4,0.00,605.02,0.00,SIN
2a06:98c1:310e:7c29:9545:e49:98d0:f10f,4,4,0.00,605.02,0.00,SIN
2a06:98c1:310c:0:d90d:da04:fc06:8479,4,4,0.00,605.03,0.00,SIN
2a06:98c1:3105::f2:1a9:721,4,4,0.00,605.03,0.00,SIN
2803:f800:51:5961:bc6:6a06:3785:440b,4,4,0.00,605.06,0.00,SIN
2a06:98c1:3104:0:f0:9299:350:180e,4,4,0.00,605.08,0.00,SIN
2a06:98c1:310d:a8:11:d68e:f1f4:33f1,4,4,0.00,605.08,0.00,SIN
2a06:98c1:310d:5:a32c:a748:2e20:a422,4,4,0.00,605.10,0.00,SIN
2a06:98c1:3101:0:33:81b8:e030:610e,4,4,0.00,605.11,0.00,SIN
2a06:98c1:310e:7c3f:48ee:d0ea:fd82:ecf5,4,4,0.00,605.13,0.00,SIN
2a06:98c1:3104:de:86ed:6bb2:f650:f2f6,4,4,0.00,605.14,0.00,SIN
2803:f800:51:bd:7763:f163:536d:b919,4,4,0.00,605.14,0.00,SIN
2a06:98c1:3107:9d:b8c4:8b1f:5a41:5904,4,4,0.00,605.15,0.00,SIN
2803:f800:51:5943:75a4:234b:f7b2:a901,4,4,0.00,605.18,0.00,SIN
2803:f800:50:0:5b:a2da:59c5:e8b9,4,4,0.00,605.19,0.00,SIN
2a06:98c1:310e:7c3f:48ee:d0b5:2d17:79b2,4,4,0.00,605.19,0.00,SIN
2a06:98c1:3101:b8:60e2:37b2:8391:7f58,4,4,0.00,605.20,0.00,SIN
2a06:98c1:310c:904c:dfca:c04f:a3aa:7d2d,4,4,0.00,605.21,0.00,SIN
2a06:98c1:3106:a6:9d0f:5b0b:93ee:180f,4,4,0.00,605.21,0.00,SIN
2a06:98c1:51:517a:67fc:61f3:8816:498d,4,4,0.00,605.25,0.00,SIN
2a06:98c1:310e:7c6e:fe72:dbee:6a65:7b7a,4,4,0.00,605.26,0.00,SIN
2a06:98c1:310f:e0:a90:6a95:67f2:89c9,4,4,0.00,605.30,0.00,SIN
2a06:98c1:3103:fc:574a:20d1:1123:605f,4,4,0.00,605.33,0.00,SIN
2a06:98c1:3109:0:74a8:babd:8671:fecc,4,4,0.00,605.33,0.00,SIN
2803:f800:51:361b:3a43:5647:14d6:2dc1,4,4,0.00,605.41,0.00,SIN
2a06:98c1:310c:0:d9e0:528f:ee41:1060,4,4,0.00,605.42,0.00,SIN
2a06:98c1:3109:0:7475:7407:218b:67ca,4,4,0.00,605.42,0.00,SIN
2a06:98c1:310c:0:d9f8:2c3b:501a:16e8,4,4,0.00,605.45,0.00,SIN
2803:f800:51:bd:5100:eee4:608d:ee,4,4,0.00,605.49,0.00,SIN
2a06:98c1:310f:e0:a90:6a95:b1e4:9249,4,4,0.00,605.49,0.00,SIN
2803:f800:51:5961:bc6:3564:f3f:d3f,4,4,0.00,605.51,0.00,SIN
2a06:98c1:50:3d:5a74:8774:71e8:3c58,4,4,0.00,605.51,0.00,SIN
2a06:98c1:310a:0:d3e4:2328:eb56:689a,4,4,0.00,605.53,0.00,SIN
2a06:98c1:3107:e291:8270:c389:4f97:361e,4,4,0.00,605.54,0.00,SIN
2a06:98c1:310d:a8:c6:673a:2ee9:2ced,4,4,0.00,605.56,0.00,SIN
2803:f800:51:c4:de54:f6b:ef4c:4593,4,4,0.00,605.57,0.00,SIN
2a06:98c1:310e:7c3f:b58d:8473:9f7:c6ec,4,4,0.00,605.58,0.00,SIN
2a06:98c1:3107:e291:a3a6:3c8e:4414:e60b,4,4,0.00,605.58,0.00,SIN
2a06:98c1:310c:90c1:e23d:ac0e:9305:17c3,4,4,0.00,605.60,0.00,SIN
2a06:98c1:3100:594:11bf:140c:97df:cbcf,4,4,0.00,605.61,0.00,SIN
2a06:98c1:310e:7c3f:b58d:b0e7:e827:7e75,4,4,0.00,605.62,0.00,SIN
2a06:98c1:3109:0:7475:497f:c0e6:6ed6,4,4,0.00,605.63,0.00,SIN
2a06:98c1:3100:b521:fabe:972c:6c59:f01d,4,4,0.00,605.64,0.00,SIN
2803:f800:51::cece:8f4f:973b,4,4,0.00,605.65,0.00,SIN
2a06:98c1:310d:a8:a6b8:c0d4:e4a3:f78f,4,4,0.00,605.65,0.00,SIN
2a06:98c1:310c:90c1:80f4:fdd6:1565:ab72,4,4,0.00,605.66,0.00,SIN
2a06:98c1:3103:fc:94c9:c02b:f29f:7aa8,4,4,0.00,605.66,0.00,SIN
2803:f800:51:68:d053:100c:9944:45ce,4,4,0.00,605.68,0.00,SIN
2a06:98c1:3103:fc:9491:eee3:243e:642f,4,4,0.00,605.70,0.00,SIN
2a06:98c1:310e:7c3f:b5e8:d65f:50fd:5271,4,4,0.00,605.76,0.00,SIN
2a06:98c1:3104:de:86ed:6b2f:3b80:5e15,4,4,0.00,605.77,0.00,SIN
2a06:98c1:3100:9b:a47c:daf8:b025:2f0e,4,4,0.00,605.78,0.00,SIN
2a06:98c1:3105:6:4985:7323:643c:3579,4,4,0.00,605.79,0.00,SIN
2a06:98c1:310a:1f5e:ae7c:28f7:27e8:b02f,4,4,0.00,605.79,0.00,SIN
2a06:98c1:3109:0:46a8:5a66:ee3b:c970,4,4,0.00,605.80,0.00,SIN
2a06:98c1:310a:0:d3e4:235f:c26c:dceb,4,4,0.00,605.83,0.00,SIN
2a06:98c1:310c:0:d9e0:5280:d9f1:d63,4,4,0.00,605.85,0.00,SIN
2a06:98c1:310e:0:1db9:3b6b:b25a:3672,4,4,0.00,605.85,0.00,SIN
2a06:98c1:310f:e0:bf1a:61ec:9136:ac9c,4,4,0.00,605.86,0.00,SIN
2a06:98c1:3107:e291:8270:c389:4f57:6c21,4,4,0.00,605.86,0.00,SIN
2a06:98c1:51:d161:f610:4f88:452e:1a47,4,4,0.00,605.87,0.00,SIN
2a06:98c1:310c:90c1:80f4:d8bd:be8:c996,4,4,0.00,605.91,0.00,SIN
2a06:98c1:3104:ac4b:65b0:dd57:60cc:ec42,4,4,0.00,605.94,0.00,SIN
2803:f800:51:361b:3aab:b9e:62aa:fb9c,4,4,0.00,605.95,0.00,SIN
2803:f800:51:361b:3a43:f29c:f044:21e0,4,4,0.00,605.95,0.00,SIN
2a06:98c1:310d:a8:c6:eb80:3cc5:c980,4,4,0.00,605.97,0.00,SIN
2a06:98c1:3101::feeb:e58b:aa75,4,4,0.00,605.98,0.00,SIN
2a06:98c1:310c:90c1:8051:c4b0:d8cd:dabf,4,4,0.00,605.98,0.00,SIN
2a06:98c1:310a:0:d3e4:ec41:ced7:d40,4,4,0.00,606.00,0.00,SIN
2803:f800:50:0:9f94:7d42:4006:3dcd,4,4,0.00,606.00,0.00,SIN
2803:f800:51:5943:77b0:79b8:ac1c:7a0e,4,4,0.00,606.01,0.00,SIN
2a06:98c1:3103:0:dce9:622d:e873:c94e,4,4,0.00,606.04,0.00,SIN
2803:f800:50:57d1:f51a:5447:66c9:60e4,4,4,0.00,606.05,0.00,SIN
2803:f800:51:68:d053:100c:9968:79d0,4,4,0.00,606.08,0.00,SIN
2a06:98c1:51:d11b:b9fd:145c:3521:ece3,4,4,0.00,606.12,0.00,SIN
2a06:98c1:310a:1f5e:ae7c:de72:b521:20be,4,4,0.00,606.15,0.00,SIN
2a06:98c1:3105:6:49ba:3242:2148:4dd0,4,4,0.00,606.15,0.00,SIN
2a06:98c1:3102:0:b5:62e4:74ec:2196,4,4,0.00,606.18,0.00,SIN
2803:f800:51:5961:7e:e46c:27e3:3bac,4,4,0.00,606.23,0.00,SIN
2a06:98c1:3102:a11b:f817:53f5:6377:33e5,4,4,0.00,606.23,0.00,SIN
2a06:98c1:3109:bf:9723:38d1:612f:af0e,4,4,0.00,606.23,0.00,SIN
2a06:98c1:3105:6:4981:47b6:cac9:7827,4,4,0.00,606.29,0.00,SIN
2a06:98c1:3105:b3:85df:d809:8410:5903,4,4,0.00,606.31,0.00,SIN
2a06:98c1:310f:58bd:ab09:854d:1a0f:ade0,4,4,0.00,606.36,0.00,SIN
2a06:98c1:310a:0:d3b0:580b:dae8:ac86,4,4,0.00,606.37,0.00,SIN
2a06:98c1:3109:0:4693:a9da:dd17:9dfd,4,4,0.00,606.39,0.00,SIN
2a06:98c1:3103:cfb8:7ab2:dd42:fcf:d9bc,4,4,0.00,606.40,0.00,SIN
2803:f800:51:c4:820d:9c18:63e1:50ac,4,4,0.00,606.44,0.00,SIN
2803:f800:51:bd:51aa:9c0c:c522:8ba3,4,4,0.00,606.46,0.00,SIN
2a06:98c1:3103:fc:574a:514f:5f65:aca2,4,4,0.00,606.48,0.00,SIN
2a06:98c1:3102:0:3a:8e42:23c2:5496,4,4,0.00,606.48,0.00,SIN
2a06:98c1:310c:0:3472:34cc:ec2d:c421,4,4,0.00,606.49,0.00,SIN
2803:f800:51:5961:bc:603d:ee9d:3e68,4,4,0.00,606.50,0.00,SIN
2a06:98c1:310d:9eb:e789:63e2:fa20:43b1,4,4,0.00,606.51,0.00,SIN
2803:f800:51:a8:6d9b:d43f:c33d:4c32,4,4,0.00,606.52,0.00,SIN
2803:f800:50:57d1:2d9e:b531:80d9:a72c,4,4,0.00,606.52,0.00,SIN
2803:f800:51:5943:75b4:f5e9:de00:2ba7,4,4,0.00,606.55,0.00,SIN
2a06:98c1:51:d161:f685:589f:349e:21b,4,4,0.00,606.56,0.00,SIN
2a06:98c1:3106:48:d49e:b446:bda7:687,4,4,0.00,606.57,0.00,SIN
2a06:98c1:51:7c:a3cf:6089:2a15:743e,4,4,0.00,606.57,0.00,SIN
2a06:98c1:3105:92dd:39b4:fcd4:14c8:6303,4,4,0.00,606.60,0.00,SIN
2a06:98c1:3104:ac2b:a1aa:7847:5485:f856,4,4,0.00,606.62,0.00,SIN
2803:f800:51:bd:5100:eee4:6005:e15,4,4,0.00,606.63,0.00,SIN
2a06:98c1:310d::78a2:eee5,4,4,0.00,606.63,0.00,SIN
2a06:98c1:50:b10f:2768:3191:d7da:8ba2,4,4,0.00,606.63,0.00,SIN
2a06:98c1:310e:7:f00:661c:75f7:4814,4,4,0.00,606.63,0.00,SIN
2a06:98c1:310e:7:f00:6678:860b:c340,4,4,0.00,606.64,0.00,SIN
2a06:98c1:3104:0:2:bcd7:2c5f:fba5,4,4,0.00,606.65,0.00,SIN
2a06:98c1:310f:0:ab:2955:5f4a:2eab,4,4,0.00,606.66,0.00,SIN
2a06:98c1:3106:c2c8:cde:6d96:dfd7:6b74,4,4,0.00,606.69,0.00,SIN
2a06:98c1:3102:e6:2218:7a37:dfc:ed85,4,4,0.00,606.72,0.00,SIN
2a06:98c1:310e::de4b:e138:540c,4,4,0.00,606.73,0.00,SIN
2a06:98c1:310a::9cd1:f180:4a29,4,4,0.00,606.75,0.00,SIN
2a06:98c1:310d:923:3ea5:b7d6:b27e:ed5a,4,4,0.00,606.75,0.00,SIN
2803:f800:51:367e:a11c:8f9f:ee6c:b331,4,4,0.00,606.79,0.00,SIN
2a06:98c1:310d:9eb:e789:63a7:a64a:e17,4,4,0.00,606.80,0.00,SIN
2a06:98c1:3102:69:1cf3:d6ee:f547:84b8,4,4,0.00,606.81,0.00,SIN
2a06:98c1:310e:7c3f:4810:ce10:846d:38e1,4,4,0.00,606.83,0.00,SIN
2a06:98c1:310d:a8:a6b8:c0d4:b297:289a,4,4,0.00,606.84,0.00,SIN
2a06:98c1:3100::b656:1be:886d,4,4,0.00,606.85,0.00,SIN
2803:f800:51:5943:75b4:f593:6935:88c7,4,4,0.00,606.88,0.00,SIN
2a06:98c1:310d:5:5b91:be61:f1fe:964b,4,4,0.00,606.89,0.00,SIN
2a06:98c1:310e::139b:b6c6,4,4,0.00,606.90,0.00,SIN
2a06:98c1:3105:7f:10f9:3f5:acf6:fb1b,4,4,0.00,606.91,0.00,SIN
2a06:98c1:310d:7acf:1e48:4b2d:8446:ed80,4,4,0.00,606.93,0.00,SIN
2803:f800:51:59ed:e0b4:d5f8:2df6:6b18,4,4,0.00,606.95,0.00,SIN
2a06:98c1:310c:0:a4a7:c96b:b185:967c,4,4,0.00,606.97,0.00,SIN
2a06:98c1:310a:0:d3b0:7f9a:a5ed:e9d7,4,4,0.00,606.97,0.00,SIN
2a06:98c1:310f:1c:2106:4856:fefc:6ac4,4,4,0.00,606.98,0.00,SIN
2a06:98c1:3102:69:46a2:979c:f634:2c32,4,4,0.00,606.98,0.00,SIN
2a06:98c1:310d:5:5beb:ae6a:87b1:216,4,4,0.00,606.99,0.00,SIN
2a06:98c1:310f:e0:bf1a:615f:706:590d,4,4,0.00,607.06,0.00,SIN
2a06:98c1:3104:0:9ec2:34fe:85de:1eb1,4,4,0.00,607.07,0.00,SIN
2a06:98c1:51:517a:67f5:6727:bd09:1237,4,4,0.00,607.10,0.00,SIN
2a06:98c1:50:3d:5a6f:8cf4:39f7:fa9b,4,4,0.00,607.11,0.00,SIN
2a06:98c1:51:0:25:69c0:eb10:c95e,4,4,0.00,607.15,0.00,SIN
2a06:98c1:310c:904c:df5a:1b21:41e3:d48c,4,4,0.00,607.16,0.00,SIN
2a06:98c1:3102:e6:c2d5:6c24:ac40:55a9,4,4,0.00,607.18,0.00,SIN
2a06:98c1:3109:0:f8:1d07:5568:6769,4,4,0.00,607.22,0.00,SIN
2a06:98c1:51:517a:67fc:d4dc:3bec:6612,4,4,0.00,607.24,0.00,SIN
2a06:98c1:310c:904c:df5a:a7d9:941e:4975,4,4,0.00,607.25,0.00,SIN
2a06:98c1:310d:a8:c6:673a:b2e8:fc07,4,4,0.00,607.31,0.00,SIN
2a06:98c1:3109:0:74a8:999d:b51:1e34,4,4,0.00,607.33,0.00,SIN
2a06:98c1:310e:0:d61d:f471:1144:a3f6,4,4,0.00,607.34,0.00,SIN
2a06:98c1:3100:245c:b01:e31b:130:971b,4,4,0.00,607.34,0.00,SIN
2a06:98c1:310f:58bd:ab09:2abc:590b:2e39,4,4,0.00,607.37,0.00,SIN
2803:f800:51:0:de7f:e381:5daa:f674,4,4,0.00,607.37,0.00,SIN
2a06:98c1:3107:e213:9fb3:2c9b:637a:8084,4,4,0.00,607.38,0.00,SIN
2a06:98c1:3101:b508:f93e:e702:6c7e:b3ba,4,4,0.00,607.39,0.00,SIN
2a06:98c1:310e:7c29:9545:f7fb:fca0:7886,4,4,0.00,607.40,0.00,SIN
2a06:98c1:310a:1f5e:2ed4:64a0:2e01:920a,4,4,0.00,607.40,0.00,SIN
2a06:98c1:310d:923:3ea5:a042:7d5c:65d5,4,4,0.00,607.41,0.00,SIN
2803:f800:50:0:9f5c:ae2c:4f27:7b7,4,4,0.00,607.42,0.00,SIN
2a06:98c1:310c:90c1:80f4:fd65:2c7b:ad00,4,4,0.00,607.43,0.00,SIN
2a06:98c1:310d:9eb:e789:6300:b717:acec,4,4,0.00,607.43,0.00,SIN
2a06:98c1:51:d161:12b0:5814:2432:fc2,4,4,0.00,607.45,0.00,SIN
2a06:98c1:3102:0:d79a:c802:ddf6:84e6,4,4,0.00,607.46,0.00,SIN
2a06:98c1:310f:e0:a90:c54d:4e15:9070,4,4,0.00,607.47,0.00,SIN
2a06:98c1:3108:cb:8d85:76c6:801d:b3d6,4,4,0.00,607.50,0.00,SIN
2400:cb00:2049:421c:891d:4bf8:cab:700a,4,4,0.00,607.53,0.00,SIN
2a06:98c1:310b:ffe6:5bf2:e87d:7ab7:dd95,4,4,0.00,607.54,0.00,SIN
2a06:98c1:310d:7acf:9e63:cdfe:866a:6696,4,4,0.00,607.55,0.00,SIN
2a06:98c1:310a:4e:c0a1:5084:a4fc:64d9,4,4,0.00,607.57,0.00,SIN
2a06:98c1:310e:7c29:9545:f7fb:fcb0:5cde,4,4,0.00,607.58,0.00,SIN
2a06:98c1:310e:7cd0:3855:9148:d1b9:2b95,4,4,0.00,607.61,0.00,SIN
2a06:98c1:3106:48:aeec:ae37:63d9:9e37,4,4,0.00,607.65,0.00,SIN
2a06:98c1:3105:6:49ba:3242:21e7:9230,4,4,0.00,607.70,0.00,SIN
2803:f800:51:5943:75b4:7db7:f46c:16b1,4,4,0.00,607.71,0.00,SIN
2a06:98c1:310d:9eb:e789:6300:f719:1f60,4,4,0.00,607.73,0.00,SIN
2a06:98c1:310e:7c29:958d:577b:ac38:a096,4,4,0.00,607.75,0.00,SIN
2a06:98c1:310e:7:f00:71f7:1e9c:dc5b,4,4,0.00,607.77,0.00,SIN
2a06:98c1:3102:69:46e2:1b56:411e:a12e,4,4,0.00,607.78,0.00,SIN
2a06:98c1:3101:b5b3:962f:156f:944a:3b86,4,4,0.00,607.80,0.00,SIN
2a06:98c1:310d:5:5b91:be61:2714:8483,4,4,0.00,607.80,0.00,SIN
2a06:98c1:310d:9eb:b43b:6d25:6575:b644,4,4,0.00,607.80,0.00,SIN
2a06:98c1:310d:0:c8bc:f609:e4ce:c7a1,4,4,0.00,607.81,0.00,SIN
2a06:98c1:3100:0:5418:103e:670b:2a48,4,4,0.00,607.83,0.00,SIN
2a06:98c1:310e:7c29:90cb:f35e:c0c0:a243,4,4,0.00,607.84,0.00,SIN
2a06:98c1:51:0:d5aa:db36:bff0:1d86,4,4,0.00,607.86,0.00,SIN
2a06:98c1:3100:0:cb48:15a2:a505:9409,4,4,0.00,607.87,0.00,SIN
2a06:98c1:3104:0:2:3ef7:c587:81a2,4,4,0.00,607.88,0.00,SIN
2a06:98c1:310e:7c29:958d:d914:8c8f:9430,4,4,0.00,607.90,0.00,SIN
2803:f800:51:361b:3a43:5677:c4d1:905b,4,4,0.00,607.91,0.00,SIN
2803:f800:51:361b:3a43:7f3a:95ba:10c7,4,4,0.00,607.92,0.00,SIN
2a06:98c1:3108:f1:e655:118d:77b5:dc9a,4,4,0.00,607.94,0.00,SIN
2a06:98c1:3109:30:4724:e7e2:b61a:e1d4,4,4,0.00,607.94,0.00,SIN
2a06:98c1:3105:922e:597f:c6cd:ab8d:14df,4,4,0.00,607.97,0.00,SIN
2a06:98c1:3107:0:8464:e7e4:7e15:3779,4,4,0.00,608.00,0.00,SIN
2a06:98c1:3104:0:9ec2:7b11:16e8:81e4,4,4,0.00,608.01,0.00,SIN
2a06:98c1:310d:a8:11:281a:2556:6a1c,4,4,0.00,608.02,0.00,SIN
2a06:98c1:310a:0:d3b0:5899:d71d:248f,4,4,0.00,608.03,0.00,SIN
2a06:98c1:310e:0:d61d:f4cb:f887:300f,4,4,0.00,608.03,0.00,SIN
2a06:98c1:3106:48:d463:f434:8714:7c2d,4,4,0.00,608.03,0.00,SIN
2a06:98c1:3102:0:358c:1d2:138c:e423,4,4,0.00,608.08,0.00,SIN
2803:f800:50:85:5915:3301:95e:5db6,4,4,0.00,608.10,0.00,SIN
2a06:98c1:310e:7c29:90f7:977e:39b:eadc,4,4,0.00,608.14,0.00,SIN
2a06:98c1:3105:6:4981:ca6f:29ec:7ba1,4,4,0.00,608.16,0.00,SIN
2a06:98c1:3104:0:f0:9299:393a:3367,4,4,0.00,608.16,0.00,SIN
2a06:98c1:3109:5c62:79c1:e6b8:e945:a10a,4,4,0.00,608.17,0.00,SIN
2a06:98c1:310a:1f5e:2e67:701d:b556:2800,4,4,0.00,608.17,0.00,SIN
2a06:98c1:310d:9eb:e789:63e2:1024:f665,4,4,0.00,608.19,0.00,SIN
2a06:98c1:3105:0:9dd5:11c:2cd4:7699,4,4,0.00,608.20,0.00,SIN
2400:cb00:2049:421c:bbe9:f8b7:8d58:25eb,4,4,0.00,608.20,0.00,SIN
2a06:98c1:310a:1f5e:ae7c:287f:622c:36d6,4,4,0.00,608.20,0.00,SIN
2a06:98c1:310a:4e:c0a1:5061:9fbe:cd78,4,4,0.00,608.21,0.00,SIN
2a06:98c1:3104:0:ced7:d34:1db5:fa5b,4,4,0.00,608.23,0.00,SIN
2a06:98c1:3103:0:dce9:6245:c584:202c,4,4,0.00,608.24,0.00,SIN
2a06:98c1:310f:1c:2106:55bc:d947:6a08,4,4,0.00,608.25,0.00,SIN
2a06:98c1:310b:80ff:abc7:21b3:5418:cd0e,4,4,0.00,608.25,0.00,SIN
2a06:98c1:310a:4e:69ac:17a0:480d:d7c4,4,4,0.00,608.30,0.00,SIN
2a06:98c1:3105:6e:2f22:ff08:93fa:c95e,4,4,0.00,608.35,0.00,SIN
2803:f800:51:5943:4409:55d6:34cc:7b1a,4,4,0.00,608.35,0.00,SIN
2a06:98c1:310c:90c1:8051:5140:76e4:4508,4,4,0.00,608.35,0.00,SIN
2a06:98c1:3100:0:547d:5ad9:b6cb:30bc,4,4,0.00,608.36,0.00,SIN
2a06:98c1:310d:0:c8bc:b830:d643:2de5,4,4,0.00,608.36,0.00,SIN
2a06:98c1:3100:0:5418:7ae4:7084:8b0c,4,4,0.00,608.37,0.00,SIN
2a06:98c1:310d:923:3e9d:fc34:bb05:2916,4,4,0.00,608.38,0.00,SIN
2a06:98c1:3105:0:9dd5:11c:2cce:4fe0,4,4,0.00,608.38,0.00,SIN
2803:f800:51:361b:3ac1:1b86:2c7d:bfd7,4,4,0.00,608.39,0.00,SIN
2a06:98c1:3104:ac2b:2377:b14:b505:b7e8,4,4,0.00,608.39,0.00,SIN
2a06:98c1:310b:80ff:abd7:1451:4702:1787,4,4,0.00,608.42,0.00,SIN
2a06:98c1:3103:cfb8:7a89:59e1:7b5a:6fbe,4,4,0.00,608.42,0.00,SIN
2a06:98c1:3109:5cfd:239a:5093:1050:6044,4,4,0.00,608.43,0.00,SIN
2a06:98c1:3105:6e:2f22:ff84:5dc9:7874,4,4,0.00,608.46,0.00,SIN
2a06:98c1:51:e1:e84b:f255:23fe:e3d8,4,4,0.00,608.47,0.00,SIN
2a06:98c1:310b:ffe6:5bf2:e8cb:f06d:35d0,4,4,0.00,608.49,0.00,SIN
2803:f800:51:0:de7f:54f4:d58:85b5,4,4,0.00,608.50,0.00,SIN
2a06:98c1:3102:0:d727:d6a1:c36c:fc84,4,4,0.00,608.50,0.00,SIN
2803:f800:51:5943:901e:9212:8c59:b1c2,4,4,0.00,608.51,0.00,SIN
2a06:98c1:310e:7c3f:48ee:a571:a33b:f878,4,4,0.00,608.54,0.00,SIN
2a06:98c1:3104:0:ced7:d34:5798:a82e,4,4,0.00,608.54,0.00,SIN
2a06:98c1:3103:fc:574a:c407:9fbf:eb7f,4,4,0.00,608.57,0.00,SIN
2a06:98c1:3106:a6:9d0f:5b0b:9396:7775,4,4,0.00,608.58,0.00,SIN
2a06:98c1:310e:7c3f:b5c4:3f0d:29ef:f685,4,4,0.00,608.58,0.00,SIN
2a06:98c1:310f:58bd:ab09:8550:74d:15b0,4,4,0.00,608.60,0.00,SIN
2803:f800:51:a8:6d10:9669:1e28:5b6b,4,4,0.00,608.61,0.00,SIN
2a06:98c1:3105:b2b8:7203:208d:b1a4:bb03,4,4,0.00,608.62,0.00,SIN
2803:f800:51:c4:de54:f2c5:7202:2c5a,4,4,0.00,608.64,0.00,SIN
2a06:98c1:3104:0:ced7:d34:1d07:4238,4,4,0.00,608.65,0.00,SIN
2a06:98c1:3109:0:10:a64b:d16f:eef8,4,4,0.00,608.65,0.00,SIN
2a06:98c1:310e:7cd0:f0b3:2c72:b71c:c6ba,4,4,0.00,608.65,0.00,SIN
2a06:98c1:51:0:25:69c0:1434:b965,4,4,0.00,608.66,0.00,SIN
2a06:98c1:3100:0:cbe5:b683:3709:b8f3,4,4,0.00,608.66,0.00,SIN
2a06:98c1:51:0:d59c:8e0e:afeb:330c,4,4,0.00,608.68,0.00,SIN
2a06:98c1:310a:4e:69ac:596e:b531:1b59,4,4,0.00,608.68,0.00,SIN
2803:f800:51::cece:2548:ece1,4,4,0.00,608.73,0.00,SIN
2a06:98c1:310c:0:d919:c4d8:6a5:f9ab,4,4,0.00,608.74,0.00,SIN
2a06:98c1:310d:0:12:252f:cc39:2845,4,4,0.00,608.74,0.00,SIN
2a06:98c1:51:0:e8:983a:55df:b762,4,4,0.00,608.75,0.00,SIN
2a06:98c1:310f:e0:bf1a:61ec:c9c6:174a,4,4,0.00,608.75,0.00,SIN
2803:f800:51:5943:75a4:f79e:a0d2:57c6,4,4,0.00,608.75,0.00,SIN
2a06:98c1:310c:90c1:80f4:d810:27f6:891f,4,4,0.00,608.76,0.00,SIN
2a06:98c1:310e:0:1db9:3b6b:34c4:833f,4,4,0.00,608.77,0.00,SIN
2a06:98c1:310a:4e:c0a1:83f7:c559:7c9e,4,4,0.00,608.77,0.00,SIN
2a06:98c1:3100:0:5418:103e:677b:98a8,4,4,0.00,608.79,0.00,SIN
2a06:98c1:310e:7:f00:7157:7398:5db6,4,4,0.00,608.82,0.00,SIN
2803:f800:50:57d1:f51a:b6af:39b4:6ccf,4,4,0.00,608.82,0.00,SIN
2a06:98c1:51:0:d5aa:db36:bfa6:e4d9,4,4,0.00,608.86,0.00,SIN
2a06:98c1:310d:a8:c6:7306:50f7:6a7e,4,4,0.00,608.86,0.00,SIN
2a06:98c1:310e:7c6e:56d8:bc57:1008:61ec,4,4,0.00,608.87,0.00,SIN
2a06:98c1:310e::de11:278a:31c4,4,4,0.00,608.90,0.00,SIN
2a06:98c1:310d:0:12:c08e:9d1d:185,4,4,0.00,608.91,0.00,SIN
2a06:98c1:3107:6a76:b2d6:896a:42b0:7525,4,4,0.00,608.91,0.00,SIN
2803:f800:51:59ed:2fba:a189:3e44:bab6,4,4,0.00,608.92,0.00,SIN
2a06:98c1:310d:a8:11:31a6:73f:d6c2,4,4,0.00,608.94,0.00,SIN
2a06:98c1:310a:0:d3b0:580b:da4b:8894,4,4,0.00,608.99,0.00,SIN
2a06:98c1:310c:90c1:80ad:e83f:7206:589b,4,4,0.00,608.99,0.00,SIN
2803:f800:51:361b:3a9d:f63:6ae1:9031,4,4,0.00,609.03,0.00,SIN
2a06:98c1:310d:9eb:e789:6328:b6ed:e7e2,4,4,0.00,609.03,0.00,SIN
2a06:98c1:310d:a8:11:31f4:afd2:4887,4,4,0.00,609.03,0.00,SIN
2a06:98c1:310e:7cd0:f0b3:2c72:f3f9:c65a,4,4,0.00,609.03,0.00,SIN
2a06:98c1:3102:0:b5:62e4:2c45:1c03,4,4,0.00,609.05,0.00,SIN
2803:f800:51:5961:57:44b7:3d41:8689,4,4,0.00,609.05,0.00,SIN
2a06:98c1:3108:cb:8d85:7b4f:5470:e26e,4,4,0.00,609.05,0.00,SIN
2a06:98c1:3105:92dd:a8a2:73e3:1539:c06e,4,4,0.00,609.05,0.00,SIN
2a06:98c1:50:0:cbd9:e847:e79a:e87,4,4,0.00,609.07,0.00,SIN
2a06:98c1:3105:7f:10f9:3a4:839e:31e8,4,4,0.00,609.16,0.00,SIN
2803:f800:51:5943:75b4:39da:5764:a086,4,4,0.00,609.17,0.00,SIN
2a06:98c1:3109:5c62:79c1:1dad:4acd:8971,4,4,0.00,609.17,0.00,SIN
2803:f800:51:68:d0b2:12a2:77fc:5bf,4,4,0.00,609.18,0.00,SIN
2a06:98c1:3107:6a76:59f3:246a:c88c:dd4f,4,4,0.00,609.19,0.00,SIN
2803:f800:51:5961:bc6:8b:86d5:e0a0,4,4,0.00,609.21,0.00,SIN
2a06:98c1:310d:0:c80f:6a7c:cd91:fcb8,4,4,0.00,609.24,0.00,SIN
2a06:98c1:3103:cfb8:4f94:8f14:f86e:5081,4,4,0.00,609.25,0.00,SIN
2400:cb00:2049:d7:b392:7917:73ec:c85,4,4,0.00,609.25,0.00,SIN
2a06:98c1:3102:0:358c:1d2:9a6d:1a2,4,4,0.00,609.26,0.00,SIN
2a06:98c1:3109:0:f8:b9c4:2e4a:9b61,4,4,0.00,609.34,0.00,SIN
2a06:98c1:310b:ffe6:5b79:f479:9c2e:31ef,4,4,0.00,609.35,0.00,SIN
2a06:98c1:3106:48:ae0c:54ff:8ea5:bcda,4,4,0.00,609.35,0.00,SIN
2a06:98c1:310f:53:7c7c:9c77:4516:5d30,4,4,0.00,609.39,0.00,SIN
2a06:98c1:310d:7acf:9e98:808c:4d70:f9af,4,4,0.00,609.41,0.00,SIN
2a06:98c1:3106::9a20:c5b0:b7b6,4,4,0.00,609.42,0.00,SIN
2803:f800:51:361b:3ac1:1b86:47d5:a3cf,4,4,0.00,609.43,0.00,SIN
2803:f800:51:bd:5104:154b:814:86cc,4,4,0.00,609.43,0.00,SIN
2a06:98c1:310d:0:12:c04a:e855:477d,4,4,0.00,609.44,0.00,SIN
2a06:98c1:3103:fc:9491:ee5b:6eea:88af,4,4,0.00,609.44,0.00,SIN
2a06:98c1:3106:c28d:8ce5:4149:db03:6359,4,4,0.00,609.47,0.00,SIN
2803:f800:51:5943:901e:9242:6fd3:bc8d,4,4,0.00,609.50,0.00,SIN
2a06:98c1:3107:e213:9fb3:2cb1:1994:40e2,4,4,0.00,609.51,0.00,SIN
2a06:98c1:310e:0:cb:9b96:cc59:a1e2,4,4,0.00,609.53,0.00,SIN
2a06:98c1:3105:6:4985:730e:55ea:f5c9,4,4,0.00,609.53,0.00,SIN
2a06:98c1:310d:0:c80f:9aef:9c6b:9874,4,4,0.00,609.53,0.00,SIN
2803:f800:51:bd:5104:154b:3064:35f3,4,4,0.00,609.54,0.00,SIN
2a06:98c1:310d:923:3ea5:8b29:872e:c9db,4,4,0.00,609.56,0.00,SIN
2a06:98c1:3103:fc:574a:c4b3:a4e4:30ef,4,4,0.00,609.60,0.00,SIN
2a06:98c1:310b:80ff:9f38:f110:1287:ea09,4,4,0.00,609.60,0.00,SIN
2a06:98c1:310c:904c:4b35:8a00:6cf8:8f00,4,4,0.00,609.61,0.00,SIN
2a06:98c1:310d:a8:a6b8:c088:ea8a:e596,4,4,0.00,609.62,0.00,SIN
2a06:98c1:3103:cfb8:4f94:8f14:3d32:d9f2,4,4,0.00,609.63,0.00,SIN
2a06:98c1:3102:0:358c:1d2:1566:c2b1,4,4,0.00,609.65,0.00,SIN
2a06:98c1:51:0:d5aa:84ee:bcb8:d09c,4,4,0.00,609.69,0.00,SIN
2a06:98c1:3103:0:dce9:6245:6fa6:1503,4,4,0.00,609.74,0.00,SIN
2803:f800:51:361b:3a9d:f97:1510:95fc,4,4,0.00,609.75,0.00,SIN
2803:f800:51:bd:770c:cee7:6864:e8d4,4,4,0.00,609.75,0.00,SIN
2a06:98c1:3103:fc:9491:1384:94dc:c60c,4,4,0.00,609.76,0.00,SIN
2a06:98c1:310a:0:a2a0:2c7:f01a:e82d,4,4,0.00,609.78,0.00,SIN
2a06:98c1:3102:0:b5:62e4:7416:9e3f,4,4,0.00,609.78,0.00,SIN
2a06:98c1:310c:904c:df72:8f96:53ee:fc2d,4,4,0.00,609.79,0.00,SIN
2a06:98c1:51:d161:12b0:f39d:25b2:4b3a,4,4,0.00,609.79,0.00,SIN
2a06:98c1:310c:90c1:80f4:fd04:c9f:9c61,4,4,0.00,609.80,0.00,SIN
2a06:98c1:3107:d8:5ff8:4c9f:4ab2:4c49,4,4,0.00,609.80,0.00,SIN
2803:f800:51:bd:ac26:c089:4012:802,4,4,0.00,609.82,0.00,SIN
2a06:98c1:3105:6e:2f22:b240:c2ff:7ea7,4,4,0.00,609.82,0.00,SIN
2a06:98c1:3100:9b:a4a0:5c06:de95:6ae8,4,4,0.00,609.83,0.00,SIN
2a06:98c1:3109:5cfd:239a:6254:c5e4:594,4,4,0.00,609.83,0.00,SIN
2a06:98c1:310e:7c29:9001:4e5d:284e:a83e,4,4,0.00,609.84,0.00,SIN
2a06:98c1:3105:6:4985:734f:7861:7113,4,4,0.00,609.84,0.00,SIN
2a06:98c1:50:0:cb0e:45f9:b107:75c5,4,4,0.00,609.87,0.00,SIN
2a06:98c1:3104:29db:2fe4:f5b:fdb5:1cb6,4,4,0.00,609.88,0.00,SIN
2a06:98c1:310b:ffaa:77b3:c772:6600:d595,4,4,0.00,609.90,0.00,SIN
2a06:98c1:310d:923:3ea5:a073:45c6:a2f5,4,4,0.00,609.91,0.00,SIN
2a06:98c1:3104:0:ced7:d8a:448f:51f,4,4,0.00,609.92,0.00,SIN
2a06:98c1:3106:0:16af:840f:afbc:d3ce,4,4,0.00,609.93,0.00,SIN
2a06:98c1:310a:0:c4fc:c637:c7ce:c2c3,4,4,0.00,609.95,0.00,SIN
2a06:98c1:310d:923:3ea5:a88e:e19a:e02e,4,4,0.00,609.97,0.00,SIN
2a06:98c1:3106:0:16af:f070:f11f:71b2,4,4,0.00,609.98,0.00,SIN
2400:cb00:2049:d7:b315:4f1c:32ab:9bbd,4,4,0.00,610.01,0.00,SIN
2a06:98c1:310d:0:12:22f5:bca0:c1d8,4,4,0.00,610.04,0.00,SIN
2a06:98c1:310f:1c:21f1:fb4b:b76e:c21d,4,4,0.00,610.05,0.00,SIN
2a06:98c1:3102:a11b:bf80:81ff:e7dc:acb8,4,4,0.00,610.05,0.00,SIN
2a06:98c1:310d:9eb:7c49:1e04:6c41:8c0d,4,4,0.00,610.05,0.00,SIN
2a06:98c1:3107:e29a:d628:4dbf:79f0:858a,4,4,0.00,610.06,0.00,SIN
2a06:98c1:310b:ffe6:5b79:2ee7:83fd:aea1,4,4,0.00,610.08,0.00,SIN
2a06:98c1:3106:a6:9d0f:5ba7:14a1:d952,4,4,0.00,610.09,0.00,SIN
2a06:98c1:3103:cfb8:7a89:fdb5:87eb:26c2,4,4,0.00,610.11,0.00,SIN
2a06:98c1:3100:245c:b86:b3b7:400:b99f,4,4,0.00,610.12,0.00,SIN
2a06:98c1:3103:fc:9491:42db:9e4f:15fa,4,4,0.00,610.14,0.00,SIN
2a06:98c1:310e:32:2977:64f0:be58:bbd5,4,4,0.00,610.15,0.00,SIN
2803:f800:51:367e:f61a:2a97:623b:fcf6,4,4,0.00,610.16,0.00,SIN
2803:f800:51:367e:4d23:55e4:682:20e2,4,4,0.00,610.18,0.00,SIN
2a06:98c1:3104:0:9ec2:7b90:16bc:5202,4,4,0.00,610.20,0.00,SIN
2a06:98c1:310c:90c1:8051:51f2:b434:8d8f,4,4,0.00,610.21,0.00,SIN
2a06:98c1:310d:7acf:1ef4:d75:741e:73ef,4,4,0.00,610.22,0.00,SIN
2a06:98c1:3108:b085:ce48:49d1:92b6:168f,4,4,0.00,610.25,0.00,SIN
2a06:98c1:3108:b085:ce7f:4b12:33c:a908,4,4,0.00,610.25,0.00,SIN
2803:f800:51:5961:bc:6063:4bae:6e5,4,4,0.00,610.26,0.00,SIN
2a06:98c1:3102:69:1cf3:d66b:8507:6295,4,4,0.00,610.26,0.00,SIN
2a06:98c1:51:d161:12b0:58c4:6e24:4aa0,4,4,0.00,610.27,0.00,SIN
2803:f800:50:5768:3eab:b5ee:843f:dc5,4,4,0.00,610.27,0.00,SIN
2a06:98c1:310a:4e:c0a1:83f7:23df:97d9,4,4,0.00,610.27,0.00,SIN
2a06:98c1:3105:6:49ba:df1a:1c33:ba65,4,4,0.00,610.30,0.00,SIN
2a06:98c1:310c:52:c5cc:20e:cf2d:3451,4,4,0.00,610.32,0.00,SIN
2a06:98c1:3102:0:255e:dc21:d776:b4ec,4,4,0.00,610.33,0.00,SIN
2a06:98c1:310d:a8:11:281a:12c:6722,4,4,0.00,610.33,0.00,SIN
2a06:98c1:3103:fc:57d9:905c:dbea:673,4,4,0.00,610.34,0.00,SIN
2a06:98c1:3105:b3:85df:d8af:346d:141e,4,4,0.00,610.35,0.00,SIN
2a06:98c1:310f:1c:21f1:bee5:eb1c:4c0d,4,4,0.00,610.36,0.00,SIN
2a06:98c1:3101:b508:f93e:e7f3:979f:f5e6,4,4,0.00,610.38,0.00,SIN
2a06:98c1:3102:69:46f0:19bb:a144:7aa5,4,4,0.00,610.41,0.00,SIN
2a06:98c1:3102:69:46f0:d180:5971:d7c4,4,4,0.00,610.45,0.00,SIN
2a06:98c1:51:517a:671d:fe4b:4409:d976,4,4,0.00,610.46,0.00,SIN
2a06:98c1:310c:9063:b271:b70c:be92:5075,4,4,0.00,610.46,0.00,SIN
2803:f800:51:bd:770c:cefd:ce37:6c3b,4,4,0.00,610.50,0.00,SIN
2a06:98c1:310d:a8:a6b8:c04d:98be:a7a2,4,4,0.00,610.52,0.00,SIN
2a06:98c1:3105:92dd:444:ca4e:4cf4:8467,4,4,0.00,610.53,0.00,SIN
2a06:98c1:3103:0:97:6e50:1a1c:b0d6,4,4,0.00,610.56,0.00,SIN
2a06:98c1:3106:48:aed1:5215:4ce4:6e1,4,4,0.00,610.58,0.00,SIN
2a06:98c1:310b:ffaa:77b3:c709:7334:ad2a,4,4,0.00,610.58,0.00,SIN
2a06:98c1:310e:0:d633:e6b6:c78a:e2cd,4,4,0.00,610.59,0.00,SIN
2a06:98c1:50:0:8b:56ae:a98a:19a6,4,4,0.00,610.60,0.00,SIN
2a06:98c1:3105:6:49ba:df1a:ad51:d252,4,4,0.00,610.62,0.00,SIN
2a06:98c1:310d:5:5b5a:c111:814e:3d18,4,4,0.00,610.62,0.00,SIN
2a06:98c1:310e:0:cb:9b03:ab1a:5a35,4,4,0.00,610.63,0.00,SIN
2a06:98c1:3104:ac4b:e552:a08:b854:2f18,4,4,0.00,610.63,0.00,SIN
2a06:98c1:310a:4e:69ac:59db:91f9:1711,4,4,0.00,610.64,0.00,SIN
2a06:98c1:51:0:3e:2be0:ace3:9da9,4,4,0.00,610.64,0.00,SIN
2a06:98c1:3105:92dd:a8a2:7104:1730:923c,4,4,0.00,610.64,0.00,SIN
2803:f800:51:5943:75b4:399a:b45c:b4df,4,4,0.00,610.66,0.00,SIN
2803:f800:51:bd:770c:cee7:c1b5:8e0,4,4,0.00,610.68,0.00,SIN
2a06:98c1:310a:7e:6d50:52fa:2443:f449,4,4,0.00,610.68,0.00,SIN
2a06:98c1:51:0:d59c:8e0e:af09:de70,4,4,0.00,610.69,0.00,SIN
2a06:98c1:3105:922e:f855:d65b:b045:f4cb,4,4,0.00,610.70,0.00,SIN
2a06:98c1:3109:5cfd:239a:c24:7e7e:bf5e,4,4,0.00,610.73,0.00,SIN
2a06:98c1:310e::ba81:76fc,4,4,0.00,610.73,0.00,SIN
2a06:98c1:310d:5:5b91:be61:f13d:6548,4,4,0.00,610.73,0.00,SIN
2a06:98c1:310d:7acf:9e98:19f8:4a6b:5982,4,4,0.00,610.78,0.00,SIN
2803:f800:51:a8:6d22:6b49:428e:e18d,4,4,0.00,610.78,0.00,SIN
2a06:98c1:310a:0:a2a0:b083:feb0:c0ca,4,4,0.00,610.78,0.00,SIN
2a06:98c1:310c:9063:b23e:866c:5112:fa87,4,4,0.00,610.79,0.00,SIN
2a06:98c1:310c:9063:b271:b70c:be74:381a,4,4,0.00,610.81,0.00,SIN
2a06:98c1:310b:ffe6:5bab:af6c:ec57:20c4,4,4,0.00,610.83,0.00,SIN
2a06:98c1:310e:7:f00:7157:731e:a03b,4,4,0.00,610.84,0.00,SIN
2a06:98c1:310b:ffe6:5b79:41d:3a49:621e,4,4,0.00,610.85,0.00,SIN
2a06:98c1:3102:0:358c:cd36:17d9:3332,4,4,0.00,610.85,0.00,SIN
2a06:98c1:310b:ffe6:5bf2:e87d:7aff:bcfd,4,4,0.00,610.89,0.00,SIN
2a06:98c1:3102:0:8d:a8de:96e4:faa6,4,4,0.00,610.89,0.00,SIN
2a06:98c1:310d:0:c8bc:b8c5:53c9:a88d,4,4,0.00,610.91,0.00,SIN
2a06:98c1:310c:0:3472:34cc:8488:2584,4,4,0.00,610.92,0.00,SIN
2a06:98c1:310c:52:c5cc:7195:e630:ddb6,4,4,0.00,611.00,0.00,SIN
2a06:98c1:310f:1c:21f1:fb3b:896d:7c0a,4,4,0.00,611.00,0.00,SIN
2400:cb00:2049:421c:bbe9:4e75:5008:2ca,4,4,0.00,611.03,0.00,SIN
2a06:98c1:310c:90c1:e221:87ce:9f6b:4a16,4,4,0.00,611.04,0.00,SIN
2803:f800:51:bd:774a:75ec:5075:d506,4,4,0.00,611.06,0.00,SIN
2400:cb00:2049:d7:b3f1:e20a:4d79:65ab,4,4,0.00,611.06,0.00,SIN
2803:f800:51:5961:bc:603d:ac3e:b64b,4,4,0.00,611.08,0.00,SIN
2a06:98c1:51:0:e8:de1b:e337:8814,4,4,0.00,611.08,0.00,SIN
2a06:98c1:3104:ac4b:65b0:dd57:ff81:3613,4,4,0.00,611.08,0.00,SIN
2a06:98c1:51:7c:a3f3:809d:deef:8a4d,4,4,0.00,611.08,0.00,SIN
2a06:98c1:3106:48:aeec:8d2a:5615:39d5,4,4,0.00,611.09,0.00,SIN
2803:f800:50:57d1:2d9e:b524:337e:6195,4,4,0.00,611.14,0.00,SIN
2a06:98c1:310f:53:3bf4:9480:92be:165e,4,4,0.00,611.16,0.00,SIN
2a06:98c1:310d:7acf:1e48:4b0c:cf4f:5a13,4,4,0.00,611.16,0.00,SIN
2803:f800:50:57d1:2d9e:b5e7:8c3d:f567,4,4,0.00,611.16,0.00,SIN
2a06:98c1:50:0:cb0e:45f9:b14b:3a0b,4,4,0.00,611.17,0.00,SIN
2400:cb00:2049:d7:b3f1:3b73:78e3:d930,4,4,0.00,611.18,0.00,SIN
2a06:98c1:310b:ffaa:77cd:59b4:d7d7:aab5,4,4,0.00,611.19,0.00,SIN
2a06:98c1:3105:b3:6722:fefd:7fcd:6c6c,4,4,0.00,611.19,0.00,SIN
2a06:98c1:3105:0:a3:d872:b730:b8d9,4,4,0.00,611.20,0.00,SIN
2a06:98c1:3106:48:aed1:5215:4c27:6358,4,4,0.00,611.21,0.00,SIN
2a06:98c1:310d:a8:c6:eb01:3d72:1fa5,4,4,0.00,611.22,0.00,SIN
2a06:98c1:3105:922e:597f:9d1a:3ecc:6b8b,4,4,0.00,611.22,0.00,SIN
2a06:98c1:310d:923:f2d4:cd18:25d6:e07f,4,4,0.00,611.25,0.00,SIN
2a06:98c1:310c:0:d9e0:5280:f06:4364,4,4,0.00,611.26,0.00,SIN
2a06:98c1:310a:1f5e:2ed4:64a0:2e9e:1fdc,4,4,0.00,611.27,0.00,SIN
2a06:98c1:310e:7cd0:86ce:bc33:4dc:925e,4,4,0.00,611.34,0.00,SIN
2a06:98c1:51:517a:67f5:9520:7c1e:9163,4,4,0.00,611.36,0.00,SIN
2400:cb00:2049:0:88f9:e478:f080:312b,4,4,0.00,611.36,0.00,SIN
2a06:98c1:3104:0:ced7:d43:4e6b:c9b,4,4,0.00,611.36,0.00,SIN
2a06:98c1:3107:6a76:b2d6:896a:42d8:2e47,4,4,0.00,611.37,0.00,SIN
2a06:98c1:3100:0:cbe5:b683:1744:f2b8,4,4,0.00,611.38,0.00,SIN
2a06:98c1:3105:4:9a31:8443:79e2:a8cb,4,4,0.00,611.40,0.00,SIN
2400:cb00:2049:0:73:8274:3de0:ab1c,4,4,0.00,611.40,0.00,SIN
2a06:98c1:310e:7cd0:3855:7625:1f0a:b23d,4,4,0.00,611.41,0.00,SIN
2a06:98c1:51:517a:70fa:95a1:26d4:2c1f,4,4,0.00,611.43,0.00,SIN
2a06:98c1:3101:b8:dd71:238:8c89:6c6a,4,4,0.00,611.45,0.00,SIN
2a06:98c1:310d:9eb:b43b:6d25:b251:bd7a,4,4,0.00,611.45,0.00,SIN
2a06:98c1:3103:fc:574a:51b7:8dee:ce77,4,4,0.00,611.46,0.00,SIN
2a06:98c1:51:e1:e84b:217e:e71b:52ce,4,4,0.00,611.47,0.00,SIN
2a06:98c1:310c:0:3472:34cc:8478:569c,4,4,0.00,611.48,0.00,SIN
2803:f800:51:0:ceac:8bcf:7be6:ba0d,4,4,0.00,611.53,0.00,SIN
2a06:98c1:3105:92dd:a8a2:4d69:96e:1d0d,4,4,0.00,611.53,0.00,SIN
2a06:98c1:51:7c:a3a3:af:8459:11a9,4,4,0.00,611.55,0.00,SIN
2a06:98c1:310a:4e:5518:ea95:d46:9b17,4,4,0.00,611.56,0.00,SIN
2803:f800:51:bd:ac26:1b0d:8376:78f,4,4,0.00,611.57,0.00,SIN
2a06:98c1:310b:ffe6:bb4e:d8fc:9fe0:8f36,4,4,0.00,611.59,0.00,SIN
2a06:98c1:3109:0:4693:7ace:99d3:7324,4,4,0.00,611.60,0.00,SIN
2a06:98c1:310b:ffe6:5b79:4ff:2cf6:1c3d,4,4,0.00,611.62,0.00,SIN
2a06:98c1:310d:923:f260:8f47:2972:56d1,4,4,0.00,611.62,0.00,SIN
2a06:98c1:310c:0:a4a7:c96b:60fe:f3c1,4,4,0.00,611.63,0.00,SIN
2a06:98c1:310f:1c:21f1:fb3b:25e3:748c,4,4,0.00,611.63,0.00,SIN
2803:f800:50:5768:3eab:b522:a263:d906,4,4,0.00,611.64,0.00,SIN
2a06:98c1:3108:8d:dbfc:9980:fb3e:9ce8,4,4,0.00,611.64,0.00,SIN
2a06:98c1:3105:7f:ee8c:b206:77f9:5855,4,4,0.00,611.64,0.00,SIN
2803:f800:51:bd:770c:cee7:213d:a41b,4,4,0.00,611.65,0.00,SIN
2a06:98c1:310a:7e:6d50:52fa:f226:cd30,4,4,0.00,611.65,0.00,SIN
2a06:98c1:310d:923:3e9d:fc7b:7dd0:15a0,4,4,0.00,611.66,0.00,SIN
2a06:98c1:3105:6e:2f22:b240:c217:cca2,4,4,0.00,611.67,0.00,SIN
2a06:98c1:3103:cfb8:4f94:8f14:f80f:3407,4,4,0.00,611.67,0.00,SIN
2400:cb00:2049:0:88f9:e4d0:4a69:3ff0,4,4,0.00,611.67,0.00,SIN
2a06:98c1:3102:69:1cf3:d66b:85b4:745a,4,4,0.00,611.69,0.00,SIN
2a06:98c1:3106:0:16af:28ad:e4e5:53be,4,4,0.00,611.70,0.00,SIN
2803:f800:51:a8:6d10:9669:59a1:e637,4,4,0.00,611.71,0.00,SIN
2a06:98c1:310d:7acf:9e4d:d333:c059:ef56,4,4,0.00,611.72,0.00,SIN
2a06:98c1:310c:90c1:8051:c43f:c0ce:62cb,4,4,0.00,611.74,0.00,SIN
2a06:98c1:310c:0:d9e0:5280:9407:2a35,4,4,0.00,611.74,0.00,SIN
2a06:98c1:3109:5c62:79c1:1dad:faa8:ca07,4,4,0.00,611.75,0.00,SIN
2803:f800:51:c4:8284:91ad:3cd6:f3d,4,4,0.00,611.81,0.00,SIN
2803:f800:51:5943:75b4:399a:15a9:1ce3,4,4,0.00,611.83,0.00,SIN
2a06:98c1:3109:5cfd:239a:6254:c57e:5684,4,4,0.00,611.83,0.00,SIN
2a06:98c1:3105:6:4985:875b:6d77:f22f,4,4,0.00,611.83,0.00,SIN
2a06:98c1:3101:3c:c9b1:7178:47f1:c30a,4,4,0.00,611.84,0.00,SIN
2a06:98c1:310e::de4b:36d4:fe38,4,4,0.00,611.84,0.00,SIN
2a06:98c1:50:0:cb29:3109:a828:94bd,4,4,0.00,611.85,0.00,SIN
2a06:98c1:310a:0:a2d8:cfa3:b5ee:c6f6,4,4,0.00,611.86,0.00,SIN
2a06:98c1:3103:fc:9491:42db:9ec7:bd7,4,4,0.00,611.86,0.00,SIN
2a06:98c1:310e:7c3f:b58d:e8d:d492:1ffe,4,4,0.00,611.88,0.00,SIN
2a06:98c1:51:0:e8:de1b:1ca5:9b31,4,4,0.00,611.91,0.00,SIN
2a06:98c1:310e:7c3f:4810:ce10:8405:316,4,4,0.00,611.92,0.00,SIN
2a06:98c1:3105:6e:2f22:ffd1:38ba:4845,4,4,0.00,611.98,0.00,SIN
2a06:98c1:310d:923:f2d4:e80d:e2fe:66b,4,4,0.00,611.98,0.00,SIN
2803:f800:51:361b:3a43:1bb3:10ff:a759,4,4,0.00,611.98,0.00,SIN
2400:cb00:2049:d7:b392:263b:1f2d:519e,4,4,0.00,611.98,0.00,SIN
2a06:98c1:310a:7e:726f:a155:8280:e88d,4,4,0.00,612.00,0.00,SIN
2a06:98c1:310d:0:12:22a1:2693:2631,4,4,0.00,612.01,0.00,SIN
2a06:98c1:51:517a:671d:b1b5:b8c1:5c9a,4,4,0.00,612.03,0.00,SIN
2a06:98c1:3107:e213:9fb3:2cb1:8d75:20f6,4,4,0.00,612.03,0.00,SIN
2803:f800:51:5943:75b4:7d78:cdac:3689,4,4,0.00,612.08,0.00,SIN
2a06:98c1:3107:6a76:b2d6:896a:bb96:cc55,4,4,0.00,612.08,0.00,SIN
2a06:98c1:3100:594:1151:40b5:4a6f:1ff1,4,4,0.00,612.09,0.00,SIN
2a06:98c1:310c:52:c5cc:71aa:f013:8e7a,4,4,0.00,612.10,0.00,SIN
2a06:98c1:310e:7c3f:b58d:b0e7:e8b4:8f54,4,4,0.00,612.11,0.00,SIN
2803:f800:51:c4:de54:f2c5:93f9:7bdd,4,4,0.00,612.13,0.00,SIN
2803:f800:51:367e:4d43:5da4:cb48:8cb1,4,4,0.00,612.14,0.00,SIN
2a06:98c1:310a:4e:c0a1:5084:a402:d1f6,4,4,0.00,612.17,0.00,SIN
2a06:98c1:310f:1c:2106:dcab:84df:c662,4,4,0.00,612.17,0.00,SIN
2a06:98c1:3101:3c:967c:5230:6b4b:4e98,4,4,0.00,612.17,0.00,SIN
2a06:98c1:310d:923:3ea5:8bf1:1ae7:b98e,4,4,0.00,612.20,0.00,SIN
2a06:98c1:310d:5:a36d:ef2c:f617:31ab,4,4,0.00,612.20,0.00,SIN
2a06:98c1:310a:0:c4fc:f800:ffe6:a6b2,4,4,0.00,612.22,0.00,SIN
2a06:98c1:3104:0:ced7:a67a:3051:e170,4,4,0.00,612.23,0.00,SIN
2a06:98c1:310e:7c6e:fefe:a9cc:e9c3:eba4,4,4,0.00,612.26,0.00,SIN
2a06:98c1:3101:b508:81bb:9424:b16f:d5c4,4,4,0.00,612.27,0.00,SIN
2a06:98c1:3105:7f:ee8c:b25d:d546:bc57,4,4,0.00,612.28,0.00,SIN
2a06:98c1:3105:b3:85df:d809:8410:8346,4,4,0.00,612.32,0.00,SIN
2a06:98c1:310e:7c3f:b58d:b017:c64b:4818,4,4,0.00,612.32,0.00,SIN
2a06:98c1:51:7c:7be4:4484:b88f:3f91,4,4,0.00,612.33,0.00,SIN
2a06:98c1:3105:4:779f:a14a:9ec7:b877,4,4,0.00,612.34,0.00,SIN
2a06:98c1:310d:9eb:b4b5:6a43:989a:b12c,4,4,0.00,612.36,0.00,SIN
2a06:98c1:3105:4:9a31:8ee1:9a09:ee59,4,4,0.00,612.37,0.00,SIN
2a06:98c1:3107:9d:624a:89da:bc48:741a,4,4,0.00,612.37,0.00,SIN
2a06:98c1:310f:1c:21f1:bee5:3575:59a7,4,4,0.00,612.41,0.00,SIN
2803:f800:51:68:d0b2:12a2:c755:9049,4,4,0.00,612.45,0.00,SIN
2a06:98c1:3105:0:9d16:cd4b:9106:2e61,4,4,0.00,612.45,0.00,SIN
2803:f800:51:bd:770c:cee7:c143:fa15,4,4,0.00,612.48,0.00,SIN
2803:f800:51::b5e6:959d,4,4,0.00,612.49,0.00,SIN
2a06:98c1:310b:ffe6:5bab:8eb3:be9a:367,4,4,0.00,612.49,0.00,SIN
2803:f800:51:c4:820d:9c40:5a22:1522,4,4,0.00,612.54,0.00,SIN
2a06:98c1:310e::fb16:de19:4249,4,4,0.00,612.56,0.00,SIN
2a06:98c1:310d:923:3ea5:a88e:e125:246c,4,4,0.00,612.56,0.00,SIN
2a06:98c1:3105:0:9dd5:11c:b319:8d37,4,4,0.00,612.57,0.00,SIN
2a06:98c1:310c:0:d919:7eef:bf16:db,4,4,0.00,612.59,0.00,SIN
2a06:98c1:51:0:d5aa:dbd1:e676:f408,4,4,0.00,612.60,0.00,SIN
2a06:98c1:51:0:e8:9885:d4bf:5c6c,4,4,0.00,612.62,0.00,SIN
2a06:98c1:310e:7cd0:3855:7625:178c:edcd,4,4,0.00,612.62,0.00,SIN
2a06:98c1:310b:80ff:abd7:1401:e866:3d33,4,4,0.00,612.63,0.00,SIN
2a06:98c1:310d:0:12:252f:23c9:5c7a,4,4,0.00,612.66,0.00,SIN
2a06:98c1:3102:69:1cf3:cc9a:ad07:66ca,4,4,0.00,612.66,0.00,SIN
2a06:98c1:3105:6:49ba:3260:fb66:7d3b,4,4,0.00,612.66,0.00,SIN
2a06:98c1:3105:4:82e:63bd:1435:9a6,4,4,0.00,612.67,0.00,SIN
2a06:98c1:3101:0:5c3c:8c09:96bd:3ab5,4,4,0.00,612.69,0.00,SIN
2a06:98c1:3106:c2c3:785c:41ee:dfe7:2012,4,4,0.00,612.69,0.00,SIN
2a06:98c1:3109:30:ee54:c9bc:6938:ced2,4,4,0.00,612.70,0.00,SIN
2a06:98c1:3103:cfb8:7a9a:27b4:214b:d196,4,4,0.00,612.70,0.00,SIN
2a06:98c1:310c:0:a437:b758:d420:b318,4,4,0.00,612.70,0.00,SIN
2a06:98c1:3102:0:3a:ab52:f5bf:fd3b,4,4,0.00,612.74,0.00,SIN
2400:cb00:2049:d7:b315:4f1c:3237:7545,4,4,0.00,612.74,0.00,SIN
2a06:98c1:3100:594:11bf:14e7:db21:8ef0,4,4,0.00,612.79,0.00,SIN
2a06:98c1:51:d161:f610:4f67:e21b:5fed,4,4,0.00,612.79,0.00,SIN
2a06:98c1:3102:0:358c:ecb2:dc1e:366,4,4,0.00,612.79,0.00,SIN
2a06:98c1:310a:4e:69ac:59db:91dc:17f7,4,4,0.00,612.79,0.00,SIN
2a06:98c1:3105:7f:ee8c:b2d7:196a:4607,4,4,0.00,612.80,0.00,SIN
2a06:98c1:310d::fd:558f:a5fd,4,4,0.00,612.80,0.00,SIN
2a06:98c1:3109:bf:973b:2797:ff29:7b26,4,4,0.00,612.85,0.00,SIN
2a06:98c1:310f:53:3bf4:9480:7b30:9ceb,4,4,0.00,612.85,0.00,SIN
2a06:98c1:3105:0:9db3:2d4e:87d4:d281,4,4,0.00,612.87,0.00,SIN
2a06:98c1:3104:0:9ec2:7b1c:48b1:9c13,4,4,0.00,612.89,0.00,SIN
2a06:98c1:3100:9b:a47c:7568:f9ff:d64b,4,4,0.00,612.90,0.00,SIN
2a06:98c1:310c:904c:4b51:817c:3eb4:218b,4,4,0.00,612.92,0.00,SIN
2803:f800:51:367e:4d23:9c02:cd2:787f,4,4,0.00,612.93,0.00,SIN
2400:cb00:2049:d7:b315:4f96:b627:3cac,4,4,0.00,612.95,0.00,SIN
2a06:98c1:310e:7c3f:b5c4:3f0d:29ff:5983,4,4,0.00,612.96,0.00,SIN
2803:f800:51:5943:75b4:f5e9:a8f:1a9f,4,4,0.00,612.96,0.00,SIN
2803:f800:50:0:f426:fafe:a823:5db1,4,4,0.00,613.00,0.00,SIN
2a06:98c1:310d:0:c80f:6a7c:cd5e:5b85,4,4,0.00,613.01,0.00,SIN
2a06:98c1:310f:1c:21f1:fb38:3a87:a763,4,4,0.00,613.02,0.00,SIN
2a06:98c1:3108:b085:ce7f:4b49:1217:1550,4,4,0.00,613.04,0.00,SIN
2a06:98c1:3105:b3:6722:fefd:a415:af1c,4,4,0.00,613.05,0.00,SIN
2a06:98c1:310d:923:3ea5:5b03:9787:d244,4,4,0.00,613.05,0.00,SIN
2a06:98c1:310a:0:c4fc:c6c0:ff15:f919,4,4,0.00,613.09,0.00,SIN
2a06:98c1:3103:fc:94c9:155c:f70f:1ff7,4,4,0.00,613.10,0.00,SIN
2803:f800:51:a8:6d22:6b49:ce7c:9712,4,4,0.00,613.10,0.00,SIN
2a06:98c1:310a:0:df:df88:4fa3:90fc,4,4,0.00,613.11,0.00,SIN
2a06:98c1:51:0:d59c:13e7:1eb4:5472,4,4,0.00,613.11,0.00,SIN
2a06:98c1:310c:0:3472:34cc:150b:9e7,4,4,0.00,613.13,0.00,SIN
2a06:98c1:310d:5:5b91:be61:272f:2120,4,4,0.00,613.13,0.00,SIN
2a06:98c1:3105:92dd:a8a2:7153:e959:2f69,4,4,0.00,613.13,0.00,SIN
2a06:98c1:51:7c:7b80:bc93:25be:c143,4,4,0.00,613.14,0.00,SIN
2a06:98c1:310e:7cd0:3855:2e17:71e1:26e1,4,4,0.00,613.17,0.00,SIN
2a06:98c1:310c:9063:68f6:8e3a:d93e:d06,4,4,0.00,613.21,0.00,SIN
2400:cb00:2049:0:88f9:74f:9785:2828,4,4,0.00,613.21,0.00,SIN
2803:f800:51:361b:3ac1:8880:66fe:efd3,4,4,0.00,613.22,0.00,SIN
2803:f800:50:57d1:f51a:5447:6b24:941f,4,4,0.00,613.24,0.00,SIN
2a06:98c1:3102:69:1cf3:d66b:544b:aaca,4,4,0.00,613.25,0.00,SIN
2a06:98c1:3105:0:9d16:cd68:6108:5501,4,4,0.00,613.27,0.00,SIN
2a06:98c1:310e:7c29:90f7:977e:30d:ee62,4,4,0.00,613.27,0.00,SIN
2803:f800:51:5943:75b4:7db7:2a8a:8da2,4,4,0.00,613.28,0.00,SIN
2a06:98c1:3101::fe6b:6cfb:3970,4,4,0.00,613.29,0.00,SIN
2a06:98c1:3102:69:1cf3:d6ee:8f49:40a5,4,4,0.00,613.30,0.00,SIN
2a06:98c1:310d::fd:b712:64d7,4,4,0.00,613.30,0.00,SIN
2a06:98c1:3104:0:ce5a:5d85:8806:4764,4,4,0.00,613.30,0.00,SIN
2a06:98c1:3102:0:b5:ed17:e7ef:add6,4,4,0.00,613.33,0.00,SIN
2a06:98c1:3102:69:1ca3:6eda:f752:d45f,4,4,0.00,613.33,0.00,SIN
2a06:98c1:3107:e29a:522e:fa99:6188:1973,4,4,0.00,613.35,0.00,SIN
2a06:98c1:3103:fc:9491:eee3:24b3:5423,4,4,0.00,613.35,0.00,SIN
2400:cb00:2049:fa3:8ca8:6c73:61ed:1e2b,4,4,0.00,613.36,0.00,SIN
2a06:98c1:310e:7c3f:4810:ce10:fa92:48d4,4,4,0.00,613.37,0.00,SIN
2a06:98c1:3106:c2c8:cde:b437:99a0:6d08,4,4,0.00,613.39,0.00,SIN
2a06:98c1:3104:de:8639:b38d:7fa6:ec23,4,4,0.00,613.39,0.00,SIN
2a06:98c1:310a:4e:c0a1:5061:7e6c:fcd3,4,4,0.00,613.39,0.00,SIN
2a06:98c1:310f:0:4e8d:67eb:93af:509,4,4,0.00,613.42,0.00,SIN
2a06:98c1:3103:0:dce9:201e:c86b:64e5,4,4,0.00,613.43,0.00,SIN
2803:f800:51:0:ceac:8bcf:7b1d:b05a,4,4,0.00,613.46,0.00,SIN
2a06:98c1:3105:7f:ee8c:b206:c90:71ed,4,4,0.00,613.47,0.00,SIN
2a06:98c1:51:0:d5b1:b3c4:9337:7e9a,4,4,0.00,613.47,0.00,SIN
2a06:98c1:3102:0:b5:ed17:2f62:c3fc,4,4,0.00,613.48,0.00,SIN
2803:f800:51:5961:b4f:4bd7:4ab9:3cde,4,4,0.00,613.50,0.00,SIN
2a06:98c1:310e:7c3f:48ee:d0b5:fff9:4aab,4,4,0.00,613.51,0.00,SIN
2a06:98c1:310a:0:a2d8:8ab9:c340:dc2e,4,4,0.00,613.52,0.00,SIN
2a06:98c1:3100:0:547d:fea9:913d:a3e0,4,4,0.00,613.53,0.00,SIN
2803:f800:50:57d1:2d9e:b524:33a0:7c62,4,4,0.00,613.55,0.00,SIN
2a06:98c1:3103:cfb8:7a89:59e1:c33f:620f,4,4,0.00,613.56,0.00,SIN
2a06:98c1:50:b10f:279c:893e:60e2:1e5e,4,4,0.00,613.56,0.00,SIN
2a06:98c1:310e:7cd0:862f:e059:f727:4f5e,4,4,0.00,613.58,0.00,SIN
2a06:98c1:3105:6e:2f7c:5e4c:e681:323d,4,4,0.00,613.58,0.00,SIN
2a06:98c1:3102:0:358c:cd5c:a4ae:46e8,4,4,0.00,613.59,0.00,SIN
2a06:98c1:3105:6:49ba:3242:8395:dbbb,4,4,0.00,613.59,0.00,SIN
2a06:98c1:3105:b2b8:7203:fbfa:7c6f:ce,4,4,0.00,613.61,0.00,SIN
2a06:98c1:310d:923:3ea5:a0cd:f577:929f,4,4,0.00,613.62,0.00,SIN
2a06:98c1:51:0:d5aa:8493:103d:bc1c,4,4,0.00,613.63,0.00,SIN
2a06:98c1:310a:7e:6d50:52fa:f2d5:e58f,4,4,0.00,613.63,0.00,SIN
2a06:98c1:3109:0:4693:7abd:5f1e:373d,4,4,0.00,613.66,0.00,SIN
2400:cb00:2049:0:88f9:e4c6:4127:b933,4,4,0.00,613.70,0.00,SIN
2a06:98c1:310c:9063:b23e:9eec:ce2b:e830,4,4,0.00,613.72,0.00,SIN
2a06:98c1:3103:0:97:a62f:de1b:8069,4,4,0.00,613.72,0.00,SIN
2a06:98c1:310e:7c6e:56d8:bc57:cd14:de8b,4,4,0.00,613.72,0.00,SIN
2a06:98c1:3109:bf:9701:8736:3d3e:5459,4,4,0.00,613.74,0.00,SIN
2803:f800:51:5943:77b0:79b8:6193:e9f8,4,4,0.00,613.76,0.00,SIN
2a06:98c1:3108:0:fceb:4360:1918:9682,4,4,0.00,613.77,0.00,SIN
2803:f800:51:5943:75a4:234b:f788:9da0,4,4,0.00,613.78,0.00,SIN
2a06:98c1:3108:b085:ce48:49d1:4dda:6c82,4,4,0.00,613.80,0.00,SIN
2a06:98c1:51:7c:a3a3:8:49c5:5559,4,4,0.00,613.82,0.00,SIN
2400:cb00:2049:d7:b392:47ee:3879:914c,4,4,0.00,613.83,0.00,SIN
2a06:98c1:3101:3c:967c:3c80:c447:6b2a,4,4,0.00,613.84,0.00,SIN
2a06:98c1:310c:0:d9e0:c4b3:25a0:8ac7,4,4,0.00,613.84,0.00,SIN
2a06:98c1:3106:48:aeec:3e:5408:91b8,4,4,0.00,613.84,0.00,SIN
2a06:98c1:3108:b085:ce48:815a:f2ba:65f0,4,4,0.00,613.85,0.00,SIN
2a06:98c1:310b:ffe6:5b79:4ff:2c62:4049,4,4,0.00,613.87,0.00,SIN
2a06:98c1:3107:6a76:b2d6:13fa:c3d5:9782,4,4,0.00,613.88,0.00,SIN
2a06:98c1:310d::ed95,4,4,0.00,613.95,0.00,SIN
2a06:98c1:310e::bad0:11ad,4,4,0.00,613.96,0.00,SIN
2a06:98c1:310b:ffe6:5bf2:697f:300f:518a,4,4,0.00,613.98,0.00,SIN
2a06:98c1:3105:6:4981:3ba4:aed1:2976,4,4,0.00,614.00,0.00,SIN
2a06:98c1:3106:48:ae0c:5412:49b:adad,4,4,0.00,614.02,0.00,SIN
2803:f800:51:361b:3a43:f29c:f0e3:afa1,4,4,0.00,614.03,0.00,SIN
2a06:98c1:310e:7cd0:3855:9148:d125:4b63,4,4,0.00,614.06,0.00,SIN
2803:f800:51:367e:a1e2:929:f2bc:99d6,4,4,0.00,614.06,0.00,SIN
2a06:98c1:310a:4e:69ac:17aa:2dc1:faf7,4,4,0.00,614.07,0.00,SIN
2a06:98c1:3106:48:aeec:8dc5:681f:b44a,4,4,0.00,614.07,0.00,SIN
2803:f800:51:bd:770c:8cf4:aea0:639b,4,4,0.00,614.08,0.00,SIN
2a06:98c1:310f:e0:bf1a:61ec:260f:40b,4,4,0.00,614.10,0.00,SIN
2a06:98c1:51:0:d5aa:8493:1022:1515,4,4,0.00,614.12,0.00,SIN
2a06:98c1:3105:4:9a31:8e78:bec8:d75,4,4,0.00,614.14,0.00,SIN
2a06:98c1:310c:0:d919:fedc:3b36:c05e,4,4,0.00,614.15,0.00,SIN
2a06:98c1:310a:0:a2a0:b083:6e3:f026,4,4,0.00,614.15,0.00,SIN
2a06:98c1:3102:a11b:f817:5398:3e07:5976,4,4,0.00,614.16,0.00,SIN
2a06:98c1:310a:4e:c0a1:83f7:715e:4ed8,4,4,0.00,614.18,0.00,SIN
2a06:98c1:3105:6e:2f22:ff08:c2b2:8f74,4,4,0.00,614.18,0.00,SIN
2a06:98c1:51:517a:67fc:61f3:88ee:376b,4,4,0.00,614.20,0.00,SIN
2400:cb00:2049:d7:b315:4f96:b699:c4e,4,4,0.00,614.21,0.00,SIN
2803:f800:51:59ed:e0a2:565d:a6f4:575b,4,4,0.00,614.21,0.00,SIN
2a06:98c1:3103:fc:94c9:c0b9:3c61:9ed4,4,4,0.00,614.22,0.00,SIN
2a06:98c1:3102::22a1:fcd7,4,4,0.00,614.22,0.00,SIN
2a06:98c1:3101:b508:f93e:e7f7:d256:e3d5,4,4,0.00,614.23,0.00,SIN
2a06:98c1:51:7c:7b80:bc93:bb51:e490,4,4,0.00,614.24,0.00,SIN
2a06:98c1:51:0:d59c:5bda:399a:46cc,4,4,0.00,614.30,0.00,SIN
2a06:98c1:310c:90c1:80ad:e83e:d9ad:aec4,4,4,0.00,614.32,0.00,SIN
2a06:98c1:51:0:e8:983a:145c:5b35,4,4,0.00,614.33,0.00,SIN
2a06:98c1:310c:9063:b271:5502:c258:e120,4,4,0.00,614.35,0.00,SIN
2a06:98c1:310e:7cd0:86ce:bc1f:4a76:e78e,4,4,0.00,614.35,0.00,SIN
2a06:98c1:3105:0:9d16:cd68:3a28:19cd,4,4,0.00,614.37,0.00,SIN
2803:f800:51:59ed:e0b4:a3f0:bbdb:6bb2,4,4,0.00,614.38,0.00,SIN
2803:f800:51:361b:3a9d:f97:7954:d8b6,4,4,0.00,614.39,0.00,SIN
2a06:98c1:3101:0:b399:c45d:e417:10f3,4,4,0.00,614.39,0.00,SIN
2a06:98c1:310a:0:c469:cb16:35d5:171a,4,4,0.00,614.40,0.00,SIN
2a06:98c1:310e:32:2977:64f0:4ac1:a645,4,4,0.00,614.44,0.00,SIN
2a06:98c1:3105:b3:784b:630c:d964:6879,4,4,0.00,614.44,0.00,SIN
2a06:98c1:310e:7c29:9545:eee:4dcd:bd05,4,4,0.00,614.46,0.00,SIN
2400:cb00:2049:421c:bbe9:4e75:5094:a11c,4,4,0.00,614.47,0.00,SIN
2a06:98c1:3101:3c:967c:8ba8:6655:e5d7,4,4,0.00,614.47,0.00,SIN
2a06:98c1:310d:5:a36d:554d:9251:9eda,4,4,0.00,614.47,0.00,SIN
2a06:98c1:310c:9063:b23e:9eec:ce2b:e195,4,4,0.00,614.48,0.00,SIN
2a06:98c1:310c:0:d9e0:5280:94a6:331d,4,4,0.00,614.49,0.00,SIN
2a06:98c1:3105:92dd:a8a2:73e3:156a:7533,4,4,0.00,614.50,0.00,SIN
2a06:98c1:3108:f1:314b:c000:a268:68d2,4,4,0.00,614.51,0.00,SIN
2803:f800:51:367e:f61a:2a97:357f:49e3,4,4,0.00,614.53,0.00,SIN
2a06:98c1:310b:ffaa:77b3:c7b7:5428:4b7a,4,4,0.00,614.53,0.00,SIN
2803:f800:51:5961:7e:e46c:fd87:79fb,4,4,0.00,614.54,0.00,SIN
2a06:98c1:3105:b3:6722:cbe0:d749:fa6e,4,4,0.00,614.54,0.00,SIN
2a06:98c1:310a:7e:726f:f5d5:da8f:fcfa,4,4,0.00,614.57,0.00,SIN
2a06:98c1:310e:7c3f:b5c4:f46c:2373:af50,4,4,0.00,614.58,0.00,SIN
2a06:98c1:310f:0:2a:8a33:9f0c:d5ab,4,4,0.00,614.60,0.00,SIN
2a06:98c1:310a:1f5e:2ed4:64f5:b655:1f0b,4,4,0.00,614.62,0.00,SIN
2a06:98c1:3109:bf:973b:437:a955:26e2,4,4,0.00,614.63,0.00,SIN
2a06:98c1:51:7c:a3cf:60d7:474e:d970,4,4,0.00,614.63,0.00,SIN
2a06:98c1:3102:0:358c:ecb2:4def:9f79,4,4,0.00,614.64,0.00,SIN
2a06:98c1:310e:7c29:958d:d91a:d12d:38ad,4,4,0.00,614.68,0.00,SIN
2a06:98c1:3105:b3:784b:63ba:fd63:2cea,4,4,0.00,614.74,0.00,SIN
2a06:98c1:51:0:d59c:5bda:393a:cfa7,4,4,0.00,614.74,0.00,SIN
2a06:98c1:3103:cfb8:7a9a:27b4:21d7:f984,4,4,0.00,614.74,0.00,SIN
2a06:98c1:310b:80ff:9ff2:fb67:9637:ebc9,4,4,0.00,614.76,0.00,SIN
2a06:98c1:3100:245c:b01:e3c0:c75a:3ced,4,4,0.00,614.76,0.00,SIN
2a06:98c1:51:517a:671d:fe4b:fd8e:4da9,4,4,0.00,614.79,0.00,SIN
2a06:98c1:3107:6a76:b2d6:132f:dd64:19e8,4,4,0.00,614.81,0.00,SIN
2a06:98c1:3109:0:cb3:cbad:d50d:3ffe,4,4,0.00,614.84,0.00,SIN
2a06:98c1:3105:6:4985:73c2:b27a:f03c,4,4,0.00,614.88,0.00,SIN
2a06:98c1:310d:7acf:1ef4:3b44:5f68:6197,4,4,0.00,614.89,0.00,SIN
2a06:98c1:3100:b521:fa38:1e82:2b00:cfad,4,4,0.00,614.91,0.00,SIN
2a06:98c1:3101:0:5c3c:1062:34de:417c,4,4,0.00,614.92,0.00,SIN
2a06:98c1:310a:0:a2d8:cfa3:2c2f:198f,4,4,0.00,614.93,0.00,SIN
2a06:98c1:310d::26dd:1040:ebba,4,4,0.00,614.93,0.00,SIN
2a06:98c1:3105::cf10:be1a:7232,4,4,0.00,614.93,0.00,SIN
2a06:98c1:3108:b085:ce7f:ffe3:c87b:2824,4,4,0.00,614.95,0.00,SIN
2803:f800:50::8ba5:1f53:334b,4,4,0.00,614.96,0.00,SIN
2a06:98c1:3101::d447:7ed9,4,4,0.00,614.96,0.00,SIN
2a06:98c1:310a:0:a2a0:2c7:4d53:a7e4,4,4,0.00,614.96,0.00,SIN
2a06:98c1:310d:7acf:1e48:8ddb:7cf8:9b22,4,4,0.00,614.97,0.00,SIN
2a06:98c1:51:0:3e:94fa:82e2:624b,4,4,0.00,614.99,0.00,SIN
2a06:98c1:3102:69:1cf3:8850:1535:3354,4,4,0.00,614.99,0.00,SIN
2a06:98c1:310d:0:12:22a1:a7f1:4f13,4,4,0.00,615.00,0.00,SIN
2a06:98c1:3103:fc:94c9:c03e:f945:6dbd,4,4,0.00,615.03,0.00,SIN
2a06:98c1:3100:9b:a47c:7568:1e73:34d7,4,4,0.00,615.03,0.00,SIN
2a06:98c1:310d:a8:a6b8:c04d:ebab:ed87,4,4,0.00,615.04,0.00,SIN
2a06:98c1:3101:0:5c3c:6f42:991:b2bc,4,4,0.00,615.04,0.00,SIN
2a06:98c1:3105:4:9a31:8ee1:9a38:3565,4,4,0.00,615.05,0.00,SIN
2a06:98c1:51:0:d59c:13e7:1ede:c88b,4,4,0.00,615.06,0.00,SIN
2a06:98c1:310c:90c1:80ad:e83f:7224:e311,4,4,0.00,615.11,0.00,SIN
2a06:98c1:3105:4:8d3:4f87:d895:591,4,4,0.00,615.12,0.00,SIN
2a06:98c1:310a:0:a2d8:8ab9:a2d2:b55a,4,4,0.00,615.13,0.00,SIN
2803:f800:50:57d1:f51a:6550:5695:695f,4,4,0.00,615.14,0.00,SIN
2a06:98c1:3100:594:11bf:140c:dc43:c493,4,4,0.00,615.16,0.00,SIN
2a06:98c1:3103:cfb8:7a89:5945:3aa:b3f1,4,4,0.00,615.16,0.00,SIN
2400:cb00:2049:0:8826:a762:ebc6:a388,4,4,0.00,615.16,0.00,SIN
2a06:98c1:3105:6e:2f22:b240:100a:3432,4,4,0.00,615.17,0.00,SIN
2a06:98c1:3101:0:5c3c:6ff3:255:d41d,4,4,0.00,615.17,0.00,SIN
2803:f800:50:57d1:f51a:6557:7735:ee4b,4,4,0.00,615.21,0.00,SIN
2a06:98c1:51:7c:a3cf:602e:3021:6a7d,4,4,0.00,615.22,0.00,SIN
2a06:98c1:3100:0:5418:7ab2:a20e:8fae,4,4,0.00,615.24,0.00,SIN
2a06:98c1:3105:6:490b:728b:c30:c945,4,4,0.00,615.26,0.00,SIN
2a06:98c1:3108::7be5:dd4e:aad6,4,4,0.00,615.27,0.00,SIN
2a06:98c1:310e::de7c:4bbc:f38a,4,4,0.00,615.28,0.00,SIN
2a06:98c1:310a:0:c469:cb3f:a1dc:ede8,4,4,0.00,615.29,0.00,SIN
2a06:98c1:3106:48:aed1:3ec9:60a8:f51e,4,4,0.00,615.29,0.00,SIN
2a06:98c1:310b:80ff:abd7:1401:e8bd:c39e,4,4,0.00,615.29,0.00,SIN
2a06:98c1:310c:0:d919:fedc:ef22:814c,4,4,0.00,615.32,0.00,SIN
2a06:98c1:310a:0:5e:2a32:c5ce:63fa,4,4,0.00,615.33,0.00,SIN
2803:f800:51:bd:5104:b2b1:56fb:7d1f,4,4,0.00,615.34,0.00,SIN
2a06:98c1:3101:0:33:90a3:9f39:141,4,4,0.00,615.35,0.00,SIN
2a06:98c1:310b:ee:80c5:8ce1:9643:2373,4,4,0.00,615.35,0.00,SIN
2a06:98c1:310c:904c:4b51:817c:acfb:6927,4,4,0.00,615.36,0.00,SIN
2a06:98c1:51:517a:67fc:d4f2:8f57:5248,4,4,0.00,615.37,0.00,SIN
2400:cb00:2049:421c:891d:4b0c:92a0:91dd,4,4,0.00,615.37,0.00,SIN
2a06:98c1:3106:48:d74:bd32:dc9c:6f42,4,4,0.00,615.38,0.00,SIN
2a06:98c1:310c:52:c5cc:2da:ea3c:5d59,4,4,0.00,615.39,0.00,SIN
2a06:98c1:3109:30:4724:d707:9cd7:9df3,4,4,0.00,615.40,0.00,SIN
2a06:98c1:310c:904c:4b0b:db67:8a24:3f8,4,4,0.00,615.40,0.00,SIN
2a06:98c1:310a::9c63:d3a0:f16c,4,4,0.00,615.40,0.00,SIN
2a06:98c1:3109:bf:9723:d87a:9eb3:33f,4,4,0.00,615.41,0.00,SIN
2a06:98c1:3102:69:1cf3:ccbd:f0d7:1cdb,4,4,0.00,615.42,0.00,SIN
2a06:98c1:310b:ffe6:bb4e:d8c3:95d:d95c,4,4,0.00,615.43,0.00,SIN
2a06:98c1:3106:0:ea:5aa0:e3db:8539,4,4,0.00,615.46,0.00,SIN
2a06:98c1:310a:0:df:2abc:7efe:e77,4,4,0.00,615.48,0.00,SIN
2a06:98c1:310d:5:a36d:ef2c:f28:b4fa,4,4,0.00,615.48,0.00,SIN
2a06:98c1:3105:6:496b:976:8f55:b168,4,4,0.00,615.48,0.00,SIN
2803:f800:51:bd:ac26:1b9c:531b:7610,4,4,0.00,615.49,0.00,SIN
2a06:98c1:3102:0:b5:62e4:2cb8:91f0,4,4,0.00,615.49,0.00,SIN
2a06:98c1:310a:7e:6dca:23a0:9529:a61e,4,4,0.00,615.51,0.00,SIN
2a06:98c1:3105:b3:784b:63ba:3b95:8e8d,4,4,0.00,615.52,0.00,SIN
2a06:98c1:3107:e29a:ec2c:9ae7:a8b7:44ad,4,4,0.00,615.52,0.00,SIN
2a06:98c1:3105:0:9dd5:11c:b3b4:6431,4,4,0.00,615.57,0.00,SIN
2a06:98c1:3101:0:b399:10cd:719f:edc2,4,4,0.00,615.61,0.00,SIN
2803:f800:50:57d1:2d9e:4778:d886:816a,4,4,0.00,615.64,0.00,SIN
2a06:98c1:3101:b8:dddd:8397:781e:a242,4,4,0.00,615.68,0.00,SIN
2a06:98c1:3106:a6:9d71:4d6e:c005:dc00,4,4,0.00,615.69,0.00,SIN
2a06:98c1:51:7c:f163:48f5:9a23:9075,4,4,0.00,615.72,0.00,SIN
2a06:98c1:3105:6:4981:3b76:39fd:e3e5,4,4,0.00,615.72,0.00,SIN
2a06:98c1:3106:a6:9deb:1cfe:ffa0:a9f5,4,4,0.00,615.75,0.00,SIN
2a06:98c1:3102::9c:11da:4504,4,4,0.00,615.79,0.00,SIN
2803:f800:51:36af:a3a:3ff4:dc55:c0f1,4,4,0.00,615.80,0.00,SIN
2803:f800:51:0:de7f:62e2:8a3:1345,4,4,0.00,615.81,0.00,SIN
2a06:98c1:310d::fd:475:add8,4,4,0.00,615.84,0.00,SIN
2a06:98c1:310d:7acf:9e63:cdfe:357b:e04b,4,4,0.00,615.84,0.00,SIN
2803:f800:50::8ba5:1fbb:a264,4,4,0.00,615.85,0.00,SIN
2a06:98c1:310d:7acf:1e48:4b0c:cf0f:fe4c,4,4,0.00,615.86,0.00,SIN
2400:cb00:2049:d7:b3f1:30d:dd01:ecb7,4,4,0.00,615.86,0.00,SIN
2a06:98c1:3105:6:4985:73c2:e364:ccee,4,4,0.00,615.87,0.00,SIN
2803:f800:51:5961:57:9a67:4d5e:d2ce,4,4,0.00,615.89,0.00,SIN
2a06:98c1:3105:6:4981:ca6f:ebf8:c3c1,4,4,0.00,615.91,0.00,SIN
2400:cb00:2049:421c:89ed:9f36:7de:345b,4,4,0.00,615.92,0.00,SIN
2a06:98c1:310a:0:d3b0:4010:dd01:4ef5,4,4,0.00,615.93,0.00,SIN
2a06:98c1:3101:3c:967c:8bb0:fa89:f72d,4,4,0.00,615.95,0.00,SIN
2a06:98c1:310d:7acf:1ef4:f4ae:1e4c:89c,4,4,0.00,615.95,0.00,SIN
2a06:98c1:3103:fc:9491:ee5b:6ea1:918c,4,4,0.00,615.99,0.00,SIN
2a06:98c1:3107:e213:9fca:d554:1434:bdc9,4,4,0.00,616.04,0.00,SIN
2a06:98c1:310a:0:37cd:e52c:b700:c9b,4,4,0.00,616.04,0.00,SIN
2a06:98c1:310c:904c:df5a:a7cf:f005:7353,4,4,0.00,616.04,0.00,SIN
2a06:98c1:3105:b3:6722:cb42:3c33:dd49,4,4,0.00,616.04,0.00,SIN
2a06:98c1:310b:80ff:abc7:21b3:9db0:5dd8,4,4,0.00,616.11,0.00,SIN
2a06:98c1:3106:48:d5d:b48b:e07b:e7ad,4,4,0.00,616.11,0.00,SIN
2a06:98c1:310c:90c1:8051:5140:762b:16a3,4,4,0.00,616.11,0.00,SIN
2a06:98c1:310b:80ff:9f38:f110:eef0:5311,4,4,0.00,616.15,0.00,SIN
2a06:98c1:3106:48:ae0c:86ed:5dd4:d9d,4,4,0.00,616.17,0.00,SIN
2a06:98c1:3109:0:74a8:2add:1fdc:c9b,4,4,0.00,616.18,0.00,SIN
2a06:98c1:3105:6e:2f27:9307:42c3:a135,4,4,0.00,616.19,0.00,SIN
2a06:98c1:310d:7acf:9e4d:d333:c0d0:6ca5,4,4,0.00,616.19,0.00,SIN
2803:f800:51:5943:82ff:5cd5:eb2b:8a9b,4,4,0.00,616.19,0.00,SIN
2a06:98c1:3108:0:fcad:8137:5441:29fe,4,4,0.00,616.21,0.00,SIN
2803:f800:51:5961:dfff:83f4:c7ea:a3a4,4,4,0.00,616.24,0.00,SIN
2a06:98c1:310e:7cd0:f0b3:7d07:ca87:9b8f,4,4,0.00,616.28,0.00,SIN
2a06:98c1:310c:90c1:8051:c43f:7f3d:57a5,4,4,0.00,616.29,0.00,SIN
2803:f800:51:a8:6d9b:d43f:7d58:9e6,4,4,0.00,616.31,0.00,SIN
2a06:98c1:3102:69:1cf3:8850:15e1:6cd8,4,4,0.00,616.33,0.00,SIN
2a06:98c1:310d:7acf:1ef4:3be2:eca2:12cf,4,4,0.00,616.35,0.00,SIN
2a06:98c1:3109:0:9be8:8247:76c4:64ce,4,4,0.00,616.37,0.00,SIN
2a06:98c1:310d:a8:a6b8:c04d:98a5:882c,4,4,0.00,616.38,0.00,SIN
2a06:98c1:310b:80ff:9ff2:fb67:6d8a:2a19,4,4,0.00,616.40,0.00,SIN
2a06:98c1:310b:ffe6:bb4e:8761:2459:b4f6,4,4,0.00,616.41,0.00,SIN
2a06:98c1:310b:8009:1114:d634:ee4b:3e26,4,4,0.00,616.41,0.00,SIN
2a06:98c1:3108:f1:314b:d544:5e17:c466,4,4,0.00,616.41,0.00,SIN
2803:f800:50:0:9f94:cad4:1b37:c613,4,4,0.00,616.43,0.00,SIN
2803:f800:51:0:ceac:8b0f:4958:d347,4,4,0.00,616.43,0.00,SIN
2a06:98c1:310e:7cd0:3855:2e5d:2345:6147,4,4,0.00,616.44,0.00,SIN
2803:f800:51:5943:75b4:7deb:227c:6a63,4,4,0.00,616.45,0.00,SIN
2a06:98c1:310c::fe1f:1f95:2fde,4,4,0.00,616.47,0.00,SIN
2a06:98c1:3105:4:82e:a6fb:9d49:98d6,4,4,0.00,616.47,0.00,SIN
2a06:98c1:3109:0:7475:74d1:e48c:b8b,4,4,0.00,616.48,0.00,SIN
2a06:98c1:310f:53:3b70:c22a:b982:2404,4,4,0.00,616.48,0.00,SIN
2a06:98c1:3105:6:4981:3b14:4a8:1e1d,4,4,0.00,616.51,0.00,SIN
2a06:98c1:3105:7f:1074:4cbe:247e:30b2,4,4,0.00,616.51,0.00,SIN
2a06:98c1:3106:0:16af:f070:3dbf:1721,4,4,0.00,616.52,0.00,SIN
2a06:98c1:3105:6:496b:6b2e:89b:3c83,4,4,0.00,616.56,0.00,SIN
2803:f800:50:5768:3eab:cee8:4ec0:413d,4,4,0.00,616.56,0.00,SIN
2a06:98c1:310a:4e:69ac:17aa:fdd6:92f0,4,4,0.00,616.57,0.00,SIN
2a06:98c1:3106:48:aed1:3e71:e72d:69d6,4,4,0.00,616.58,0.00,SIN
2a06:98c1:310b:80ff:9ff2:b37c:fbe5:45d8,4,4,0.00,616.60,0.00,SIN
2a06:98c1:3106:0:16af:f070:28b8:9da,4,4,0.00,616.60,0.00,SIN
2a06:98c1:3103:fc:94c9:c02b:f2f4:8dd8,4,4,0.00,616.62,0.00,SIN
2a06:98c1:3102:69:46f0:d1ad:2651:a002,4,4,0.00,616.62,0.00,SIN
2a06:98c1:310a::9c63:af82:a5ca,4,4,0.00,616.62,0.00,SIN
2a06:98c1:3106:c2c3:785c:fcd0:d287:66db,4,4,0.00,616.65,0.00,SIN
2803:f800:51::ef51:2c26:d598,4,4,0.00,616.68,0.00,SIN
2a06:98c1:3100:245c:8bee:d716:b6ab:396c,4,4,0.00,616.70,0.00,SIN
2a06:98c1:310a:1f5e:ae7c:de72:b5cd:a67c,4,4,0.00,616.74,0.00,SIN
2a06:98c1:310b:ffe6:bb4e:8761:2495:3124,4,4,0.00,616.75,0.00,SIN
2a06:98c1:310e:7cd0:f0b3:7af6:81e5:35be,4,4,0.00,616.76,0.00,SIN
2803:f800:50:57d1:2d9e:b524:d377:b64c,4,4,0.00,616.77,0.00,SIN
2a06:98c1:310b:8009:1121:c4b4:d49c:603c,4,4,0.00,616.78,0.00,SIN
2a06:98c1:310b:80ff:9f38:f110:eea6:a731,4,4,0.00,616.79,0.00,SIN
2a06:98c1:3108:f1:e612:2105:9ff9:c5a0,4,4,0.00,616.79,0.00,SIN
2a06:98c1:3107:9d:b85b:f81f:f886:6079,4,4,0.00,616.80,0.00,SIN
2803:f800:51:5961:bc6:c00:5a70:afa3,4,4,0.00,616.80,0.00,SIN
2a06:98c1:3100:594:1151:88bf:f7d4:e12d,4,4,0.00,616.80,0.00,SIN
2a06:98c1:3104:0:ced7:d34:1d9c:ac65,4,4,0.00,616.84,0.00,SIN
2a06:98c1:310d:923:3e9d:fc7b:7d02:c45b,4,4,0.00,616.88,0.00,SIN
2a06:98c1:3105:b3:784b:6306:1706:4c9e,4,4,0.00,616.88,0.00,SIN
2a06:98c1:3100:9b:a4a0:5cf1:c92f:7266,4,4,0.00,616.89,0.00,SIN
2a06:98c1:310a:1f5e:2ed4:43dc:88d6:c4b8,4,4,0.00,616.89,0.00,SIN
2a06:98c1:3105:0:9dd5:cb3d:3c7d:6e60,4,4,0.00,616.90,0.00,SIN
2a06:98c1:3102:e6:2218:7a14:2be3:3fc0,4,4,0.00,616.90,0.00,SIN
2a06:98c1:310c:52:c5cc:7195:ef6d:c155,4,4,0.00,616.91,0.00,SIN
2a06:98c1:310a:0:a2a0:2c7:902f:bc25,4,4,0.00,616.96,0.00,SIN
2a06:98c1:3106:0:16af:83ae:334e:4fc9,4,4,0.00,616.96,0.00,SIN
2a06:98c1:3105:4:82e:c8c2:aba2:e209,4,4,0.00,616.97,0.00,SIN
2a06:98c1:51:7c:7be4:4484:ac80:840d,4,4,0.00,616.97,0.00,SIN
2a06:98c1:310a:4e:c0a1:accc:8bc8:d81,4,4,0.00,616.97,0.00,SIN
2a06:98c1:3101:0:b399:c466:442e:ad22,4,4,0.00,616.99,0.00,SIN
2a06:98c1:310a::f414:eb2c,4,4,0.00,617.01,0.00,SIN
2a06:98c1:3103:0:97:6e5a:7117:5cb7,4,4,0.00,617.02,0.00,SIN
2a06:98c1:3102:69:4631:bbc5:cba7:501c,4,4,0.00,617.03,0.00,SIN
2a06:98c1:310b:80ff:abd7:1451:3bac:2c80,4,4,0.00,617.04,0.00,SIN
2803:f800:51:0:de95:9a04:b3c0:63a4,4,4,0.00,617.06,0.00,SIN
2a06:98c1:3105::96:c607:5367,4,4,0.00,617.06,0.00,SIN
2a06:98c1:3106:a6:9deb:bcc6:1d0e:82b3,4,4,0.00,617.08,0.00,SIN
2803:f800:51:5961:bc:60b4:9e0a:c906,4,4,0.00,617.09,0.00,SIN
2a06:98c1:310c:904c:4b35:8a00:6c8e:608f,4,4,0.00,617.09,0.00,SIN
2a06:98c1:3102:0:358c:cde4:1336:a468,4,4,0.00,617.09,0.00,SIN
2803:f800:51:a8:6d9b:d43f:d676:5596,4,4,0.00,617.10,0.00,SIN
2a06:98c1:310b::18:4ada:66ca,4,4,0.00,617.11,0.00,SIN
2a06:98c1:3105:6e:2f22:ff08:9364:658c,4,4,0.00,617.12,0.00,SIN
2a06:98c1:310b:ffaa:77b3:c7b7:9fd1:1cb3,4,4,0.00,617.12,0.00,SIN
2a06:98c1:3103:cfb8:4f94:e212:e1b8:37f,4,4,0.00,617.13,0.00,SIN
2a06:98c1:310c:904c:4b9f:67f6:f767:d22f,4,4,0.00,617.13,0.00,SIN
2a06:98c1:3104:de:8639:b38d:7f97:520,4,4,0.00,617.18,0.00,SIN
2a06:98c1:51:517a:67f5:95f7:2235:d953,4,4,0.00,617.21,0.00,SIN
2a06:98c1:3104:ac4b:e552:acc:ac48:5f49,4,4,0.00,617.23,0.00,SIN
2a06:98c1:3105:4:8d3:c9d6:5a6a:7685,4,4,0.00,617.23,0.00,SIN
2803:f800:51:a8:6d9b:d409:d760:e5bc,4,4,0.00,617.23,0.00,SIN
2a06:98c1:3105:0:9d16:8693:94f3:933,4,4,0.00,617.24,0.00,SIN
2a06:98c1:3103:fc:94c9:c02b:f201:862b,4,4,0.00,617.26,0.00,SIN
2a06:98c1:3100:0:543a:6523:4839:7e90,4,4,0.00,617.26,0.00,SIN
2a06:98c1:3105:4:8d3:4f84:27ec:cc,4,4,0.00,617.27,0.00,SIN
2a06:98c1:3105:6:4985:3356:b061:6141,4,4,0.00,617.27,0.00,SIN
2803:f800:51:5943:82ff:5cd5:ae5:6424,4,4,0.00,617.28,0.00,SIN
2a06:98c1:310a:4e:692c:6fed:4648:fd31,4,4,0.00,617.28,0.00,SIN
2803:f800:51:5943:7527:4bef:e1a7:be2d,4,4,0.00,617.33,0.00,SIN
2a06:98c1:3106:48:d463:530d:aae7:2ff9,4,4,0.00,617.33,0.00,SIN
2a06:98c1:3109:5cfd:239a:5093:dd83:917,4,4,0.00,617.34,0.00,SIN
2a06:98c1:310d:0:12:22a1:8209:3dec,4,4,0.00,617.35,0.00,SIN
2a06:98c1:3109:0:7475:7439:f8d3:442f,4,4,0.00,617.36,0.00,SIN
2803:f800:51:bd:5100:ee8b:c91a:2efe,4,4,0.00,617.36,0.00,SIN
2a06:98c1:310d:7acf:1e48:8d28:bed5:31c0,4,4,0.00,617.36,0.00,SIN
2803:f800:51:bd:7763:f178:84a5:22c0,4,4,0.00,617.38,0.00,SIN
2a06:98c1:3107:e291:a34e:6856:d042:9120,4,4,0.00,617.39,0.00,SIN
2a06:98c1:3101:0:8a01:612f:220b:75c8,4,4,0.00,617.41,0.00,SIN
2a06:98c1:3102:0:d79a:c802:c3e:84b8,4,4,0.00,617.41,0.00,SIN
2a06:98c1:3103:cfb8:7a89:59c3:eb6e:fdf8,4,4,0.00,617.43,0.00,SIN
2a06:98c1:3109:0:9be8:8202:b037:5ca0,4,4,0.00,617.45,0.00,SIN
2a06:98c1:310c::99:5283,4,4,0.00,617.49,0.00,SIN
2a06:98c1:310f:1c:21f1:fb3b:63aa:d5da,4,4,0.00,617.49,0.00,SIN
2a06:98c1:3102:0:8d:f750:5874:ea61,4,4,0.00,617.49,0.00,SIN
2a06:98c1:310e:7cd0:86ce:bc33:d517:6a64,4,4,0.00,617.49,0.00,SIN
2a06:98c1:3103:cfb8:7a89:5945:35b:6a40,4,4,0.00,617.53,0.00,SIN
2a06:98c1:310d:9eb:7c49:1e04:6cf6:a6cf,4,4,0.00,617.55,0.00,SIN
2a06:98c1:3101:b508:f93e:e7f3:9778:fa97,4,4,0.00,617.55,0.00,SIN
2a06:98c1:310f:0:ab:29ff:1a7b:bb9c,4,4,0.00,617.56,0.00,SIN
2a06:98c1:310b:8009:1121:c41a:302b:fa81,4,4,0.00,617.57,0.00,SIN
2a06:98c1:310e:7cd0:3855:9148:d11a:6e02,4,4,0.00,617.57,0.00,SIN
2a06:98c1:310a:4e:5518:ea1b:70d9:1492,4,4,0.00,617.58,0.00,SIN
2a06:98c1:310a:0:a2a0:27b:69be:25bb,4,4,0.00,617.58,0.00,SIN
2803:f800:51:5943:901e:9242:6f16:e0e8,4,4,0.00,617.59,0.00,SIN
2a06:98c1:3100:245c:b01:e3b6:e8ee:b686,4,4,0.00,617.59,0.00,SIN
2a06:98c1:310a:0:d3e4:235f:d18b:62cd,4,4,0.00,617.60,0.00,SIN
2a06:98c1:310f:1c:2106:48c3:f7ce:d48,4,4,0.00,617.62,0.00,SIN
2a06:98c1:3101:b8:601a:52e0:4a8b:d6d4,4,4,0.00,617.62,0.00,SIN
2a06:98c1:3102:69:1ca3:f13b:3ded:c124,4,4,0.00,617.63,0.00,SIN
2a06:98c1:310f::d741:4922,4,4,0.00,617.65,0.00,SIN
2a06:98c1:310c:9063:b271:55bf:1f11:a5f9,4,4,0.00,617.69,0.00,SIN
2a06:98c1:310c:904c:df72:b78c:b14d:dc3d,4,4,0.00,617.70,0.00,SIN
2a06:98c1:3103:0:dce9:62b1:174f:adaf,4,4,0.00,617.72,0.00,SIN
2a06:98c1:3100:b521:fa38:1e82:2b9a:5958,4,4,0.00,617.74,0.00,SIN
2a06:98c1:310b:ffe6:5b79:2ee7:839f:f577,4,4,0.00,617.75,0.00,SIN
2a06:98c1:51:7c:7b80:bc2b:135d:4150,4,4,0.00,617.77,0.00,SIN
2a06:98c1:310c:0:fb:f572:ec91:bcca,4,4,0.00,617.78,0.00,SIN
2a06:98c1:51:0:e8:9885:d436:8026,4,4,0.00,617.78,0.00,SIN
2a06:98c1:51:e1:e8c0:bb55:e07d:9caf,4,4,0.00,617.80,0.00,SIN
2a06:98c1:310f:53:3bc2:a2db:2e32:a559,4,4,0.00,617.80,0.00,SIN
2a06:98c1:3106:48:aeec:a:ffb:8a0b,4,4,0.00,617.84,0.00,SIN
2a06:98c1:3101:3c:967c:5230:b4b2:ad21,4,4,0.00,617.86,0.00,SIN
2a06:98c1:3105:0:9d16:cd68:3a39:547d,4,4,0.00,617.86,0.00,SIN
2803:f800:51:367e:a11c:417a:da0:728f,4,4,0.00,617.88,0.00,SIN
2a06:98c1:3105:4:8d3:4fdc:c566:792f,4,4,0.00,617.90,0.00,SIN
2a06:98c1:3105:6e:2f27:9307:f67e:d6ed,4,4,0.00,617.91,0.00,SIN
2803:f800:51:5961:bc:603d:52a4:a831,4,4,0.00,617.91,0.00,SIN
2a06:98c1:310b:80ff:345e:b6c:1691:343,4,4,0.00,617.92,0.00,SIN
2a06:98c1:3105:6:4981:3ba4:ae7f:7d68,4,4,0.00,617.94,0.00,SIN
2a06:98c1:51:517a:671d:5de2:ed97:6e74,4,4,0.00,617.95,0.00,SIN
2a06:98c1:51:7c:7be4:4484:b88c:1528,4,4,0.00,617.96,0.00,SIN
2803:f800:50:0:9f5c:1713:c90b:abd,4,4,0.00,617.99,0.00,SIN
2a06:98c1:3105:4:8d3:4f84:33d7:52e4,4,4,0.00,618.00,0.00,SIN
2a06:98c1:310f:53:3b70:c22a:b984:7018,4,4,0.00,618.01,0.00,SIN
2a06:98c1:51:0:e8:de1b:abbf:1211,4,4,0.00,618.02,0.00,SIN
2a06:98c1:3107:e213:9fb3:2cc2:222a:8958,4,4,0.00,618.02,0.00,SIN
2803:f800:51:0:ceac:fee:83ac:9644,4,4,0.00,618.02,0.00,SIN
2a06:98c1:3105:b2b8:7203:fbfa:7cb9:cb84,4,4,0.00,618.04,0.00,SIN
2a06:98c1:310e:7cd0:862f:e078:9b53:f982,4,4,0.00,618.04,0.00,SIN
2a06:98c1:3100:0:5418:dd97:b398:c532,4,4,0.00,618.07,0.00,SIN
2a06:98c1:3109:0:9bb5:f4a9:72df:13db,4,4,0.00,618.09,0.00,SIN
2a06:98c1:3107:e291:8270:a0a9:c05a:6669,4,4,0.00,618.09,0.00,SIN
2a06:98c1:3106:0:16af:8326:d4c2:9f97,4,4,0.00,618.10,0.00,SIN
2a06:98c1:3105:6:4985:338c:bfdc:63a1,4,4,0.00,618.10,0.00,SIN
2a06:98c1:3109:0:74a8:2add:1f7e:9da0,4,4,0.00,618.12,0.00,SIN
2a06:98c1:310d:923:f2d4:e80d:e22d:61dc,4,4,0.00,618.12,0.00,SIN
2a06:98c1:310b:ffe6:3435:8453:6669:c973,4,4,0.00,618.13,0.00,SIN
2a06:98c1:310f:0:2a:7b76:8a34:5e19,4,4,0.00,618.13,0.00,SIN
2a06:98c1:310f::a699:19ad:1e14,4,4,0.00,618.13,0.00,SIN
2a06:98c1:3102:e6:2218:622c:a8f0:9531,4,4,0.00,618.14,0.00,SIN
2a06:98c1:3102:a11b:bf79:f75c:8787:100c,4,4,0.00,618.14,0.00,SIN
2a06:98c1:3104:0:ced7:d85:1139:af3b,4,4,0.00,618.16,0.00,SIN
2a06:98c1:310f:1c:2106:4856:fe8e:bd11,4,4,0.00,618.18,0.00,SIN
2a06:98c1:310a:7e:6dca:23d7:ffdf:7ad6,4,4,0.00,618.19,0.00,SIN
2a06:98c1:3106:48:aeec:a:4c93:99a1,4,4,0.00,618.19,0.00,SIN
2a06:98c1:3105:6e:2f22:ffd1:f37d:66c8,4,4,0.00,618.20,0.00,SIN
2803:f800:51:bd:7763:3bdd:54c2:1bae,4,4,0.00,618.20,0.00,SIN
2a06:98c1:310a:1f5e:aee5:3e30:77ff:34e0,4,4,0.00,618.21,0.00,SIN
2400:cb00:2049:0:73:1ee1:6f1a:79e4,4,4,0.00,618.24,0.00,SIN
2a06:98c1:310a:4e:c0a1:83f7:c5d4:79bb,4,4,0.00,618.25,0.00,SIN
2a06:98c1:310c:9063:b23e:9e2f:47ab:a87c,4,4,0.00,618.25,0.00,SIN
2a06:98c1:310b:ffe6:5b79:41d:3ac7:4a31,4,4,0.00,618.26,0.00,SIN
2a06:98c1:310a:1f5e:ae7c:28f7:5159:a262,4,4,0.00,618.26,0.00,SIN
2a06:98c1:3105:b3:784b:630c:9818:1729,4,4,0.00,618.32,0.00,SIN
2a06:98c1:3102:69:1cf3:cc33:d9d1:2e64,4,4,0.00,618.32,0.00,SIN
2a06:98c1:3100:245c:8bee:d716:318b:d931,4,4,0.00,618.33,0.00,SIN
2a06:98c1:3105:92dd:a8a2:ad61:396:f682,4,4,0.00,618.33,0.00,SIN
2803:f800:51:36af:a3a:3ff4:2bdf:d0bf,4,4,0.00,618.33,0.00,SIN
2a06:98c1:3107:e213:9fb3:2c9b:63d7:5293,4,4,0.00,618.34,0.00,SIN
2803:f800:51:367e:533a:a651:5df8:430f,4,4,0.00,618.34,0.00,SIN
2a06:98c1:310c:90c1:8051:5140:1c66:9437,4,4,0.00,618.35,0.00,SIN
2a06:98c1:310e:7cd0:f0b3:7d07:caeb:b0,4,4,0.00,618.38,0.00,SIN
2a06:98c1:3106:0:ea:5ae5:93ea:3146,4,4,0.00,618.39,0.00,SIN
2a06:98c1:3106:0:ea:dc94:4d04:8c66,4,4,0.00,618.42,0.00,SIN
2a06:98c1:310b:ffe6:3435:8453:2a75:e881,4,4,0.00,618.42,0.00,SIN
2a06:98c1:310a:4e:c0a1:8347:3a4f:f156,4,4,0.00,618.44,0.00,SIN
2a06:98c1:3102:0:358c:ecb2:4d63:f0ac,4,4,0.00,618.48,0.00,SIN
2a06:98c1:3102:e6:c2f8:53c7:6f2f:86ab,4,4,0.00,618.48,0.00,SIN
2a06:98c1:310a:1f5e:ae7c:dea3:a875:437e,4,4,0.00,618.49,0.00,SIN
2a06:98c1:310e:7cd0:f0b3:7af6:cee9:7999,4,4,0.00,618.49,0.00,SIN
2a06:98c1:51:517a:67f5:e46:f517:728e,4,4,0.00,618.49,0.00,SIN
2a06:98c1:310d:9eb:7c49:1ecd:da56:1136,4,4,0.00,618.51,0.00,SIN
2a06:98c1:3105:4:82e:667e:ca0d:dc6c,4,4,0.00,618.51,0.00,SIN
2a06:98c1:310b:ffe6:5b79:2ee7:3d66:84eb,4,4,0.00,618.52,0.00,SIN
2a06:98c1:310a:1f5e:ae7c:28f7:5167:e782,4,4,0.00,618.54,0.00,SIN
2a06:98c1:3105:6:490b:d697:e428:7e20,4,4,0.00,618.55,0.00,SIN
2a06:98c1:3100:245c:b6b:69d7:9932:ce98,4,4,0.00,618.55,0.00,SIN
2a06:98c1:3107:e291:390:65d7:1668:4071,4,4,0.00,618.55,0.00,SIN
2a06:98c1:3106:c2c3:785c:fc61:7f52:1c93,4,4,0.00,618.58,0.00,SIN
2a06:98c1:310d:923:3e9d:849e:765c:fba1,4,4,0.00,618.60,0.00,SIN
2a06:98c1:3109:0:7475:7407:a960:acc2,4,4,0.00,618.63,0.00,SIN
2a06:98c1:3100:245c:b01:e3c0:727c:52bc,4,4,0.00,618.64,0.00,SIN
2a06:98c1:310d:923:f2d4:1739:3b64:3da7,4,4,0.00,618.64,0.00,SIN
2a06:98c1:3107:e29a:ec56:1a64:3366:277b,4,4,0.00,618.64,0.00,SIN
2a06:98c1:51:51e9:68bc:7d08:620c:801,4,4,0.00,618.65,0.00,SIN
2803:f800:50:57d1:f51a:b65b:3d05:ca56,4,4,0.00,618.66,0.00,SIN
2a06:98c1:310c:9063:68cf:ca0e:5154:d63c,4,4,0.00,618.67,0.00,SIN
2400:cb00:2049:0:8826:a762:d91c:f678,4,4,0.00,618.68,0.00,SIN
2a06:98c1:310c:9063:6847:6c0f:23d7:26f5,4,4,0.00,618.69,0.00,SIN
2a06:98c1:3102:0:d79a:c802:cd7:e41,4,4,0.00,618.70,0.00,SIN
2a06:98c1:3104:0:9ec2:7b1c:48a4:2104,4,4,0.00,618.71,0.00,SIN
2a06:98c1:51:7c:a3a3:5f30:735a:4213,4,4,0.00,618.72,0.00,SIN
2a06:98c1:3105:b3:6722:fe13:68f0:eac0,4,4,0.00,618.73,0.00,SIN
2a06:98c1:3105:b3:784b:630c:a931:cf3f,4,4,0.00,618.73,0.00,SIN
2a06:98c1:3106:48:aed1:52b2:ea96:ea62,4,4,0.00,618.73,0.00,SIN
2a06:98c1:3107:e29a:ec2c:9a53:bbaa:d98a,4,4,0.00,618.74,0.00,SIN
2a06:98c1:310c:904c:4b9f:6745:f4ff:179,4,4,0.00,618.74,0.00,SIN
2a06:98c1:3108:f1:e655:11f9:edf3:a65b,4,4,0.00,618.74,0.00,SIN
2a06:98c1:51:0:d59c:5b9e:2a79:c2e9,4,4,0.00,618.76,0.00,SIN
2a06:98c1:3107:e291:8270:e739:73cc:b3e0,4,4,0.00,618.77,0.00,SIN
2a06:98c1:3102:69:46e2:1b56:4102:9be4,4,4,0.00,618.77,0.00,SIN
2a06:98c1:3105:7f:10f9:d2bb:6d07:bc65,4,4,0.00,618.79,0.00,SIN
2a06:98c1:3104:29db:2fe4:f5b:6979:7e4d,4,4,0.00,618.79,0.00,SIN
2803:f800:51:361b:3a43:f29c:2c32:1e40,4,4,0.00,618.79,0.00,SIN
2a06:98c1:310c:904c:4b0b:db67:8a91:6e83,4,4,0.00,618.79,0.00,SIN
2a06:98c1:3105:0:9db3:2d4e:871c:30e8,4,4,0.00,618.83,0.00,SIN
2a06:98c1:3102:0:d7e7:d1a0:306a:62f0,4,4,0.00,618.87,0.00,SIN
2a06:98c1:3102:e6:c2f8:53e6:653f:9e74,4,4,0.00,618.88,0.00,SIN
2a06:98c1:3100:594:1151:884e:11c5:69aa,4,4,0.00,618.89,0.00,SIN
2803:f800:51:5943:82ff:5c80:28cb:b67f,4,4,0.00,618.90,0.00,SIN
2a06:98c1:3107:9d:229:e8eb:c8b6:d3db,4,4,0.00,618.90,0.00,SIN
2a06:98c1:3105:6:4981:4773:4da:143b,4,4,0.00,618.90,0.00,SIN
2400:cb00:2049:0:8826:a779:2037:b878,4,4,0.00,618.97,0.00,SIN
2803:f800:51:361b:3ac1:8880:28d:e928,4,4,0.00,618.97,0.00,SIN
2803:f800:50:0:9f5c:aeee:bf5:4ffc,4,4,0.00,618.97,0.00,SIN
2a06:98c1:3102:0:d79a:c802:dd25:6fe0,4,4,0.00,618.98,0.00,SIN
2a06:98c1:3107:e29a:d6c1:b90a:6422:845f,4,4,0.00,618.98,0.00,SIN
2a06:98c1:3108:f1:e655:11f9:5d7c:8ecb,4,4,0.00,618.99,0.00,SIN
2a06:98c1:3103:cfb8:7a89:fd00:f5b7:34da,4,4,0.00,618.99,0.00,SIN
2a06:98c1:3103:cfb8:7ab2:8c68:b00:12e8,4,4,0.00,619.01,0.00,SIN
2a06:98c1:3105:6e:2f22:ff84:5d2b:a1b1,4,4,0.00,619.01,0.00,SIN
2a06:98c1:310d:0:12:252f:afdb:e719,4,4,0.00,619.02,0.00,SIN
2803:f800:50:57d1:f51a:54dd:c803:1ede,4,4,0.00,619.02,0.00,SIN
2a06:98c1:3105:6e:2f22:ff84:5d17:f290,4,4,0.00,619.02,0.00,SIN
2a06:98c1:310d:7acf:1e48:8ddb:7c8e:4275,4,4,0.00,619.02,0.00,SIN
2a06:98c1:3105:6:490b:d69e:8714:dcea,4,4,0.00,619.03,0.00,SIN
2a06:98c1:3102:0:d7e7:d1a0:70b4:503b,4,4,0.00,619.07,0.00,SIN
2803:f800:50:0:80:8132:b8ac:9174,4,4,0.00,619.08,0.00,SIN
2a06:98c1:3106:48:aeec:ae37:fbd1:1aa2,4,4,0.00,619.09,0.00,SIN
2a06:98c1:310f:0:2a:8aca:6ed:cfe,4,4,0.00,619.09,0.00,SIN
2a06:98c1:310c:52:c5cc:20e:cff4:891,4,4,0.00,619.10,0.00,SIN
2803:f800:51:5961:57:9a67:4d22:75f0,4,4,0.00,619.10,0.00,SIN
2a06:98c1:310b::c0a6:f877:259b,4,4,0.00,619.10,0.00,SIN
2400:cb00:2049::ec14:5e38:7834,4,4,0.00,619.11,0.00,SIN
2a06:98c1:310a:4e:69ac:59db:9114:d6c9,4,4,0.00,619.13,0.00,SIN
2803:f800:51:5961:bc:60b4:dcd1:840c,4,4,0.00,619.16,0.00,SIN
2803:f800:51:36af:a3a:3f94:96cd:ede5,4,4,0.00,619.17,0.00,SIN
2a06:98c1:310a:0:a2d8:cf14:5168:f240,4,4,0.00,619.17,0.00,SIN
2803:f800:51::ef51:2cc1:8a92,4,4,0.00,619.17,0.00,SIN
2a06:98c1:3109:0:9be8:82af:7ff0:91af,4,4,0.00,619.18,0.00,SIN
2a06:98c1:310b:ffe6:5b79:41d:a1d:55fe,4,4,0.00,619.18,0.00,SIN
2a06:98c1:3106:0:16af:8326:60c0:3001,4,4,0.00,619.19,0.00,SIN
2a06:98c1:310a:7e:6dca:23f2:4b82:91ae,4,4,0.00,619.20,0.00,SIN
2a06:98c1:51:517a:67f5:e46:f5d2:39e9,4,4,0.00,619.21,0.00,SIN
2a06:98c1:3106:48:d463:f42e:505:e8ae,4,4,0.00,619.22,0.00,SIN
2a06:98c1:310d:9eb:7c49:1e04:6c92:610a,4,4,0.00,619.24,0.00,SIN
2a06:98c1:3102:0:358c:ecb2:15af:2a77,4,4,0.00,619.27,0.00,SIN
2a06:98c1:3105:b3:784b:630c:9869:a7b5,4,4,0.00,619.27,0.00,SIN
2a06:98c1:3105:7f:10f9:3f5:ac2c:725e,4,4,0.00,619.28,0.00,SIN
2803:f800:51:367e:f61a:2ab2:71cb:4c2,4,4,0.00,619.29,0.00,SIN
2803:f800:51:c4:de54:f2c5:93d7:a473,4,4,0.00,619.30,0.00,SIN
2a06:98c1:310f::a699:9088:4261,4,4,0.00,619.31,0.00,SIN
2a06:98c1:3100:245c:b6b:6ab3:f272:a0f,4,4,0.00,619.31,0.00,SIN
2a06:98c1:3105:6e:2f22:ff84:19e5:203e,4,4,0.00,619.32,0.00,SIN
2a06:98c1:3107:9d:b85b:f81f:63a8:a213,4,4,0.00,619.32,0.00,SIN
2803:f800:51:5943:901e:4ec1:e78:1cdb,4,4,0.00,619.33,0.00,SIN
2a06:98c1:3109:0:7475:7439:45ff:edac,4,4,0.00,619.34,0.00,SIN
2a06:98c1:3106:0:16af:28ad:2899:a3e9,4,4,0.00,619.34,0.00,SIN
2a06:98c1:3109:0:4693:a9da:dd81:6deb,4,4,0.00,619.36,0.00,SIN
2a06:98c1:310c:904c:df5a:a7d9:d4b3:3130,4,4,0.00,619.36,0.00,SIN
2400:cb00:2049:0:88f9:74f:abac:903f,4,4,0.00,619.37,0.00,SIN
2a06:98c1:310e:7c6e:fefe:a9cc:e91d:8898,4,4,0.00,619.37,0.00,SIN
2a06:98c1:310c:0:d919:c4d8:626:14be,4,4,0.00,619.37,0.00,SIN
2a06:98c1:310f:53:3b70:c2c9:2ea4:265c,4,4,0.00,619.38,0.00,SIN
2a06:98c1:310d:7acf:9e98:801d:384f:991c,4,4,0.00,619.40,0.00,SIN
2a06:98c1:310d:9eb:e789:6300:b7aa:2792,4,4,0.00,619.41,0.00,SIN
2a06:98c1:3106:48:ae0c:5412:a6d:e5b4,4,4,0.00,619.42,0.00,SIN
2a06:98c1:3101:0:33:9025:f584:a835,4,4,0.00,619.42,0.00,SIN
2a06:98c1:310e:7cd0:3855:7625:1fd9:4798,4,4,0.00,619.44,0.00,SIN
2a06:98c1:310f:0:4e8d:6742:aa11:dd13,4,4,0.00,619.45,0.00,SIN
2a06:98c1:310c:904c:dfca:8a74:60f7:e124,4,4,0.00,619.45,0.00,SIN
2a06:98c1:51:e1:e84b:217e:503c:dc01,4,4,0.00,619.45,0.00,SIN
2a06:98c1:310c:90c1:80f4:d8bd:b9e0:5253,4,4,0.00,619.46,0.00,SIN
2a06:98c1:310e:7c6e:fe72:a2f6:bca0:c39b,4,4,0.00,619.46,0.00,SIN
2a06:98c1:3105:922e:597c:ac37:c83:7488,4,4,0.00,619.47,0.00,SIN
2a06:98c1:51:e1:e84b:217e:505f:f04a,4,4,0.00,619.47,0.00,SIN
2a06:98c1:3105:6:4981:4773:369a:63c5,4,4,0.00,619.52,0.00,SIN
2a06:98c1:3109:0:9be8:a3eb:b215:d8be,4,4,0.00,619.53,0.00,SIN
2a06:98c1:310d:923:f2d4:e82c:2add:7bdb,4,4,0.00,619.54,0.00,SIN
2a06:98c1:3103:cfb8:7a9a:6be3:b3c9:8baa,4,4,0.00,619.54,0.00,SIN
2a06:98c1:3102:0:358c:cd3d:f45b:fe6a,4,4,0.00,619.55,0.00,SIN
2400:cb00:2049:fa3:8cb5:b567:b586:72d2,4,4,0.00,619.58,0.00,SIN
2803:f800:50:85:2221:1369:de4f:492c,4,4,0.00,619.59,0.00,SIN
2a06:98c1:3100:245c:b86:cf57:6106:4f2e,4,4,0.00,619.59,0.00,SIN
2a06:98c1:3106:48:d463:f415:bda9:3e80,4,4,0.00,619.61,0.00,SIN
2a06:98c1:310e:7cd0:f0b3:7a6f:d7be:8fdf,4,4,0.00,619.62,0.00,SIN
2a06:98c1:3109:0:c23:359d:c443:8d9a,4,4,0.00,619.63,0.00,SIN
2803:f800:51:5961:dfff:83f4:217:b734,4,4,0.00,619.63,0.00,SIN
2a06:98c1:3109:0:9bb5:4dc:9f31:3ef3,4,4,0.00,619.64,0.00,SIN
2a06:98c1:310d:9eb:b4b5:6a43:9833:612e,4,4,0.00,619.65,0.00,SIN
2a06:98c1:310a:4e:692c:6fed:46cc:6008,4,4,0.00,619.65,0.00,SIN
2803:f800:51:5961:bc6:6a6e:247c:5cdb,4,4,0.00,619.65,0.00,SIN
2a06:98c1:3102:69:1ca3:6e59:ba82:db6d,4,4,0.00,619.65,0.00,SIN
2a06:98c1:310c:904c:4b0b:db61:e364:e9a6,4,4,0.00,619.66,0.00,SIN
2a06:98c1:3105:92dd:a8a2:ad3d:a6a9:6334,4,4,0.00,619.66,0.00,SIN
2a06:98c1:3107:e29a:d6c1:219f:38f2:4172,4,4,0.00,619.67,0.00,SIN
2a06:98c1:3105:6:4985:3356:620d:d97b,4,4,0.00,619.68,0.00,SIN
2a06:98c1:51:7c:a3f3:4b97:f538:897,4,4,0.00,619.69,0.00,SIN
2a06:98c1:310e:7c6e:fefe:a9e6:496f:cf0d,4,4,0.00,619.71,0.00,SIN
2400:cb00:2049:d7:b3f1:30d:177e:f753,4,4,0.00,619.72,0.00,SIN
2a06:98c1:310b:ffe6:5b79:d24b:b3ce:8501,4,4,0.00,619.73,0.00,SIN
2a06:98c1:3109:0:7475:7407:21ce:2ca1,4,4,0.00,619.73,0.00,SIN
2400:cb00:2049::ec14:5e95:2b85,4,4,0.00,619.75,0.00,SIN
2a06:98c1:3105:6:49ba:dfa5:17da:5d15,4,4,0.00,619.76,0.00,SIN
2a06:98c1:310e:7cd0:3855:91f3:c240:cbc5,4,4,0.00,619.76,0.00,SIN
2a06:98c1:3105:6:4981:3b14:45a:acf4,4,4,0.00,619.77,0.00,SIN
2803:f800:50:0:f426:fa19:5324:5945,4,4,0.00,619.78,0.00,SIN
2803:f800:50:0:9f5c:ae2c:7375:f4b1,4,4,0.00,619.80,0.00,SIN
2400:cb00:2049:0:73:8274:b393:f591,4,4,0.00,619.81,0.00,SIN
2a06:98c1:310a:1f5e:2ed4:64a0:2ef1:e4d3,4,4,0.00,619.82,0.00,SIN
2803:f800:51:0:ceac:f54:1819:c36e,4,4,0.00,619.83,0.00,SIN
2803:f800:51:5943:75a4:2360:d0ca:f39c,4,4,0.00,619.88,0.00,SIN
2a06:98c1:3104:ac4b:e552:acc:1a82:ba6d,4,4,0.00,619.89,0.00,SIN
2400:cb00:2049:fa3:8cb5:b503:6d5a:7be4,4,4,0.00,619.90,0.00,SIN
2a06:98c1:310e:7cd0:3855:9148:909b:c341,4,4,0.00,619.90,0.00,SIN
2a06:98c1:3105:6:4985:734f:18a5:1834,4,4,0.00,619.91,0.00,SIN
2a06:98c1:310a:1f5e:aee5:fd3c:c5bb:c07b,4,4,0.00,619.93,0.00,SIN
2a06:98c1:310a:1f5e:ae7c:de72:b5fa:c5dd,4,4,0.00,619.94,0.00,SIN
2a06:98c1:3102:69:1ca3:9fc1:e66f:e366,4,4,0.00,619.96,0.00,SIN
2a06:98c1:3109:0:4693:87fb:ffb5:9f31,4,4,0.00,619.97,0.00,SIN
2a06:98c1:310d:99f:e698:cc0f:91ed:45fb,4,4,0.00,619.99,0.00,SIN
2a06:98c1:310f:1c:2106:55bc:620c:9056,4,4,0.00,620.00,0.00,SIN
2a06:98c1:3105:b3:85df:f703:f25a:9071,4,4,0.00,620.00,0.00,SIN
2a06:98c1:3102:69:1ca3:6e59:72b0:d7d1,4,4,0.00,620.01,0.00,SIN
2a06:98c1:3101:0:b399:9e3d:6a81:52a4,4,4,0.00,620.03,0.00,SIN
2a06:98c1:3106:48:aeec:8d2a:bf98:dc1f,4,4,0.00,620.04,0.00,SIN
2a06:98c1:3101:b8:dd71:2c4:d553:8b28,4,4,0.00,620.05,0.00,SIN
2803:f800:51:5943:77b0:79ea:2a80:7c72,4,4,0.00,620.07,0.00,SIN
2803:f800:51:5943:7527:4bef:6f07:44b5,4,4,0.00,620.07,0.00,SIN
2a06:98c1:3107:e29a:ecce:7338:ea1:bc72,4,4,0.00,620.07,0.00,SIN
2a06:98c1:310c:904c:4b0b:db67:8a99:f233,4,4,0.00,620.08,0.00,SIN
2a06:98c1:3107:e29a:ec2c:3329:9491:637b,4,4,0.00,620.09,0.00,SIN
2a06:98c1:3102:0:3a:8e8a:95e4:382f,4,4,0.00,620.09,0.00,SIN
2a06:98c1:310e:7cd0:f0b3:c11b:21a:d4a5,4,4,0.00,620.10,0.00,SIN
2a06:98c1:51:e1:e84b:2190:9269:6fd5,4,4,0.00,620.10,0.00,SIN
2a06:98c1:310b:ffe6:bb4e:d8c3:4d04:42a5,4,4,0.00,620.10,0.00,SIN
2a06:98c1:310c:52:c5cc:20e:12d4:ba2d,4,4,0.00,620.11,0.00,SIN
2a06:98c1:3102:e6:c2fc:9bea:ab63:de8c,4,4,0.00,620.11,0.00,SIN
2a06:98c1:3109:0:f8:1d40:b911:853f,4,4,0.00,620.11,0.00,SIN
2a06:98c1:3109:0:f8:b98b:46e1:111,4,4,0.00,620.12,0.00,SIN
2400:cb00:2049:0:88f9:546b:cea4:6d7a,4,4,0.00,620.13,0.00,SIN
2803:f800:50:57d1:f51a:6554:fd0d:9eb,4,4,0.00,620.16,0.00,SIN
2a06:98c1:3107:9d:b809:62a3:36a5:70ac,4,4,0.00,620.18,0.00,SIN
2803:f800:51:5943:75b4:3977:4aa8:628f,4,4,0.00,620.18,0.00,SIN
2a06:98c1:51:0:d5aa:8493:f5eb:1097,4,4,0.00,620.22,0.00,SIN
2a06:98c1:3105:b3:784b:63bb:c329:1189,4,4,0.00,620.23,0.00,SIN
2803:f800:51:5961:bc6:e66d:2d34:5112,4,4,0.00,620.24,0.00,SIN
2a06:98c1:3107:e29a:ecce:7338:eed:87f7,4,4,0.00,620.24,0.00,SIN
2a06:98c1:310e:7cd0:f0b3:ae3f:27d9:346f,4,4,0.00,620.27,0.00,SIN
2803:f800:51:361b:3a9d:f9b:42e5:c9ef,4,4,0.00,620.27,0.00,SIN
2a06:98c1:3100::1f09:fc12:d7d5,4,4,0.00,620.27,0.00,SIN
2a06:98c1:3105:6:496b:6b2e:39f8:883d,4,4,0.00,620.29,0.00,SIN
2a06:98c1:310e:7cd0:f0fb:bfca:e666:ac7c,4,4,0.00,620.29,0.00,SIN
2a06:98c1:310e:7cd0:f0b3:7af6:20a5:33ac,4,4,0.00,620.33,0.00,SIN
2a06:98c1:3105:b3:784b:630c:a995:17c9,4,4,0.00,620.33,0.00,SIN
2803:f800:51:5961:bc:60b4:dc10:d7e,4,4,0.00,620.33,0.00,SIN
2803:f800:51:5943:75b4:399a:b49e:8ed,4,4,0.00,620.36,0.00,SIN
2803:f800:51:361b:3a43:f29c:2c5b:c02e,4,4,0.00,620.39,0.00,SIN
2a06:98c1:3106:c2c8:cde:b4d2:294e:848,4,4,0.00,620.40,0.00,SIN
2a06:98c1:310f::a699:f11a:cf3a,4,4,0.00,620.42,0.00,SIN
2a06:98c1:3105:6:4981:47b6:cae9:b53f,4,4,0.00,620.42,0.00,SIN
2400:cb00:2049:d7:7de:da79:581e:e912,4,4,0.00,620.43,0.00,SIN
2a06:98c1:3105:b3:784b:63ba:3baf:cb3e,4,4,0.00,620.44,0.00,SIN
2803:f800:50:57d1:2d9e:4778:4ad0:5112,4,4,0.00,620.44,0.00,SIN
2a06:98c1:3106:48:d463:f434:9eca:1003,4,4,0.00,620.44,0.00,SIN
2a06:98c1:3106:c2c8:c49:e935:3cd3:ae96,4,4,0.00,620.45,0.00,SIN
2a06:98c1:310a:0:d3b0:589f:8c25:84b1,4,4,0.00,620.45,0.00,SIN
2a06:98c1:3100:245c:8b70:76c7:4dc:7baa,4,4,0.00,620.48,0.00,SIN
2803:f800:51:5943:75b4:7deb:ce0f:c5c9,4,4,0.00,620.49,0.00,SIN
2400:cb00:2049:0:8826:a779:e0df:b4cf,4,4,0.00,620.50,0.00,SIN
2a06:98c1:3107:e29a:ecce:244c:a3d9:1460,4,4,0.00,620.51,0.00,SIN
2a06:98c1:310b:80ff:345e:b6c:8826:581b,4,4,0.00,620.52,0.00,SIN
2a06:98c1:3104:ac2b:2377:56ce:3432:d05c,4,4,0.00,620.52,0.00,SIN
2a06:98c1:3108:b085:ce7f:4bef:33b3:e47e,4,4,0.00,620.53,0.00,SIN
2a06:98c1:310f:0:2a:7b7f:f8aa:234e,4,4,0.00,620.53,0.00,SIN
2a06:98c1:3107:e291:390:5d8a:86fc:a214,4,4,0.00,620.53,0.00,SIN
2a06:98c1:3107:e29a:ecce:7338:838b:ac6b,4,4,0.00,620.54,0.00,SIN
2803:f800:51:5961:df6d:ba1e:ddbc:9efc,4,4,0.00,620.55,0.00,SIN
2a06:98c1:3101:0:8a01:84f0:2a4e:142a,4,4,0.00,620.56,0.00,SIN
2a06:98c1:3109:0:9be8:a382:51e6:7b1e,4,4,0.00,620.59,0.00,SIN
2a06:98c1:3107:e29a:528f:6bb0:6e39:a979,4,4,0.00,620.60,0.00,SIN
2a06:98c1:310e:7cd0:862f:e059:94a1:976c,4,4,0.00,620.63,0.00,SIN
2803:f800:51:0:de95:9a04:c695:bac2,4,4,0.00,620.66,0.00,SIN
2a06:98c1:51:7c:a3f3:4bc9:eb7d:b3c,4,4,0.00,620.66,0.00,SIN
2a06:98c1:310e:7cd0:862f:3a20:d1a5:2703,4,4,0.00,620.70,0.00,SIN
2a06:98c1:3108:0:fcad:8137:5403:6102,4,4,0.00,620.70,0.00,SIN
2a06:98c1:3107:e29a:d6c1:b9b3:627a:5460,4,4,0.00,620.74,0.00,SIN
2a06:98c1:310f:0:4e3d:993e:9643:df9a,4,4,0.00,620.74,0.00,SIN
2400:cb00:2049:fa3:8ca8:6c73:6115:910a,4,4,0.00,620.74,0.00,SIN
2a06:98c1:310c:0:d9e0:c449:3609:e116,4,4,0.00,620.76,0.00,SIN
2a06:98c1:3105:6e:2f7c:5e4c:e618:415,4,4,0.00,620.80,0.00,SIN
2a06:98c1:3109:bf:9701:876f:518c:c868,4,4,0.00,620.81,0.00,SIN
2a06:98c1:310c::2457:7700:eab7,4,4,0.00,620.82,0.00,SIN
2a06:98c1:3105:922e:f855:4383:e4be:ed45,4,4,0.00,620.84,0.00,SIN
2400:cb00:2049:0:73:82a2:ac5a:3436,4,4,0.00,620.85,0.00,SIN
2a06:98c1:3102:a11b:30ae:1a84:2629:8185,4,4,0.00,620.87,0.00,SIN
2a06:98c1:3109:5c62:79c1:e6b8:8315:9f2c,4,4,0.00,620.88,0.00,SIN
2a06:98c1:3106:c28d:8cfc:8280:1390:dfc3,4,4,0.00,620.88,0.00,SIN
2a06:98c1:310b:80ff:9ff2:b37c:616:8421,4,4,0.00,620.89,0.00,SIN
2a06:98c1:3102:0:358c:cde4:9ebf:a5d7,4,4,0.00,620.90,0.00,SIN
2a06:98c1:3109:bf:97b8:8915:3445:25ce,4,4,0.00,620.90,0.00,SIN
2a06:98c1:3102:0:b5:6296:705:ab6c,4,4,0.00,620.90,0.00,SIN
2a06:98c1:310a:4e:69ac:17a0:dfef:a057,4,4,0.00,620.91,0.00,SIN
2803:f800:51:5961:dff6:7f98:7a12:21c8,4,4,0.00,620.93,0.00,SIN
2a06:98c1:3101::feeb:e5f0:2151,4,4,0.00,620.96,0.00,SIN
2a06:98c1:3106:c2c8:c49:8002:5d1d:ed1c,4,4,0.00,620.98,0.00,SIN
2a06:98c1:310c:904c:dfca:c092:20c9:7ece,4,4,0.00,620.98,0.00,SIN
2a06:98c1:3109:0:74a8:999d:bf5:369b,4,4,0.00,620.99,0.00,SIN
2a06:98c1:3105:4:779f:a110:9f69:f40b,4,4,0.00,620.99,0.00,SIN
2a06:98c1:310f:53:3bc2:3a8e:e68c:6225,4,4,0.00,620.99,0.00,SIN
2803:f800:51:bd:ac26:1b0d:83fb:f4b3,4,4,0.00,621.00,0.00,SIN
2a06:98c1:3105:6e:2f22:ff84:5d5c:6f90,4,4,0.00,621.00,0.00,SIN
2803:f800:51:5961:57:ed90:9dd:6069,4,4,0.00,621.01,0.00,SIN
2a06:98c1:310c:904c:4b0b:60a7:5fd3:388b,4,4,0.00,621.02,0.00,SIN
2a06:98c1:3105:6:49ba:3242:83bf:3b03,4,4,0.00,621.02,0.00,SIN
2a06:98c1:310c:0:d9e0:52e3:dcb1:6690,4,4,0.00,621.02,0.00,SIN
2a06:98c1:310d:7acf:1ef4:d75:742f:66d0,4,4,0.00,621.06,0.00,SIN
2a06:98c1:3104:ac4b:6524:f4ad:4557:4479,4,4,0.00,621.07,0.00,SIN
2a06:98c1:51:7c:a3f3:809d:de4e:a99a,4,4,0.00,621.08,0.00,SIN
2a06:98c1:3109:bf:9701:c3db:43ef:dc83,4,4,0.00,621.10,0.00,SIN
2803:f800:51:a8:6d10:9669:5995:767a,4,4,0.00,621.10,0.00,SIN
2a06:98c1:3107:e29a:d6c1:b90a:1137:6eb6,4,4,0.00,621.10,0.00,SIN
2a06:98c1:3107:e291:390:85bb:39a7:614d,4,4,0.00,621.11,0.00,SIN
2a06:98c1:310b::d0:6c2:d9cb,4,4,0.00,621.12,0.00,SIN
2a06:98c1:310b:8009:7079:7386:1e4e:d43a,4,4,0.00,621.14,0.00,SIN
2a06:98c1:310c:90c1:80f4:fd04:c03:ad75,4,4,0.00,621.18,0.00,SIN
2803:f800:51:367e:a1e2:929:8dd7:a8cf,4,4,0.00,621.18,0.00,SIN
2a06:98c1:3105:7f:10f9:3f5:acd6:ade7,4,4,0.00,621.19,0.00,SIN
2a06:98c1:3104:ac2b:2377:b14:743a:1304,4,4,0.00,621.19,0.00,SIN
2a06:98c1:310a:4e:c0a1:5084:a4ac:7cfa,4,4,0.00,621.20,0.00,SIN
2a06:98c1:310f:0:2a:8a41:4425:b092,4,4,0.00,621.20,0.00,SIN
2a06:98c1:51:7c:a3f3:4b97:676c:8e38,4,4,0.00,621.22,0.00,SIN
2a06:98c1:3106:c2c8:50a8:a187:e133:7cb,4,4,0.00,621.22,0.00,SIN
2a06:98c1:310a:0:a2a0:b0fc:7527:9c94,4,4,0.00,621.23,0.00,SIN
2a06:98c1:3105:922e:594f:cdae:88fe:b77d,4,4,0.00,621.25,0.00,SIN
2803:f800:50:0:9f5c:ae2c:53a5:592b,4,4,0.00,621.25,0.00,SIN
2a06:98c1:3106:a6:9d71:4d6e:406b:5f64,4,4,0.00,621.27,0.00,SIN
2a06:98c1:3109:0:d3e2:63ce:b0eb:e8dc,4,4,0.00,621.27,0.00,SIN
2a06:98c1:3108:b085:5ba8:303f:73c9:ac04,4,4,0.00,621.28,0.00,SIN
2a06:98c1:3109:bf:973b:2776:c898:18ed,4,4,0.00,621.28,0.00,SIN
2a06:98c1:3106:48:aeec:a:6a38:6772,4,4,0.00,621.30,0.00,SIN
2a06:98c1:3108:b085:5ba8:303f:734e:1935,4,4,0.00,621.31,0.00,SIN
2a06:98c1:3108::e4:4dea:59c3,4,4,0.00,621.31,0.00,SIN
2803:f800:50:0:80:92ae:521:5645,4,4,0.00,621.31,0.00,SIN
2a06:98c1:3108:b0b7:b720:7484:445a:e56b,4,4,0.00,621.33,0.00,SIN
2a06:98c1:3109:0:7475:74d1:e4ef:1692,4,4,0.00,621.35,0.00,SIN
2a06:98c1:310a:1f5e:2e67:701d:dc34:dc96,4,4,0.00,621.35,0.00,SIN
2a06:98c1:3100:b521:fabe:3c13:2935:e7fb,4,4,0.00,621.36,0.00,SIN
2a06:98c1:3105:b3:6722:cb42:ddd5:e581,4,4,0.00,621.37,0.00,SIN
2a06:98c1:310c:904c:df5a:a7d9:d415:5196,4,4,0.00,621.37,0.00,SIN
2a06:98c1:3107:d8:40bb:a628:c60e:b83b,4,4,0.00,621.39,0.00,SIN
2400:cb00:2049:0:73:1ee1:6c97:942d,4,4,0.00,621.40,0.00,SIN
2a06:98c1:310f:0:2a:7b76:362c:382b,4,4,0.00,621.42,0.00,SIN
2a06:98c1:3105:92dd:a8a2:7ebf:799:4eb6,4,4,0.00,621.43,0.00,SIN
2a06:98c1:3106:c28d:8ce5:bdbf:a659:8e35,4,4,0.00,621.46,0.00,SIN
2400:cb00:2049:d7:7de:da6e:9f84:6ece,4,4,0.00,621.48,0.00,SIN
2a06:98c1:3101:0:5c3c:fd65:9956:c433,4,4,0.00,621.50,0.00,SIN
2a06:98c1:310c:9063:6847:6cec:391e:ae1f,4,4,0.00,621.51,0.00,SIN
2a06:98c1:3102::c03d:f51d:d754,4,4,0.00,621.51,0.00,SIN
2a06:98c1:51:e1:e84b:4e7d:9bd2:e9a4,4,4,0.00,621.52,0.00,SIN
2a06:98c1:3106:48:d463:1526:44ca:1944,4,4,0.00,621.54,0.00,SIN
2803:f800:51:361b:3aab:68d4:39b5:5fe3,4,4,0.00,621.54,0.00,SIN
2a06:98c1:310c:904c:4b9f:670f:9539:78f5,4,4,0.00,621.55,0.00,SIN
2a06:98c1:3107:9d:b809:62a3:76b9:3d7b,4,4,0.00,621.58,0.00,SIN
2803:f800:51:bd:5104:b2b1:ebf6:4a76,4,4,0.00,621.59,0.00,SIN
2803:f800:51:68:d0b2:ae34:947f:58bf,4,4,0.00,621.60,0.00,SIN
2a06:98c1:310c:9063:68f6:8b09:b614:cc9f,4,4,0.00,621.60,0.00,SIN
2a06:98c1:50:b10f:279c:1e71:933f:8a73,4,4,0.00,621.62,0.00,SIN
2a06:98c1:310c:904c:df5a:d99c:cc9d:d446,4,4,0.00,621.62,0.00,SIN
2a06:98c1:3105:4:779f:a110:9fe4:38d3,4,4,0.00,621.62,0.00,SIN
2a06:98c1:3109:0:7475:497f:c08d:b7a9,4,4,0.00,621.63,0.00,SIN
2a06:98c1:310a:0:a2a0:2c7:901c:66e8,4,4,0.00,621.63,0.00,SIN
2803:f800:51:5961:7e:e46c:2829:d7dc,4,4,0.00,621.67,0.00,SIN
2a06:98c1:3102:a178:b4af:7dd:636:6190,4,4,0.00,621.67,0.00,SIN
2a06:98c1:310a:4e:69ac:17aa:2dc2:dd07,4,4,0.00,621.68,0.00,SIN
2a06:98c1:3102:a11b:f817:53c5:6e93:413c,4,4,0.00,621.69,0.00,SIN
2a06:98c1:3105:6:496b:90b:1dc8:ce0f,4,4,0.00,621.69,0.00,SIN
2803:f800:51:59ed:e0a2:660e:c276:5469,4,4,0.00,621.69,0.00,SIN
2a06:98c1:3100:245c:b6b:6ab3:f26b:9ec0,4,4,0.00,621.69,0.00,SIN
2803:f800:50:57d1:f51a:5447:66d1:e300,4,4,0.00,621.71,0.00,SIN
2a06:98c1:310a:0:df:2abc:1c7:307,4,4,0.00,621.71,0.00,SIN
2a06:98c1:310b:0:b7d7:363a:6202:6a9b,4,4,0.00,621.72,0.00,SIN
2a06:98c1:3106:48:aeec:d60e:b9f9:64d5,4,4,0.00,621.73,0.00,SIN
2803:f800:51:0:ceac:8b0f:8c36:1c87,4,4,0.00,621.73,0.00,SIN
2a06:98c1:310c:904c:dfca:8ae5:6554:2165,4,4,0.00,621.74,0.00,SIN
2a06:98c1:3102:69:4631:bbc5:8d58:60c,4,4,0.00,621.74,0.00,SIN
2a06:98c1:3100:245c:b86:e9c:f2be:c61e,4,4,0.00,621.74,0.00,SIN
2a06:98c1:3102:a11b:bf79:e968:b241:672f,4,4,0.00,621.76,0.00,SIN
2803:f800:51:59ed:e0b4:a353:f081:100d,4,4,0.00,621.76,0.00,SIN
2a06:98c1:310a:4e:5518:ea95:d64:7555,4,4,0.00,621.78,0.00,SIN
2a06:98c1:3105:6:496b:6b2e:397a:5220,4,4,0.00,621.87,0.00,SIN
2803:f800:51:5961:dfff:652d:67c4:d995,4,4,0.00,621.87,0.00,SIN
2a06:98c1:3108:0:fceb:4360:1922:6219,4,4,0.00,621.89,0.00,SIN
2a06:98c1:3102:69:46a2:979c:f63a:b78f,4,4,0.00,621.89,0.00,SIN
2803:f800:51:5961:bc:603d:924c:dd22,4,4,0.00,621.89,0.00,SIN
2a06:98c1:3107:d8:5f02:cd0a:cd10:7364,4,4,0.00,621.91,0.00,SIN
2a06:98c1:3102:69:1ca3:9fc1:cf14:a61e,4,4,0.00,621.93,0.00,SIN
2a06:98c1:3106:c28d:8cfc:82fd:482:a55a,4,4,0.00,621.93,0.00,SIN
2803:f800:50::f8:bcfd:53fc,4,4,0.00,621.96,0.00,SIN
2a06:98c1:310a:4e:5592:df0c:cf5:19b4,4,4,0.00,621.96,0.00,SIN
2a06:98c1:310c:904c:dfca:c092:38e7:7eb,4,4,0.00,621.97,0.00,SIN
2400:cb00:2049:d7:b392:61e3:538b:4439,4,4,0.00,621.99,0.00,SIN
2a06:98c1:3103:cfb8:ea61:9ca3:8dc0:7bd2,4,4,0.00,621.99,0.00,SIN
2a06:98c1:3107:e29a:ec56:1a64:610:b246,4,4,0.00,621.99,0.00,SIN
2a06:98c1:3102:69:4631:bb41:475:43e0,4,4,0.00,622.00,0.00,SIN
2a06:98c1:3107:e29a:528f:a39d:33ba:11ab,4,4,0.00,622.01,0.00,SIN
2a06:98c1:3107:0:3d:cda:3de7:8b45,4,4,0.00,622.01,0.00,SIN
2803:f800:51:bd:ac26:1b3e:845c:a04d,4,4,0.00,622.02,0.00,SIN
2a06:98c1:3102:a11b:30f5:372b:d7aa:5305,4,4,0.00,622.03,0.00,SIN
2a06:98c1:3105:0:9dd5:1bb:c1bc:2f60,4,4,0.00,622.04,0.00,SIN
2400:cb00:2049:421c:891d:1a29:6551:ed88,4,4,0.00,622.04,0.00,SIN
2a06:98c1:310d:0:12:c08e:f456:eaae,4,4,0.00,622.05,0.00,SIN
2a06:98c1:3107:e29a:ec2c:3329:9466:2ed0,4,4,0.00,622.06,0.00,SIN
2a06:98c1:310f:1c:2106:4845:3390:4ac,4,4,0.00,622.07,0.00,SIN
2a06:98c1:3104:de:8639:b38d:e8bd:5cd5,4,4,0.00,622.08,0.00,SIN
2a06:98c1:310a:0:d3e4:2328:ebba:f0f2,4,4,0.00,622.09,0.00,SIN
2a06:98c1:3104:de:86ed:9989:d19c:1ac9,4,4,0.00,622.09,0.00,SIN
2a06:98c1:310a:7e:726f:f5d5:1d6c:8451,4,4,0.00,622.13,0.00,SIN
2a06:98c1:310d:9eb:e789:6300:f72d:b1ee,4,4,0.00,622.13,0.00,SIN
2a06:98c1:3107:e291:390:6565:51f8:4ded,4,4,0.00,622.15,0.00,SIN
2803:f800:51:0:ceac:f54:670f:3e69,4,4,0.00,622.15,0.00,SIN
2a06:98c1:3109:bf:97d0:1bf6:6616:92f3,4,4,0.00,622.18,0.00,SIN
2a06:98c1:310e:7cd0:f0b3:ae3f:2ea5:e728,4,4,0.00,622.18,0.00,SIN
2a06:98c1:3109:0:9bb5:f4a9:4e91:be26,4,4,0.00,622.18,0.00,SIN
2a06:98c1:3101:b508:81fc:a1fb:1894:7f58,4,4,0.00,622.19,0.00,SIN
2a06:98c1:3105:7f:10f9:d2bb:1ed0:e39f,4,4,0.00,622.20,0.00,SIN
2a06:98c1:3107:e29a:528f:d61d:d554:a20b,4,4,0.00,622.20,0.00,SIN
2a06:98c1:3105:7f:10f9:d2bb:1e69:e92d,4,4,0.00,622.21,0.00,SIN
2a06:98c1:310d:923:3ea5:8bf1:d33a:c01e,4,4,0.00,622.21,0.00,SIN
2a06:98c1:3106:a6:9d0f:67f9:63ee:5e09,4,4,0.00,622.23,0.00,SIN
2a06:98c1:310b::d0:cf9f:25e,4,4,0.00,622.24,0.00,SIN
2a06:98c1:3100::b690:ad3c:4432,4,4,0.00,622.25,0.00,SIN
2400:cb00:2049:0:88f9:74f:abc4:7678,4,4,0.00,622.28,0.00,SIN
2a06:98c1:310e:d4b0:c27f:f1cc:a905:6add,4,4,0.00,622.29,0.00,SIN
2a06:98c1:3105:6e:2f27:93f7:d3ce:dc7c,4,4,0.00,622.29,0.00,SIN
2803:f800:50:85:2221:dd00:adb4:9876,4,4,0.00,622.31,0.00,SIN
2a06:98c1:310e:7cd0:3855:91f3:2a06:89a3,4,4,0.00,622.31,0.00,SIN
2a06:98c1:51:7c:a3cf:6089:2a15:1bba,4,4,0.00,622.31,0.00,SIN
2a06:98c1:310f:1c:956:3674:4984:3bb9,4,4,0.00,622.32,0.00,SIN
2a06:98c1:3105:b3:85df:f703:f24d:42c9,4,4,0.00,622.34,0.00,SIN
2a06:98c1:310a:0:c4fc:c637:c75d:8ee1,4,4,0.00,622.36,0.00,SIN
2a06:98c1:3107:e29a:ec2c:7880:77c5:e26e,4,4,0.00,622.37,0.00,SIN
2803:f800:50:57d1:2d9e:b531:9053:799c,4,4,0.00,622.38,0.00,SIN
2a06:98c1:3107:e29a:d6c1:21e2:3c26:1c9,4,4,0.00,622.38,0.00,SIN
2a06:98c1:310a:0:c4fc:c6c0:13cd:a4a0,4,4,0.00,622.39,0.00,SIN
2a06:98c1:3109:30:4724:6c63:be50:4786,4,4,0.00,622.40,0.00,SIN
2a06:98c1:3109:0:f8:1df9:60f8:a81b,4,4,0.00,622.40,0.00,SIN
2400:cb00:2049:429e:2ade:8466:3e1a:de29,4,4,0.00,622.41,0.00,SIN
2a06:98c1:3109:30:ae9e:4475:8cc3:9c40,4,4,0.00,622.42,0.00,SIN
2a06:98c1:310e:7cd0:3855:7625:1f66:1fd1,4,4,0.00,622.44,0.00,SIN
2a06:98c1:3105:6:4985:7323:46b0:7b73,4,4,0.00,622.45,0.00,SIN
2803:f800:50:85:2221:1369:de69:9a38,4,4,0.00,622.47,0.00,SIN
2a06:98c1:3104:ac2b:23ec:7d71:ebab:4be8,4,4,0.00,622.47,0.00,SIN
2803:f800:51:361b:3a43:5677:c48a:c8e9,4,4,0.00,622.48,0.00,SIN
2a06:98c1:310b:0:b7d7:368b:5154:62f5,4,4,0.00,622.48,0.00,SIN
2a06:98c1:310c:904c:4b9f:670f:81c6:bf4b,4,4,0.00,622.51,0.00,SIN
2a06:98c1:3109:bf:9723:38d6:12c0:7839,4,4,0.00,622.52,0.00,SIN
2a06:98c1:51:e1:e8c0:bb55:d71c:aa4c,4,4,0.00,622.53,0.00,SIN
2803:f800:51:68:d053:100c:4096:a5cd,4,4,0.00,622.53,0.00,SIN
2a06:98c1:3102:0:358c:cde4:9e0a:f51f,4,4,0.00,622.53,0.00,SIN
2803:f800:51:5943:901e:92db:dd52:239b,4,4,0.00,622.54,0.00,SIN
2a06:98c1:3106:a6:9d0f:5b5a:5530:7fba,4,4,0.00,622.55,0.00,SIN
2a06:98c1:310c:904c:dfca:c04f:3cc:6f2,4,4,0.00,622.57,0.00,SIN
2a06:98c1:310a:1f5e:ae7c:287f:9fa1:e19f,4,4,0.00,622.58,0.00,SIN
2a06:98c1:310d:7acf:1ef4:d75:847a:ab3e,4,4,0.00,622.58,0.00,SIN
2a06:98c1:3107:e29a:ec2c:9ae7:a8ca:1d21,4,4,0.00,622.59,0.00,SIN
2a06:98c1:3107:9d:624a:70d:a5f6:e5a6,4,4,0.00,622.59,0.00,SIN
2a06:98c1:3103:fc:57d9:5c84:31f9:3526,4,4,0.00,622.59,0.00,SIN
2a06:98c1:310b:8009:1114:1aa5:4d0f:f6d5,4,4,0.00,622.63,0.00,SIN
2a06:98c1:310c:904c:4b9f:67f6:f7ec:3646,4,4,0.00,622.68,0.00,SIN
2a06:98c1:3104:0:2:3ef7:c519:7503,4,4,0.00,622.69,0.00,SIN
2803:f800:51:c4:820d:9c18:631d:b945,4,4,0.00,622.70,0.00,SIN
2a06:98c1:3103:0:97:1676:77fe:cd6d,4,4,0.00,622.71,0.00,SIN
2803:f800:51:5961:bc6:6a6e:9599:49b9,4,4,0.00,622.72,0.00,SIN
2803:f800:50:57d1:f51a:54dd:c840:de4f,4,4,0.00,622.73,0.00,SIN
2a06:98c1:3105:b3:78f6:4706:7d86:eea7,4,4,0.00,622.73,0.00,SIN
2a06:98c1:3107:e29a:ec2c:9ae7:e3f2:fdbb,4,4,0.00,622.74,0.00,SIN
2a06:98c1:310c:90c1:80f4:d810:276b:bb2d,4,4,0.00,622.76,0.00,SIN
2a06:98c1:310b:80ff:345e:17d8:1af1:38f,4,4,0.00,622.77,0.00,SIN
2a06:98c1:310c:90c1:8051:5120:8e41:fa6a,4,4,0.00,622.78,0.00,SIN
2a06:98c1:3108::7be5:a315:1d55,4,4,0.00,622.79,0.00,SIN
2a06:98c1:3107:e29a:528f:d61d:ff6a:6ebb,4,4,0.00,622.80,0.00,SIN
2803:f800:51:367e:a11c:4166:9d15:e27c,4,4,0.00,622.80,0.00,SIN
2a06:98c1:310d:5:5b5a:c11d:27ba:59c,4,4,0.00,622.81,0.00,SIN
2a06:98c1:3105:b3:6a8c:aa57:561f:fddb,4,4,0.00,622.82,0.00,SIN
2a06:98c1:3106:a6:9d0f:6746:5b17:e94d,4,4,0.00,622.83,0.00,SIN
2a06:98c1:310c:9063:68cf:ca0e:9532:b67,4,4,0.00,622.83,0.00,SIN
2a06:98c1:3107:6a76:59ff:a607:d67e:d786,4,4,0.00,622.83,0.00,SIN
2400:cb00:2049:0:88f9:e410:bd80:6da1,4,4,0.00,622.84,0.00,SIN
2a06:98c1:310d:9eb:7c49:a305:c5a0:8923,4,4,0.00,622.84,0.00,SIN
2a06:98c1:3107:e29a:ec2c:33d3:f58b:ac25,4,4,0.00,622.85,0.00,SIN
2803:f800:51:367e:533a:f9d9:9b95:e338,4,4,0.00,622.87,0.00,SIN
2a06:98c1:3105:922e:597f:101f:c961:f82a,4,4,0.00,622.87,0.00,SIN
2a06:98c1:3105:b3:784b:63ba:98cb:9e55,4,4,0.00,622.87,0.00,SIN
2a06:98c1:3107:e29a:522e:fa99:ea8a:8cfd,4,4,0.00,622.88,0.00,SIN
2a06:98c1:3102:e6:c2f8:53e6:2c5a:75b3,4,4,0.00,622.88,0.00,SIN
2a06:98c1:310e:7c6e:fefe:a9d9:300d:c210,4,4,0.00,622.88,0.00,SIN
2a06:98c1:3101:0:5c1d:9790:b3af:ea43,4,4,0.00,622.89,0.00,SIN
2a06:98c1:3100:b521:fabe:3c13:d786:a498,4,4,0.00,622.90,0.00,SIN
2803:f800:51:5961:bc:603d:92a4:cb6c,4,4,0.00,622.91,0.00,SIN
2a06:98c1:3109:0:7475:7407:a941:9a22,4,4,0.00,622.92,0.00,SIN
2a06:98c1:310c:0:d919:7e03:3072:8c7f,4,4,0.00,622.92,0.00,SIN
2a06:98c1:3109:0:f8:1d07:55a9:40e5,4,4,0.00,622.92,0.00,SIN
2a06:98c1:3107:e291:8270:e73d:553f:1655,4,4,0.00,622.93,0.00,SIN
2a06:98c1:310c:904c:df72:8f5f:c513:4ec,4,4,0.00,622.94,0.00,SIN
2a06:98c1:3100:b521:6cd0:aa66:715a:73a7,4,4,0.00,622.94,0.00,SIN
2a06:98c1:3106:48:d463:f434:9e39:d5fa,4,4,0.00,622.95,0.00,SIN
2a06:98c1:3107::41fc:636d:b309,4,4,0.00,622.97,0.00,SIN
2a06:98c1:3109:30:ee54:c9c9:f841:12c5,4,4,0.00,622.99,0.00,SIN
2a06:98c1:310b:8009:1121:c8cd:1c72:cb05,4,4,0.00,623.00,0.00,SIN
2a06:98c1:3101:0:b399:4da4:6c52:4b37,4,4,0.00,623.00,0.00,SIN
2a06:98c1:3101:3c:967c:8ba8:5dac:8aad,4,4,0.00,623.02,0.00,SIN
2a06:98c1:310c:9063:6847:6cea:c9d4:2b93,4,4,0.00,623.03,0.00,SIN
2a06:98c1:3101:0:5c3c:fd65:20b8:d533,4,4,0.00,623.03,0.00,SIN
2a06:98c1:3103:0:fd:9176:66a8:633b,4,4,0.00,623.03,0.00,SIN
2a06:98c1:310e:7cd0:f0b3:c168:f459:7db9,4,4,0.00,623.05,0.00,SIN
2a06:98c1:3105:6:4985:875b:6d18:51a1,4,4,0.00,623.06,0.00,SIN
2a06:98c1:3109:30:4724:419d:b9f8:4a0b,4,4,0.00,623.06,0.00,SIN
2a06:98c1:3107:e29a:ecce:7338:b985:1439,4,4,0.00,623.07,0.00,SIN
2a06:98c1:3104:ac4b:e552:e947:54a1:fc34,4,4,0.00,623.10,0.00,SIN
2a06:98c1:3107:e29a:ecce:24f9:dc43:edf3,4,4,0.00,623.10,0.00,SIN
2a06:98c1:310e:7cd0:3855:911b:f8aa:8169,4,4,0.00,623.10,0.00,SIN
2803:f800:51:bd:5100:60af:24ca:11cd,4,4,0.00,623.12,0.00,SIN
2a06:98c1:3105:0:b2:8b9e:93c5:fbb9,4,4,0.00,623.12,0.00,SIN
2a06:98c1:3107:9d:b85b:406a:85dd:835b,4,4,0.00,623.15,0.00,SIN
2a06:98c1:3109:30:ee54:c9c9:bf75:7b35,4,4,0.00,623.16,0.00,SIN
2a06:98c1:3109:30:ae9e:70c8:607:9e1d,4,4,0.00,623.17,0.00,SIN
2a06:98c1:3106::9a07:95f9:6275,4,4,0.00,623.17,0.00,SIN
2400:cb00:2049:d7:b3f1:3b73:78ea:7af,4,4,0.00,623.19,0.00,SIN
2803:f800:51::cece:25f8:10ac,4,4,0.00,623.20,0.00,SIN
2a06:98c1:3105:922e:594f:23b9:22ae:e105,4,4,0.00,623.21,0.00,SIN
2a06:98c1:310c:904c:4b9f:670f:1b94:b684,4,4,0.00,623.23,0.00,SIN
2a06:98c1:3107:9d:b809:62a3:480:8529,4,4,0.00,623.24,0.00,SIN
2a06:98c1:3102:0:d727:d6a1:c36b:4541,4,4,0.00,623.24,0.00,SIN
2a06:98c1:310a::228e:11b0:b038,4,4,0.00,623.24,0.00,SIN
2a06:98c1:310e:d4b0:c27f:f166:6309:8909,4,4,0.00,623.26,0.00,SIN
2a06:98c1:310d:7acf:1e48:8d3f:d9d8:b4f7,4,4,0.00,623.29,0.00,SIN
2a06:98c1:3103:cfb8:7ab2:8c68:1af5:7c27,4,4,0.00,623.30,0.00,SIN
2a06:98c1:3107:e29a:528f:6bb0:3f79:26b,4,4,0.00,623.31,0.00,SIN
2a06:98c1:3104:ac4b:e5b7:7984:c7b4:70fb,4,4,0.00,623.31,0.00,SIN
2a06:98c1:3109:bf:97d0:1bf6:66b2:a53d,4,4,0.00,623.32,0.00,SIN
2a06:98c1:310d:a8:a6b8:c04d:eb32:3a17,4,4,0.00,623.32,0.00,SIN
2a06:98c1:51:51e9:68bc:7db4:4a28:3aea,4,4,0.00,623.32,0.00,SIN
2400:cb00:2049:d7:b392:263b:e416:db0f,4,4,0.00,623.32,0.00,SIN
2a06:98c1:3105:0:a3:d872:e827:c4d6,4,4,0.00,623.33,0.00,SIN
2a06:98c1:3100::c48b:c8b9,4,4,0.00,623.34,0.00,SIN
2a06:98c1:310f:0:4e3d:993e:805d:f0e9,4,4,0.00,623.34,0.00,SIN
2803:f800:50:57d1:f51a:6550:af51:9c0b,4,4,0.00,623.34,0.00,SIN
2a06:98c1:3101:3c:c9b1:9b7f:ce97:fc0,4,4,0.00,623.34,0.00,SIN
2803:f800:51:bd:ac26:c089:a191:81de,4,4,0.00,623.34,0.00,SIN
2a06:98c1:310c:904c:4b9f:e7d6:91ed:2549,4,4,0.00,623.34,0.00,SIN
2a06:98c1:3104:0:ced7:a67a:6f42:b514,4,4,0.00,623.34,0.00,SIN
2a06:98c1:310c:904c:4b9f:670f:8124:63e2,4,4,0.00,623.35,0.00,SIN
2a06:98c1:3106:48:d463:1526:b293:ee22,4,4,0.00,623.36,0.00,SIN
2a06:98c1:310c:0:d9e0:c48c:d197:c198,4,4,0.00,623.37,0.00,SIN
2a06:98c1:310c:904c:4b0b:db61:94a1:d10a,4,4,0.00,623.40,0.00,SIN
2a06:98c1:3106:c2c8:50a8:2893:832a:583,4,4,0.00,623.40,0.00,SIN
2a06:98c1:3105:6e:2f22:ff84:5d18:a8e3,4,4,0.00,623.41,0.00,SIN
2400:cb00:2049:0:88f9:e4d0:b20d:b89c,4,4,0.00,623.41,0.00,SIN
2a06:98c1:3103:fc:94c9:c0b9:c229:e9ca,4,4,0.00,623.42,0.00,SIN
2803:f800:51:367e:a1e2:9c4:de52:9005,4,4,0.00,623.43,0.00,SIN
2a06:98c1:310f:1c:956:3674:41d4:48ea,4,4,0.00,623.44,0.00,SIN
2a06:98c1:3107:e29a:ecce:73d3:f50c:bf1a,4,4,0.00,623.47,0.00,SIN
2a06:98c1:3109:0:74d0:9974:5ee:d289,4,4,0.00,623.48,0.00,SIN
2a06:98c1:51:7c:7be4:4484:b8a9:afc0,4,4,0.00,623.48,0.00,SIN
2a06:98c1:310a:0:a27b:4493:95ab:fee,4,4,0.00,623.48,0.00,SIN
2a06:98c1:310f:1c:956:e868:4488:b91c,4,4,0.00,623.49,0.00,SIN
2a06:98c1:310d:a8:a6b8:c088:4ded:c9ae,4,4,0.00,623.49,0.00,SIN
2803:f800:51:5961:bc6:6a6e:3c01:e2df,4,4,0.00,623.53,0.00,SIN
2803:f800:50:0:cf:7215:21e5:be32,4,4,0.00,623.54,0.00,SIN
2a06:98c1:3104:0:9ec2:7b90:d1c2:107e,4,4,0.00,623.55,0.00,SIN
2a06:98c1:3105:6:4985:7323:ee03:c28,4,4,0.00,623.56,0.00,SIN
2a06:98c1:310a:0:5e:372e:a661:3510,4,4,0.00,623.58,0.00,SIN
2a06:98c1:3109:30:4724:6c63:bec9:4291,4,4,0.00,623.58,0.00,SIN
2a06:98c1:3100:b521:6cd0:aaad:f058:a69a,4,4,0.00,623.60,0.00,SIN
2a06:98c1:310b:8009:1114:d634:eef6:d64,4,4,0.00,623.61,0.00,SIN
2a06:98c1:3107:e291:8270:a0a9:3ca3:e4c0,4,4,0.00,623.63,0.00,SIN
2a06:98c1:51:7c:a3a3:56:a7f5:65b,4,4,0.00,623.63,0.00,SIN
2803:f800:50:0:80:9222:8f5e:e795,4,4,0.00,623.64,0.00,SIN
2a06:98c1:3105:6:4985:338c:a23f:502c,4,4,0.00,623.64,0.00,SIN
2a06:98c1:310c:9063:68cf:2874:a542:7e8d,4,4,0.00,623.66,0.00,SIN
2a06:98c1:3109:0:cb3:cb63:f206:d589,4,4,0.00,623.67,0.00,SIN
2a06:98c1:310b:ffe6:5bab:c1e8:b45a:2e55,4,4,0.00,623.67,0.00,SIN
2a06:98c1:3107:e29a:ec56:1a64:339e:7e6d,4,4,0.00,623.68,0.00,SIN
2a06:98c1:3104:0:ced7:d85:e2a7:77f7,4,4,0.00,623.72,0.00,SIN
2a06:98c1:3101:3c:c9b1:9b7f:d362:cfb4,4,4,0.00,623.73,0.00,SIN
2a06:98c1:3101:0:33:f7c1:cd75:d03a,4,4,0.00,623.73,0.00,SIN
2803:f800:51:367e:a11c:8fda:d9c8:20dd,4,4,0.00,623.74,0.00,SIN
2a06:98c1:310c:9063:b23e:9e2f:4714:46f9,4,4,0.00,623.74,0.00,SIN
2a06:98c1:3104:de:8612:983c:de2e:709b,4,4,0.00,623.76,0.00,SIN
2a06:98c1:3106:c28d:8ce5:bd4f:68e7:10fa,4,4,0.00,623.76,0.00,SIN
2803:f800:50:57d1:2d9e:b531:c58a:6d7b,4,4,0.00,623.76,0.00,SIN
2a06:98c1:310c:9063:6847:6c0f:b098:c2fa,4,4,0.00,623.76,0.00,SIN
2803:f800:50:85:2221:dddb:9b5d:df25,4,4,0.00,623.79,0.00,SIN
2a06:98c1:51:e1:e8c0:bbe2:cd2a:5726,4,4,0.00,623.79,0.00,SIN
2803:f800:51:5961:57:ed90:900:855c,4,4,0.00,623.79,0.00,SIN
2803:f800:51:5961:df6d:ba86:d11d:7a5c,4,4,0.00,623.79,0.00,SIN
2a06:98c1:3107:9d:b809:62e9:4529:d0da,4,4,0.00,623.80,0.00,SIN
2a06:98c1:310a:0:a2a0:b0fc:c44b:2c76,4,4,0.00,623.80,0.00,SIN
2a06:98c1:3106:a6:9d0f:5b0b:9335:a48d,4,4,0.00,623.81,0.00,SIN
2803:f800:51:5961:57:44b7:3d6a:66d5,4,4,0.00,623.81,0.00,SIN
2a06:98c1:51:7c:a3a3:5fb7:8d00:245,4,4,0.00,623.82,0.00,SIN
2a06:98c1:310a::8af,4,4,0.00,623.82,0.00,SIN
2a06:98c1:310e:7cd0:862f:e059:9410:1f42,4,4,0.00,623.83,0.00,SIN
2a06:98c1:310a:7e:6dca:23f2:4b78:e01f,4,4,0.00,623.83,0.00,SIN
2803:f800:51:367e:533a:a674:4217:e18f,4,4,0.00,623.85,0.00,SIN
2a06:98c1:310c:9063:6847:6cec:2626:fa7a,4,4,0.00,623.85,0.00,SIN
2a06:98c1:3104:29db:2fe4:f5b:a652:afe8,4,4,0.00,623.85,0.00,SIN
2a06:98c1:3109:30:ae14:e847:f44f:7c66,4,4,0.00,623.87,0.00,SIN
2a06:98c1:3106:a6:9d0f:5ba7:9c39:a285,4,4,0.00,623.88,0.00,SIN
2400:cb00:2049:d7:b392:a302:da21:e02a,4,4,0.00,623.89,0.00,SIN
2a06:98c1:3100:b521:fa38:5a5f:39db:3471,4,4,0.00,623.89,0.00,SIN
2a06:98c1:3109:bf:9723:38d1:61ea:8771,4,4,0.00,623.90,0.00,SIN
2a06:98c1:3106:c2c8:c49:802e:2faa:9f28,4,4,0.00,623.91,0.00,SIN
2a06:98c1:3104:29db:2fe4:f5b:a681:ace2,4,4,0.00,623.92,0.00,SIN
2a06:98c1:3109:30:ae14:e88e:bfcd:39d0,4,4,0.00,623.92,0.00,SIN
2a06:98c1:3104:ac88:c3a4:fff2:43be:b2ab,4,4,0.00,623.93,0.00,SIN
2a06:98c1:310e:7cd0:862f:3a96:a470:d7ca,4,4,0.00,623.93,0.00,SIN
2a06:98c1:3108:f1:e6e4:31a:4cbd:4e35,4,4,0.00,623.93,0.00,SIN
2803:f800:51:5943:75b4:7deb:71c9:e2a9,4,4,0.00,623.94,0.00,SIN
2a06:98c1:3107:e291:8270:e7b5:4461:5d1f,4,4,0.00,623.95,0.00,SIN
2803:f800:50:0:cf:de79:653f:b16e,4,4,0.00,623.95,0.00,SIN
2803:f800:51:59ed:e0b4:a353:f036:d617,4,4,0.00,623.96,0.00,SIN
2a06:98c1:3102:0:d727:aeda:d9ec:2697,4,4,0.00,623.97,0.00,SIN
2a06:98c1:310b:80ff:345e:17d8:1aea:e290,4,4,0.00,623.98,0.00,SIN
2803:f800:51:5961:bc6:6a6e:3cc0:85ed,4,4,0.00,623.98,0.00,SIN
2a06:98c1:310e:7cd0:86ce:bc33:d324:b75b,4,4,0.00,623.98,0.00,SIN
2a06:98c1:310e:7cd0:86ce:bc33:c09b:ade2,4,4,0.00,623.99,0.00,SIN
2a06:98c1:3109:30:4724:419d:371b:c0c4,4,4,0.00,624.00,0.00,SIN
2a06:98c1:3103:fc:9491:42db:9ee8:33e0,4,4,0.00,624.02,0.00,SIN
2803:f800:51:5961:df6d:ef93:c3b9:6a42,4,4,0.00,624.03,0.00,SIN
2a06:98c1:3103:cfb8:4f94:e2b7:e493:c47d,4,4,0.00,624.04,0.00,SIN
2a06:98c1:3104:ac2b:23ec:21e8:b075:a1e6,4,4,0.00,624.04,0.00,SIN
2a06:98c1:3109:0:9be8:8247:5aa7:c669,4,4,0.00,624.04,0.00,SIN
2a06:98c1:310d::26c4:a3ec:98e,4,4,0.00,624.05,0.00,SIN
2a06:98c1:3109:5cfd:239a:5093:10c3:1d17,4,4,0.00,624.06,0.00,SIN
2a06:98c1:310a:1f5e:ae7c:28f7:51c0:3377,4,4,0.00,624.07,0.00,SIN
2400:cb00:2049:d7:b392:263b:4ce6:d2a,4,4,0.00,624.07,0.00,SIN
2a06:98c1:310c:9063:6847:6cea:3513:4223,4,4,0.00,624.08,0.00,SIN
2a06:98c1:310a:1f5e:aee5:fd53:cd8b:d00f,4,4,0.00,624.09,0.00,SIN
2803:f800:51:0:ceac:87bf:5193:22be,4,4,0.00,624.11,0.00,SIN
2a06:98c1:3107:e291:a34e:689d:9c34:1f52,4,4,0.00,624.11,0.00,SIN
2a06:98c1:3105:922e:597f:c6cd:1244:9b42,4,4,0.00,624.14,0.00,SIN
2400:cb00:2049:0:73:dacd:1712:5c3c,4,4,0.00,624.15,0.00,SIN
2a06:98c1:310b:ee:80c5:8ce1:9613:cf16,4,4,0.00,624.15,0.00,SIN
2a06:98c1:3100:0:5418:7ab2:a2f2:261a,4,4,0.00,624.17,0.00,SIN
2a06:98c1:3100:245c:b01:e3e5:ab75:66f5,4,4,0.00,624.17,0.00,SIN
2a06:98c1:3104:0:f0:92f8:b2c9:be46,4,4,0.00,624.19,0.00,SIN
2803:f800:51:68:d053:100c:ddd9:a410,4,4,0.00,624.19,0.00,SIN
2a06:98c1:51:7c:a3cf:cc4d:659a:92f4,4,4,0.00,624.19,0.00,SIN
2a06:98c1:3101:0:5c3c:6ff3:df1e:daa2,4,4,0.00,624.20,0.00,SIN
2a06:98c1:3105:7bac:7555:f0e2:2d63:c87b,4,4,0.00,624.20,0.00,SIN
2a06:98c1:310d:9eb:e789:63a7:13a:d1ea,4,4,0.00,624.21,0.00,SIN
2a06:98c1:3105:4:779f:a110:71c1:1f45,4,4,0.00,624.22,0.00,SIN
2a06:98c1:3104:ac2b:23ec:7d08:d1c1:1a4,4,4,0.00,624.23,0.00,SIN
2a06:98c1:3109:0:c23:352f:bd27:3b73,4,4,0.00,624.24,0.00,SIN
2a06:98c1:3106:a6:9d0f:5b5a:5552:f164,4,4,0.00,624.24,0.00,SIN
2a06:98c1:310e:7cd0:f0b3:7d07:ca51:26da,4,4,0.00,624.25,0.00,SIN
2a06:98c1:3108::7b15:af00:fafb,4,4,0.00,624.25,0.00,SIN
2803:f800:51:59ed:389a:4734:851c:6813,4,4,0.00,624.28,0.00,SIN
2a06:98c1:3104:acf0:bb92:38d:4e8:fab9,4,4,0.00,624.28,0.00,SIN
2a06:98c1:3105:922e:597f:c656:1b05:f0da,4,4,0.00,624.29,0.00,SIN
2a06:98c1:3107:e291:390:5d8a:342:345,4,4,0.00,624.29,0.00,SIN
2a06:98c1:3102:69:1cf3:cc9a:adcb:c9d0,4,4,0.00,624.30,0.00,SIN
2a06:98c1:3105:b3:85df:d8af:17ba:b55,4,4,0.00,624.30,0.00,SIN
2a06:98c1:3106:c28d:8ce5:bd4f:2995:ac5f,4,4,0.00,624.31,0.00,SIN
2803:f800:51:361b:3aab:2678:ba15:4de4,4,4,0.00,624.32,0.00,SIN
2a06:98c1:3104:ac4b:e552:e985:3b2d:feb5,4,4,0.00,624.32,0.00,SIN
2a06:98c1:3107:e29a:d6c1:5f7b:4040:2059,4,4,0.00,624.33,0.00,SIN
2a06:98c1:3102:69:1ca3:f13b:ed53:55a0,4,4,0.00,624.33,0.00,SIN
2803:f800:51:5961:bc6:8b:867c:9853,4,4,0.00,624.35,0.00,SIN
2a06:98c1:3102:69:46a2:979c:f692:e9b1,4,4,0.00,624.35,0.00,SIN
2803:f800:51:c4:de54:f6b:ef00:c0ad,4,4,0.00,624.36,0.00,SIN
2a06:98c1:3107:6a76:59f3:2412:859e:8b7f,4,4,0.00,624.37,0.00,SIN
2a06:98c1:3104::4a:8d75,4,4,0.00,624.37,0.00,SIN
2a06:98c1:3100:b521:fa38:5a5f:c3c4:3297,4,4,0.00,624.39,0.00,SIN
2803:f800:51:c4:820d:dcbc:8818:88cb,4,4,0.00,624.39,0.00,SIN
2803:f800:51:367e:f61a:2a97:6279:10a5,4,4,0.00,624.41,0.00,SIN
2a06:98c1:310c:0:d9f8:2c3b:ba45:2449,4,4,0.00,624.42,0.00,SIN
2a06:98c1:3104:de:86ed:9975:c491:55a1,4,4,0.00,624.45,0.00,SIN
2803:f800:51:59ed:e0a2:565d:a6f5:eb21,4,4,0.00,624.45,0.00,SIN
2a06:98c1:3108:8d:db28:cbf7:7e1b:43d1,4,4,0.00,624.48,0.00,SIN
2a06:98c1:310c:9063:68f6:8e3a:15bb:e8a7,4,4,0.00,624.49,0.00,SIN
2a06:98c1:310b:8009:11b4:9edd:2a47:337,4,4,0.00,624.50,0.00,SIN
2a06:98c1:310b::4e:e54f,4,4,0.00,624.50,0.00,SIN
2a06:98c1:3105:b3:6722:fec3:8f41:8dca,4,4,0.00,624.52,0.00,SIN
2a06:98c1:3109:0:9bb5:f4a9:9484:9d6f,4,4,0.00,624.53,0.00,SIN
2400:cb00:2049:d7:7de:da79:5804:494a,4,4,0.00,624.53,0.00,SIN
2a06:98c1:3107:9d:624a:7fa:ee6:77fc,4,4,0.00,624.53,0.00,SIN
2803:f800:51:361b:3ac1:8880:b0d:4bd0,4,4,0.00,624.55,0.00,SIN
2a06:98c1:3109:30:4724:6ce3:dae:4cbb,4,4,0.00,624.56,0.00,SIN
2400:cb00:2049:0:88f9:e4d0:b2fe:63a8,4,4,0.00,624.56,0.00,SIN
2a06:98c1:3106:a6:9d0f:5b5a:e8fd:bb2c,4,4,0.00,624.56,0.00,SIN
2a06:98c1:3102:a178:b402:8b2f:346d:536b,4,4,0.00,624.56,0.00,SIN
2a06:98c1:3109:0:10:a64b:c978:2d34,4,4,0.00,624.58,0.00,SIN
2803:f800:51:59ed:e0a2:cb00:e8c4:413e,4,4,0.00,624.60,0.00,SIN
2a06:98c1:3102:69:46a2:9747:d73d:fc89,4,4,0.00,624.60,0.00,SIN
2a06:98c1:3109:30:4724:e7e2:4d8d:2572,4,4,0.00,624.61,0.00,SIN
2a06:98c1:3108::e4:4d02:1f7d,4,4,0.00,624.62,0.00,SIN
2803:f800:51:bd:5104:154b:8f5:afe5,4,4,0.00,624.65,0.00,SIN
2400:cb00:2049:0:88f9:e4ed:1878:e8c6,4,4,0.00,624.65,0.00,SIN
2803:f800:51:5943:77b0:7910:bd12:564,4,4,0.00,624.68,0.00,SIN
2a06:98c1:310e:7cd0:862f:3a96:a4e6:8502,4,4,0.00,624.68,0.00,SIN
2a06:98c1:3108:0:fceb:4360:19d2:bc2e,4,4,0.00,624.70,0.00,SIN
2a06:98c1:3103:cfb8:ea61:9ca3:ca71:5ebe,4,4,0.00,624.71,0.00,SIN
2803:f800:51:59ed:e0a2:cb00:6d60:72d4,4,4,0.00,624.73,0.00,SIN
2400:cb00:2049:d7:b392:263b:e4bf:6ae1,4,4,0.00,624.74,0.00,SIN
2a06:98c1:3103:cfb8:7ab2:dd42:d384:7cf3,4,4,0.00,624.74,0.00,SIN
2a06:98c1:3102:0:d727:d6a1:7bd8:2cc0,4,4,0.00,624.76,0.00,SIN
2a06:98c1:310c:904c:df72:8f5f:c5db:29bf,4,4,0.00,624.78,0.00,SIN
2803:f800:51:59ed:e0a2:565d:1a99:f041,4,4,0.00,624.78,0.00,SIN
2a06:98c1:3102:a11b:dd25:d22e:95c2:96f3,4,4,0.00,624.78,0.00,SIN
2a06:98c1:3103:fc:94c9:c0f1:388a:3ce7,4,4,0.00,624.78,0.00,SIN
2a06:98c1:3105:92dd:a803:56d6:78c5:3705,4,4,0.00,624.79,0.00,SIN
2400:cb00:2049:0:88f9:e478:5c7f:134b,4,4,0.00,624.85,0.00,SIN
2a06:98c1:3101:0:5c3c:fd1a:73c6:1149,4,4,0.00,624.87,0.00,SIN
2a06:98c1:3103:cfb8:7a89:59c3:41e2:7020,4,4,0.00,624.88,0.00,SIN
2a06:98c1:3102:0:358c:cd36:ce24:7219,4,4,0.00,624.88,0.00,SIN
2a06:98c1:3102:e6:22db:56da:f54d:389d,4,4,0.00,624.89,0.00,SIN
2a06:98c1:310d:9eb:e789:63a7:180:2572,4,4,0.00,624.90,0.00,SIN
2a06:98c1:3103::92:2e32:d776,4,4,0.00,624.91,0.00,SIN
2803:f800:51:5943:8229:61fd:9b82:96a2,4,4,0.00,624.92,0.00,SIN
2a06:98c1:3107:6a76:566c:6064:c0a9:1c00,4,4,0.00,624.92,0.00,SIN
2a06:98c1:3105:6e:2f22:ff84:19f5:4de0,4,4,0.00,624.92,0.00,SIN
2803:f800:50:57d1:f51a:6550:afaa:4f93,4,4,0.00,624.93,0.00,SIN
2a06:98c1:310f:0:ab:96f9:3ba4:75a1,4,4,0.00,624.94,0.00,SIN
2a06:98c1:310f::92:3153:6cb3,4,4,0.00,624.95,0.00,SIN
2a06:98c1:3101:0:8acc:26e9:8a3c:7e7f,4,4,0.00,624.96,0.00,SIN
2803:f800:51:361b:3a43:f20a:2ce1:986,4,4,0.00,624.98,0.00,SIN
2a06:98c1:3108:b0b7:b720:745b:d6a3:f10d,4,4,0.00,624.98,0.00,SIN
2a06:98c1:310d:0:c8bc:9089:6503:c5d8,4,4,0.00,624.98,0.00,SIN
2a06:98c1:3105:6:496b:6b2e:806:71e2,4,4,0.00,624.99,0.00,SIN
2a06:98c1:51:7c:a3cf:60d7:e3e4:499c,4,4,0.00,624.99,0.00,SIN
2803:f800:51:5943:901e:9212:8cd7:87b,4,4,0.00,625.00,0.00,SIN
2a06:98c1:3101:b8:dddd:836c:4c75:5bc0,4,4,0.00,625.00,0.00,SIN
2a06:98c1:3109:0:9be8:8202:b0da:d576,4,4,0.00,625.02,0.00,SIN
2a06:98c1:3108:0:f7:2b61:f343:2154,4,4,0.00,625.04,0.00,SIN
2a06:98c1:3101:b8:60e2:3708:8aaa:205d,4,4,0.00,625.05,0.00,SIN
2a06:98c1:3109:30:ae14:e847:c880:e527,4,4,0.00,625.05,0.00,SIN
2a06:98c1:3105:b3:85df:f7ec:af71:7a9d,4,4,0.00,625.06,0.00,SIN
2a06:98c1:310b:80ff:abd7:14c6:e67e:d6aa,4,4,0.00,625.06,0.00,SIN
2a06:98c1:3104:ac2b:23ec:214f:f76d:c704,4,4,0.00,625.08,0.00,SIN
2a06:98c1:3105:92dd:479:a41:7bf0:f812,4,4,0.00,625.08,0.00,SIN
2a06:98c1:3107:e29a:d628:4dbf:7967:17e,4,4,0.00,625.08,0.00,SIN
2a06:98c1:310a:1f5e:aee5:fd53:766c:c0b8,4,4,0.00,625.11,0.00,SIN
2a06:98c1:310f:0:4e8d:6710:24c4:d255,4,4,0.00,625.11,0.00,SIN
2a06:98c1:310b:ffe6:bb4e:d84f:d72c:5fed,4,4,0.00,625.12,0.00,SIN
2a06:98c1:3102:69:1ca3:f192:8734:f29,4,4,0.00,625.13,0.00,SIN
2a06:98c1:3109:0:cb3:2361:bb8c:21cb,4,4,0.00,625.13,0.00,SIN
2400:cb00:2049:0:88f9:74f:97bc:4230,4,4,0.00,625.18,0.00,SIN
2a06:98c1:3102:0:d7e7:d1a0:d8de:9d17,4,4,0.00,625.19,0.00,SIN
2a06:98c1:310a::9cd1:1e7:4e9c,4,4,0.00,625.22,0.00,SIN
2803:f800:51:361b:3a9d:f9b:43f5:eecd,4,4,0.00,625.23,0.00,SIN
2a06:98c1:3107::813,4,4,0.00,625.25,0.00,SIN
2400:cb00:2049:fa3:8cb5:b503:e453:cf56,4,4,0.00,625.29,0.00,SIN
2803:f800:51:5961:df6d:4916:9d04:2e75,4,4,0.00,625.29,0.00,SIN
2a06:98c1:3107:e291:8270:e73d:b514:cdb3,4,4,0.00,625.30,0.00,SIN
2803:f800:51:5961:bc6:35c4:ebae:621b,4,4,0.00,625.31,0.00,SIN
2803:f800:51:68:d053:5e40:b719:a6a,4,4,0.00,625.33,0.00,SIN
2a06:98c1:3102:69:1cf3:ccbd:1521:5c22,4,4,0.00,625.35,0.00,SIN
2a06:98c1:3105:6:496b:976:1786:561a,4,4,0.00,625.35,0.00,SIN
2a06:98c1:3107:e213:9fca:d554:1478:e8,4,4,0.00,625.38,0.00,SIN
2803:f800:51:59ed:e0b4:7571:13ae:b61e,4,4,0.00,625.38,0.00,SIN
2a06:98c1:310a:1f5e:aee5:fd53:b996:f16a,4,4,0.00,625.39,0.00,SIN
2a06:98c1:310c:52:c5cc:71aa:f09b:c025,4,4,0.00,625.39,0.00,SIN
2a06:98c1:310f::92:b6ff:e863,4,4,0.00,625.40,0.00,SIN
2a06:98c1:3100:245c:b86:cf57:fb62:e438,4,4,0.00,625.43,0.00,SIN
2803:f800:50:57d1:f51a:6554:fdaa:5ce,4,4,0.00,625.44,0.00,SIN
2a06:98c1:310a:4e:c0a1:8347:3aa4:49c4,4,4,0.00,625.45,0.00,SIN
2a06:98c1:3102:0:d7e7:d1a0:d844:58e9,4,4,0.00,625.48,0.00,SIN
2a06:98c1:3106:0:16af:2817:419:1bcb,4,4,0.00,625.50,0.00,SIN
2a06:98c1:310c:9063:b271:55bf:1f12:4fc3,4,4,0.00,625.56,0.00,SIN
2a06:98c1:3102:0:d7e7:58d0:3394:72b3,4,4,0.00,625.57,0.00,SIN
2a06:98c1:3106:48:d463:f415:bd33:1fb4,4,4,0.00,625.58,0.00,SIN
2a06:98c1:3106:c28d:8ce5:bd4f:2981:9c43,4,4,0.00,625.60,0.00,SIN
2a06:98c1:3104::31:a7f9:b631,4,4,0.00,625.60,0.00,SIN
2a06:98c1:3107:e291:390:8546:1fd2:d1c2,4,4,0.00,625.60,0.00,SIN
2a06:98c1:3101:3c:967c:8ba8:5df4:66bb,4,4,0.00,625.60,0.00,SIN
2a06:98c1:310c:9063:6847:6cea:35a0:b496,4,4,0.00,625.61,0.00,SIN
2a06:98c1:3101:b508:f970:badf:ec5b:38c7,4,4,0.00,625.62,0.00,SIN
2a06:98c1:3105:92dd:a803:56bf:1e16:333b,4,4,0.00,625.66,0.00,SIN
2a06:98c1:310b:8009:11b4:9e02:386b:19c4,4,4,0.00,625.66,0.00,SIN
2a06:98c1:3105:6:49ba:dfa5:e2e5:69ad,4,4,0.00,625.68,0.00,SIN
2a06:98c1:3102:0:d7e7:d1bc:48e9:ef7c,4,4,0.00,625.68,0.00,SIN
2a06:98c1:3106:c28d:8ce5:bd4d:57e0:975d,4,4,0.00,625.68,0.00,SIN
2a06:98c1:3106:a6:9d0f:67f9:264f:566e,4,4,0.00,625.73,0.00,SIN
2a06:98c1:310c:9063:68f6:8e3a:4aac:2c73,4,4,0.00,625.73,0.00,SIN
2a06:98c1:3109:0:cb3:cbad:9b0:76e9,4,4,0.00,625.74,0.00,SIN
2a06:98c1:3102:69:46f0:d180:a207:1255,4,4,0.00,625.75,0.00,SIN
2803:f800:51:59ed:389a:4753:f48a:4ac1,4,4,0.00,625.83,0.00,SIN
2803:f800:51:361b:3a43:1bb3:1021:a92,4,4,0.00,625.84,0.00,SIN
2803:f800:51:5943:82ff:5cd5:8312:f137,4,4,0.00,625.87,0.00,SIN
2a06:98c1:310b:8009:1114:d634:50c2:fe8a,4,4,0.00,625.87,0.00,SIN
2a06:98c1:3109:30:4724:d707:9c22:3eb7,4,4,0.00,625.88,0.00,SIN
2a06:98c1:3102:a178:b402:f6c0:df6a:b33d,4,4,0.00,625.89,0.00,SIN
2a06:98c1:3101:0:5c3c:6f42:9b5:8aa3,4,4,0.00,625.89,0.00,SIN
2a06:98c1:310a:1f5e:aee5:fd3c:7ce5:3522,4,4,0.00,625.90,0.00,SIN
2a06:98c1:3103:cfb8:7a9a:e475:58e2:5b23,4,4,0.00,625.93,0.00,SIN
2803:f800:51:59ed:e0a2:660e:95a2:6b3d,4,4,0.00,625.97,0.00,SIN
2a06:98c1:310a:0:f9:c6fa:cdb2:db4b,4,4,0.00,626.04,0.00,SIN
2a06:98c1:3102:69:1cf3:d6ee:e127:aff3,4,4,0.00,626.05,0.00,SIN
2a06:98c1:3105::f2:8f66:f62c,4,4,0.00,626.07,0.00,SIN
2a06:98c1:310c:904c:dfca:8ae5:65e8:2814,4,4,0.00,626.09,0.00,SIN
2a06:98c1:3101:b5b3:962f:4ec3:5dda:9e3e,4,4,0.00,626.09,0.00,SIN
2400:cb00:2049:d7:b3f1:3b73:a292:a0ca,4,4,0.00,626.13,0.00,SIN
2a06:98c1:310b:ffe6:5b79:4ff:fbc3:58bf,4,4,0.00,626.13,0.00,SIN
2a06:98c1:3104:de:86ed:9996:e43b:39ec,4,4,0.00,626.14,0.00,SIN
2803:f800:51:68:d053:100c:dd04:ddd0,4,4,0.00,626.14,0.00,SIN
2a06:98c1:3105:6:496b:976:1774:135c,4,4,0.00,626.15,0.00,SIN
2a06:98c1:3105:6e:2f27:93f7:2ec3:dff9,4,4,0.00,626.16,0.00,SIN
2a06:98c1:3107:e213:9fb3:2c1b:4ee:deb2,4,4,0.00,626.19,0.00,SIN
2a06:98c1:310b:8009:1114:1aa5:4d7e:b298,4,4,0.00,626.21,0.00,SIN
2a06:98c1:3105:b3:6722:fec3:8f5f:6fa9,4,4,0.00,626.22,0.00,SIN
2a06:98c1:3100::b656:1e1:800e,4,4,0.00,626.22,0.00,SIN
2a06:98c1:3109:30:4724:6d21:583f:e9be,4,4,0.00,626.22,0.00,SIN
2a06:98c1:3109:0:74a8:2ad4:965e:3934,4,4,0.00,626.22,0.00,SIN
2803:f800:50:57d1:f51a:5447:6b6f:37b9,4,4,0.00,626.29,0.00,SIN
2803:f800:51:59ed:389a:4753:f445:1979,4,4,0.00,626.32,0.00,SIN
2400:cb00:2049:0:88f9:536:7d6c:b6aa,4,4,0.00,626.34,0.00,SIN
2a06:98c1:310b:0:b7d7:368b:ece5:e934,4,4,0.00,626.37,0.00,SIN
2a06:98c1:3107:e213:9fb3:2cb1:107c:c321,4,4,0.00,626.38,0.00,SIN
2a06:98c1:3103:cfb8:7a89:fdd4:2cb3:57e2,4,4,0.00,626.39,0.00,SIN
2803:f800:51:68:d0b2:122a:ab89:c6c9,4,4,0.00,626.41,0.00,SIN
2a06:98c1:3104:0:9ec2:7b90:2fd6:cd6f,4,4,0.00,626.41,0.00,SIN
2a06:98c1:3103:cfb8:ea61:9cf3:424e:f5ef,4,4,0.00,626.50,0.00,SIN
2a06:98c1:3109:0:74a8:2add:1fb8:11ae,4,4,0.00,626.52,0.00,SIN
2a06:98c1:310a:1f5e:aee5:fd53:b927:9111,4,4,0.00,626.53,0.00,SIN
2a06:98c1:51:7c:a3a3:50:3d76:579f,4,4,0.00,626.53,0.00,SIN
2400:cb00:2049:d7:b392:61e3:8027:c3d1,4,4,0.00,626.55,0.00,SIN
2a06:98c1:310b::5e2e:e95d,4,4,0.00,626.56,0.00,SIN
2a06:98c1:310e:7cd0:862f:e059:94b4:b0ec,4,4,0.00,626.56,0.00,SIN
2803:f800:51:c4:820d:9c40:5ac3:793a,4,4,0.00,626.57,0.00,SIN
2803:f800:51:5943:75a4:23ab:bcc7:ef6,4,4,0.00,626.57,0.00,SIN
2a06:98c1:3106:c2c8:50a8:28fb:dc4c:2436,4,4,0.00,626.58,0.00,SIN
2a06:98c1:3108:b0b7:b720:745b:9b9f:9eb3,4,4,0.00,626.58,0.00,SIN
2a06:98c1:3102:e6:c2fc:9bea:2854:fc82,4,4,0.00,626.58,0.00,SIN
2a06:98c1:3106:a6:9d0f:67f9:6343:a0d8,4,4,0.00,626.62,0.00,SIN
2a06:98c1:310b::18:4ad4:23c,4,4,0.00,626.64,0.00,SIN
2a06:98c1:3101::4e8b:3f94:7c3d,4,4,0.00,626.64,0.00,SIN
2a06:98c1:3107:6a76:b2d6:896a:bb0d:a855,4,4,0.00,626.66,0.00,SIN
2a06:98c1:51:7c:a3f3:a31b:7c63:dfda,4,4,0.00,626.66,0.00,SIN
2a06:98c1:3104:ac2b:2377:56ce:1da9:d662,4,4,0.00,626.68,0.00,SIN
2803:f800:51:bd:5100:60af:24d6:9b83,4,4,0.00,626.69,0.00,SIN
2a06:98c1:310c:904c:4b35:8ad9:6abf:efe4,4,4,0.00,626.71,0.00,SIN
2a06:98c1:3105:6e:2f22:ff84:1980:2e21,4,4,0.00,626.72,0.00,SIN
2a06:98c1:3106:c28d:8ce5:4149:5102:58ba,4,4,0.00,626.74,0.00,SIN
2803:f800:51:5961:b4f:4bd7:4a38:8970,4,4,0.00,626.75,0.00,SIN
2a06:98c1:3108:f1:314b:27fb:e3c3:64f0,4,4,0.00,626.77,0.00,SIN
2803:f800:51:367e:a11c:8fda:b3e9:9f1e,4,4,0.00,626.78,0.00,SIN
2a06:98c1:3108::dc42:a373:7d1b,4,4,0.00,626.80,0.00,SIN
2a06:98c1:3104:ac4b:65b0:dd3c:1f12:6fe2,4,4,0.00,626.81,0.00,SIN
2a06:98c1:3104:0:9ec2:7b90:1621:b54e,4,4,0.00,626.81,0.00,SIN
2a06:98c1:3104:de:8612:e0a8:4a16:3729,4,4,0.00,626.84,0.00,SIN
2400:cb00:2049:0:88f9:582:74c7:3e64,4,4,0.00,626.84,0.00,SIN
2a06:98c1:3109::bb50:6471:3a66,4,4,0.00,626.85,0.00,SIN
2a06:98c1:310b:80ff:abd7:1401:e84f:174c,4,4,0.00,626.89,0.00,SIN
2a06:98c1:3102:69:1ca3:6e59:ba94:b203,4,4,0.00,626.90,0.00,SIN
2a06:98c1:3108:0:fcad:8137:7e1f:86c3,4,4,0.00,626.90,0.00,SIN
2a06:98c1:3109::bb50:64c6:e521,4,4,0.00,626.91,0.00,SIN
2400:cb00:2049:0:88f9:536:ecdc:2356,4,4,0.00,626.92,0.00,SIN
2a06:98c1:3102:e6:c2fc:9b39:fa7b:70f6,4,4,0.00,626.93,0.00,SIN
2803:f800:51:361b:3a9d:f9b:437e:8cc2,4,4,0.00,626.94,0.00,SIN
2a06:98c1:310e:d4b0:c27f:f1e9:b335:764e,4,4,0.00,626.95,0.00,SIN
2a06:98c1:310c:90c1:e221:f114:828b:90fa,4,4,0.00,627.00,0.00,SIN
2a06:98c1:310c:52:c5cc:71aa:c69:8dc3,4,4,0.00,627.04,0.00,SIN
2a06:98c1:3105:7f:1074:4c18:a8f1:3aad,4,4,0.00,627.06,0.00,SIN
2a06:98c1:310d:7acf:1ef4:d1b:d83:65f7,4,4,0.00,627.07,0.00,SIN
2803:f800:51:367e:5328:3a40:6d78:4d30,4,4,0.00,627.09,0.00,SIN
2a06:98c1:3102:69:1ca3:ca6b:a50d:71af,4,4,0.00,627.11,0.00,SIN
2a06:98c1:51:7c:a3cf:2e3c:ef3c:819d,4,4,0.00,627.13,0.00,SIN
2a06:98c1:3109:0:9be8:a382:7b1:eee1,4,4,0.00,627.15,0.00,SIN
2a06:98c1:3105:4:779f:a110:9f86:ddec,4,4,0.00,627.21,0.00,SIN
2a06:98c1:3101:0:5cc3:bd0b:d217:e4b0,4,4,0.00,627.21,0.00,SIN
2a06:98c1:3109:0:9be8:a32b:7764:dd53,4,4,0.00,627.22,0.00,SIN
2a06:98c1:3106:a6:9deb:1cfe:38f4:2114,4,4,0.00,627.24,0.00,SIN
2a06:98c1:51:7c:a3cf:2e3c:6e6d:f2ca,4,4,0.00,627.25,0.00,SIN
2a06:98c1:310a::6d:78a1,4,4,0.00,627.27,0.00,SIN
2a06:98c1:3107:e29a:ec2c:9a53:69a8:23cd,4,4,0.00,627.30,0.00,SIN
2a06:98c1:3107:0:7084:f110:5d59:ccb3,4,4,0.00,627.31,0.00,SIN
2803:f800:50:0:cf:7215:ac45:805c,4,4,0.00,627.31,0.00,SIN
2a06:98c1:3101:b8:60e2:37b2:e30a:6805,4,4,0.00,627.33,0.00,SIN
2400:cb00:2049:421c:bbe9:4efb:5dc8:9d26,4,4,0.00,627.33,0.00,SIN
2803:f800:50:0:9f5c:aefe:9f5:6698,4,4,0.00,627.34,0.00,SIN
2a06:98c1:3101:0:5cc3:bd0b:8246:410,4,4,0.00,627.41,0.00,SIN
2803:f800:51:0:ceac:fee:8c50:2913,4,4,0.00,627.44,0.00,SIN
2a06:98c1:3106:48:aed1:3e71:62b3:cb64,4,4,0.00,627.44,0.00,SIN
2a06:98c1:3106:a6:9d0f:6746:b936:56c2,4,4,0.00,627.50,0.00,SIN
2a06:98c1:310d:0:12:22f5:5bb8:ceb5,4,4,0.00,627.53,0.00,SIN
2803:f800:51:c4:de54:f2c5:d086:1142,4,4,0.00,627.54,0.00,SIN
2803:f800:51:68:d053:10bd:ef46:3f0f,4,4,0.00,627.60,0.00,SIN
2803:f800:51:c4:de54:f269:426e:b8f3,4,4,0.00,627.61,0.00,SIN
2a06:98c1:3105:6:490b:994a:645:516a,4,4,0.00,627.64,0.00,SIN
2a06:98c1:3109:bf:9723:38d6:b7f0:18c1,4,4,0.00,627.69,0.00,SIN
2803:f800:51:5943:44ac:4b5d:901e:8c5a,4,4,0.00,627.73,0.00,SIN
2a06:98c1:310a:7e:6d50:52fa:20a8:690c,4,4,0.00,627.73,0.00,SIN
2803:f800:50:5768:3eab:cee8:1e63:ae05,4,4,0.00,627.76,0.00,SIN
2803:f800:51:361b:3a9d:f97:4c90:6211,4,4,0.00,627.76,0.00,SIN
2803:f800:51:5943:75b4:f5e9:de69:7bbe,4,4,0.00,627.77,0.00,SIN
2400:cb00:2049::68:be57:2ef,4,4,0.00,627.78,0.00,SIN
2803:f800:50:5768:3eab:cee8:1ed1:18e6,4,4,0.00,627.80,0.00,SIN
2a06:98c1:3107:e29a:d6c1:5f7b:d9fe:de44,4,4,0.00,627.80,0.00,SIN
2a06:98c1:3109:30:ae9e:70c8:6df:723d,4,4,0.00,627.82,0.00,SIN
2a06:98c1:3102:a11b:30f5:372b:a24a:7944,4,4,0.00,627.88,0.00,SIN
2a06:98c1:3106:0:ea:5a1c:688d:5ad5,4,4,0.00,627.91,0.00,SIN
2a06:98c1:3107:9d:275:15b1:37d1:5435,4,4,0.00,627.93,0.00,SIN
2803:f800:50:0:5b:b479:d320:9171,4,4,0.00,627.95,0.00,SIN
2a06:98c1:310f:0:ab:29ff:1fd4:275a,4,4,0.00,627.96,0.00,SIN
2a06:98c1:3100:b521:fa38:14e2:7fae:5a58,4,4,0.00,627.96,0.00,SIN
2a06:98c1:310a:1f5e:ae7c:6848:757b:f3b3,4,4,0.00,627.97,0.00,SIN
2a06:98c1:3104:ac2b:a1aa:7882:fec9:507c,4,4,0.00,627.97,0.00,SIN
2a06:98c1:3109:0:74a8:2ad4:c448:c45a,4,4,0.00,628.00,0.00,SIN
2400:cb00:2049:d7:b392:47ee:3819:74db,4,4,0.00,628.03,0.00,SIN
2a06:98c1:3109:0:9be8:82af:7f8a:5b6a,4,4,0.00,628.03,0.00,SIN
2a06:98c1:3106:c2c8:c49:e935:d2f9:cd41,4,4,0.00,628.05,0.00,SIN
2a06:98c1:3106:0:16af:2817:4d8:f5ad,4,4,0.00,628.05,0.00,SIN
2a06:98c1:3107:9d:275:155b:cd4e:7400,4,4,0.00,628.06,0.00,SIN
2a06:98c1:3106:c28d:8ce5:4149:dbca:57fb,4,4,0.00,628.06,0.00,SIN
2a06:98c1:3102:0:d727:ae98:5f49:6d6c,4,4,0.00,628.08,0.00,SIN
2a06:98c1:3106:a6:9deb:bcc6:342c:ea15,4,4,0.00,628.12,0.00,SIN
2a06:98c1:3104:0:ced7:a67a:c83b:b550,4,4,0.00,628.13,0.00,SIN
2a06:98c1:3105:6:496b:976:4294:4faa,4,4,0.00,628.13,0.00,SIN
2a06:98c1:3105:b3:85df:f7af:b9d4:7774,4,4,0.00,628.20,0.00,SIN
2803:f800:51:68:d053:5e40:d3d6:8ffd,4,4,0.00,628.23,0.00,SIN
2a06:98c1:3102:a11b:30ae:f7d6:2b0a:2efc,4,4,0.00,628.25,0.00,SIN
2a06:98c1:310c:9063:b271:b7f9:5648:f594,4,4,0.00,628.27,0.00,SIN
2a06:98c1:3109:0:f8:1df9:60a8:14b3,4,4,0.00,628.28,0.00,SIN
2a06:98c1:3105:92dd:39b4:fcd4:17eb:c3b9,4,4,0.00,628.28,0.00,SIN
2803:f800:50:5768:3eab:32b7:6edb:31fc,4,4,0.00,628.29,0.00,SIN
2a06:98c1:3105:b3:78f6:4706:7db9:3412,4,4,0.00,628.31,0.00,SIN
2a06:98c1:3107:e29a:ec2c:9a53:bb8d:961b,4,4,0.00,628.33,0.00,SIN
2a06:98c1:3101::4e8b:6751:f73a,4,4,0.00,628.36,0.00,SIN
2803:f800:51:0:ceac:8b0f:49d2:a722,4,4,0.00,628.36,0.00,SIN
2a06:98c1:3107:e29a:ec56:f078:fe82:6e62,4,4,0.00,628.38,0.00,SIN
2a06:98c1:3102:69:4631:bb41:84fa:46ae,4,4,0.00,628.41,0.00,SIN
2a06:98c1:3103:cfb8:4f94:f570:caa7:d476,4,4,0.00,628.47,0.00,SIN
2a06:98c1:3105:6:4981:47b6:ecae:5263,4,4,0.00,628.50,0.00,SIN
2a06:98c1:3107:e291:8270:a0a3:5e8c:641e,4,4,0.00,628.52,0.00,SIN
2a06:98c1:3107:e29a:ec56:1a9e:6479:94e0,4,4,0.00,628.61,0.00,SIN
2803:f800:50::dd:dbaf:9e8c,4,4,0.00,628.61,0.00,SIN
2a06:98c1:3106:a6:9deb:bcc6:a393:2e8,4,4,0.00,628.62,0.00,SIN
2a06:98c1:3104:ac2b:a1aa:7827:d290:d725,4,4,0.00,628.65,0.00,SIN
2a06:98c1:3106:c2c3:785c:fc61:7fa5:2293,4,4,0.00,628.69,0.00,SIN
2a06:98c1:3107:e291:a3a6:3c8e:44f7:570c,4,4,0.00,628.69,0.00,SIN
2a06:98c1:3101:0:5cc3:bd8f:aca7:1ecc,4,4,0.00,628.72,0.00,SIN
2a06:98c1:3108:b0b7:b720:745b:9b71:b7f,4,4,0.00,628.72,0.00,SIN
2a06:98c1:3106:a6:9deb:bcc6:341d:ead6,4,4,0.00,628.73,0.00,SIN
2803:f800:50::4b39:8b75,4,4,0.00,628.79,0.00,SIN
2803:f800:51:5961:df6d:4916:9d2c:5a55,4,4,0.00,628.80,0.00,SIN
2803:f800:51:bd:770c:cefd:deb:17cf,4,4,0.00,628.87,0.00,SIN
2a06:98c1:3105:b3:784b:63ba:3bb5:6ab6,4,4,0.00,628.87,0.00,SIN
2a06:98c1:3102:0:d79a:3e71:401b:fb9a,4,4,0.00,628.88,0.00,SIN
2a06:98c1:3109:0:74a8:ba79:99:84cb,4,4,0.00,628.90,0.00,SIN
2803:f800:50:57d1:f51a:6550:dd50:d527,4,4,0.00,628.92,0.00,SIN
2803:f800:51:361b:3aab:b9e:61b4:e3c9,4,4,0.00,628.94,0.00,SIN
2a06:98c1:3109:30:4724:6c63:be1f:62fa,4,4,0.00,628.94,0.00,SIN
2a06:98c1:3101:0:33:90b6:7af0:7dd8,4,4,0.00,628.96,0.00,SIN
2a06:98c1:3103:cfb8:7a89:fdb5:87f0:f9f5,4,4,0.00,628.99,0.00,SIN
2a06:98c1:3102:69:46f0:19bb:a1ca:2e99,4,4,0.00,629.00,0.00,SIN
2a06:98c1:3102:69:1ca3:f192:4265:266f,4,4,0.00,629.02,0.00,SIN
2a06:98c1:3104:0:ced7:a6aa:afcd:9c0,4,4,0.00,629.05,0.00,SIN
2a06:98c1:3108:8d:dbfc:8189:3a85:6b19,4,4,0.00,629.07,0.00,SIN
2a06:98c1:3101:b508:81fc:65ff:5b25:72d1,4,4,0.00,629.10,0.00,SIN
2803:f800:51:59ed:e0a2:565d:1a26:7e47,4,4,0.00,629.13,0.00,SIN
2803:f800:51:5961:dfff:8309:257b:7496,4,4,0.00,629.22,0.00,SIN
2a06:98c1:3108:8d:dbfc:4aaf:11ef:589a,4,4,0.00,629.26,0.00,SIN
2803:f800:51:5961:bc6:c91:2ed0:f4b8,4,4,0.00,629.28,0.00,SIN
2803:f800:51:367e:a11c:41b7:4999:2803,4,4,0.00,629.31,0.00,SIN
2a06:98c1:310f:0:2a:7be9:40c6:8354,4,4,0.00,629.31,0.00,SIN
2803:f800:51:bd:5100:60af:ab7c:7f8d,4,4,0.00,629.35,0.00,SIN
2a06:98c1:3102:e6:c2fc:774e:fd55:25b2,4,4,0.00,629.38,0.00,SIN
2400:cb00:2049:0:88f9:546b:ce86:b39,4,4,0.00,629.38,0.00,SIN
2a06:98c1:3106:c2c8:50a8:fe13:abcd:6417,4,4,0.00,629.42,0.00,SIN
2a06:98c1:3105:922e:597f:cb7b:3bc1:106b,4,4,0.00,629.43,0.00,SIN
2a06:98c1:3109:63:9942:6513:6f76:3a25,4,4,0.00,629.53,0.00,SIN
2a06:98c1:310a:7e:6dca:23f2:6fbe:d00a,4,4,0.00,629.59,0.00,SIN
2803:f800:51:5961:bc6:6a30:2e9e:fba2,4,4,0.00,629.60,0.00,SIN
2a06:98c1:310b::c0a6:b71a:7014,4,4,0.00,629.62,0.00,SIN
2a06:98c1:3108:f1:e655:118d:c9e7:cebd,4,4,0.00,629.63,0.00,SIN
2a06:98c1:3106:c2c3:785c:fc73:e3d6:65f4,4,4,0.00,629.76,0.00,SIN
2a06:98c1:3104:de:8612:98aa:2faa:e892,4,4,0.00,629.82,0.00,SIN
2a06:98c1:310b:0:b7d7:363a:51c6:21a6,4,4,0.00,629.83,0.00,SIN
2a06:98c1:3107:e29a:522e:fab2:2424:99fc,4,4,0.00,629.90,0.00,SIN
2a06:98c1:3105:922e:597f:101f:2248:8593,4,4,0.00,630.03,0.00,SIN
2803:f800:51:5943:75a4:23d6:b7f7:4241,4,4,0.00,630.04,0.00,SIN
2803:f800:51:c4:de54:f2c5:72a8:678d,4,4,0.00,630.09,0.00,SIN
2a06:98c1:3102:a11b:30f5:37d4:e448:ade,4,4,0.00,630.14,0.00,SIN
2a06:98c1:3105:92dd:479:a30:24ff:3769,4,4,0.00,630.15,0.00,SIN
2a06:98c1:3102:0:d727:aeda:100b:18c1,4,4,0.00,630.17,0.00,SIN
2a06:98c1:310b:8009:11b4:9e02:3390:1f09,4,4,0.00,630.20,0.00,SIN
2a06:98c1:3107:e29a:528f:d61d:2a48:68c4,4,4,0.00,630.29,0.00,SIN
2a06:98c1:3105:6e:2f22:ff08:c2ff:abd2,4,4,0.00,630.34,0.00,SIN
2a06:98c1:310c:904c:df5a:a718:c2d6:e85a,4,4,0.00,630.35,0.00,SIN
2a06:98c1:3105:92dd:479:a41:7130:ad5e,4,4,0.00,630.36,0.00,SIN
2803:f800:51:5961:df6d:4916:b354:4c9,4,4,0.00,630.39,0.00,SIN
2a06:98c1:3107:e213:9fca:d554:912a:b44c,4,4,0.00,630.43,0.00,SIN
2a06:98c1:3109:bf:9701:ba66:bb36:8e5a,4,4,0.00,630.46,0.00,SIN
2a06:98c1:3109:0:9be8:82af:7f53:fa4e,4,4,0.00,630.63,0.00,SIN
2a06:98c1:3104:de:86ed:9975:d785:e112,4,4,0.00,630.65,0.00,SIN
2a06:98c1:310b:ffe6:5bf2:e8cb:b3e7:c25d,4,4,0.00,630.77,0.00,SIN
2a06:98c1:3109:30:4724:6c42:93ba:85a5,4,4,0.00,630.77,0.00,SIN
2a06:98c1:3108:8d:db28:cbf7:62e1:41e2,4,4,0.00,630.79,0.00,SIN
2400:cb00:2049::af:73d5:cd3c,4,4,0.00,630.86,0.00,SIN
2a06:98c1:3105:92dd:4e4:96eb:d39e:4306,4,4,0.00,630.87,0.00,SIN
2a06:98c1:3107:e29a:ec56:1a64:689:2d3,4,4,0.00,630.89,0.00,SIN
2a06:98c1:3106:c28d:8cfc:8205:3a66:b947,4,4,0.00,631.04,0.00,SIN
2803:f800:51:a8:6d9b:d43f:c37d:e22,4,4,0.00,631.11,0.00,SIN
2a06:98c1:3105:6:490b:d697:41a5:4bc8,4,4,0.00,631.17,0.00,SIN
2a06:98c1:3102:a11b:dd25:d246:7c3f:a320,4,4,0.00,631.22,0.00,SIN
2803:f800:50:0:9f94:7de6:4e7b:d23d,4,4,0.00,631.24,0.00,SIN
2803:f800:51:bd:7763:f178:84cb:2724,4,4,0.00,631.25,0.00,SIN
2a06:98c1:3109:0:4693:7ace:9939:99a,4,4,0.00,631.26,0.00,SIN
2400:cb00:2049:421c:bbe9:4e34:253b:47d6,4,4,0.00,631.34,0.00,SIN
2a06:98c1:51:7c:a3f3:4b45:7e7f:8def,4,4,0.00,631.47,0.00,SIN
2a06:98c1:3104:de:8612:e0a8:b5a1:f61f,4,4,0.00,631.58,0.00,SIN
2a06:98c1:3105:6:49ba:df1a:add8:c307,4,4,0.00,631.60,0.00,SIN
2803:f800:51:59ed:389a:33b6:9e6d:f402,4,4,0.00,631.67,0.00,SIN
2803:f800:50:0:f426:2cd:de38:1394,4,4,0.00,631.71,0.00,SIN
2a06:98c1:310a:0:a2a0:2c7:90eb:fc48,4,4,0.00,631.76,0.00,SIN
2a06:98c1:3106:a6:9deb:bcc6:3419:1fb2,4,4,0.00,631.82,0.00,SIN
2400:cb00:2049:d7:7de:da79:7769:bee1,4,4,0.00,631.84,0.00,SIN
2a06:98c1:3109:0:4693:7ace:31d9:28a5,4,4,0.00,631.86,0.00,SIN
2a06:98c1:3103::4f47:9101:25a5,4,4,0.00,632.01,0.00,SIN
2a06:98c1:3104:de:86ed:6bb2:f6c7:5261,4,4,0.00,632.24,0.00,SIN
2803:f800:51:a8:6d22:e53d:9751:ae3c,4,4,0.00,632.27,0.00,SIN
2a06:98c1:3108:b085:5ba8:303f:c3b9:df73,4,4,0.00,632.28,0.00,SIN
2803:f800:50:5768:3eab:ce85:f29e:46ef,4,4,0.00,632.37,0.00,SIN
2a06:98c1:3102:0:d727:d6a1:7b39:b8ac,4,4,0.00,632.41,0.00,SIN
2a06:98c1:3103:cfb8:ea61:9ca3:caf7:b47a,4,4,0.00,632.47,0.00,SIN
2a06:98c1:3107:6a76:b2d6:13fa:c3d2:ba0b,4,4,0.00,632.55,0.00,SIN
2a06:98c1:3102:0:358c:cd5c:768d:94ba,4,4,0.00,632.59,0.00,SIN
2a06:98c1:3105:92dd:4d2:57c2:fa3c:ea2d,4,4,0.00,632.70,0.00,SIN
2a06:98c1:3105:7f:ee8c:b206:778a:7088,4,4,0.00,632.83,0.00,SIN
2a06:98c1:3108:0:fceb:4325:424d:396,4,4,0.00,632.87,0.00,SIN
2a06:98c1:3105::f2:8f7a:ae1c,4,4,0.00,632.98,0.00,SIN
2a06:98c1:3105:922e:594f:cdae:8829:736,4,4,0.00,633.06,0.00,SIN
2803:f800:51:0:ceac:fee:ebc2:1be8,4,4,0.00,633.06,0.00,SIN
2a06:98c1:310d:0:c8bc:9089:653f:3f95,4,4,0.00,633.17,0.00,SIN
2a06:98c1:3109:63:9942:f2e5:2692:e880,4,4,0.00,633.26,0.00,SIN
2a06:98c1:3107:e291:a34e:6856:d00a:b6fe,4,4,0.00,633.27,0.00,SIN
2a06:98c1:3108:0:fceb:439a:a355:a54c,4,4,0.00,633.33,0.00,SIN
2a06:98c1:3107:9d:b85b:f81f:f818:2294,4,4,0.00,633.34,0.00,SIN
2a06:98c1:3109:0:10:a6a9:ce2b:5304,4,4,0.00,633.42,0.00,SIN
2a06:98c1:3105:92dd:a803:56c9:8b3b:fa0a,4,4,0.00,633.47,0.00,SIN
2803:f800:51:c4:820d:9c18:f485:c654,4,4,0.00,633.51,0.00,SIN
2a06:98c1:3105:922e:597f:c656:ff45:9286,4,4,0.00,633.60,0.00,SIN
2a06:98c1:3109:30:ae14:c2bb:d9b9:d4f1,4,4,0.00,633.63,0.00,SIN
2a06:98c1:3103:cfb8:7a89:fd00:348f:d03e,4,4,0.00,633.68,0.00,SIN
2a06:98c1:3106:c2c8:c49:e928:2d3f:5ad9,4,4,0.00,633.75,0.00,SIN
2a06:98c1:310c:9063:b271:b7f9:56c3:8b1a,4,4,0.00,633.88,0.00,SIN
2a06:98c1:3105:b3:85df:f703:d5b5:f3f4,4,4,0.00,633.90,0.00,SIN
2a06:98c1:3104:0:9ec2:3413:cba2:b9cb,4,4,0.00,634.01,0.00,SIN
2a06:98c1:3102:e6:c2fc:77ae:2a68:4d40,4,4,0.00,634.12,0.00,SIN
2a06:98c1:3108:0:fceb:4360:fa67:cf3f,4,4,0.00,634.16,0.00,SIN
2a06:98c1:3109:0:74a8:999d:d308:d49e,4,4,0.00,634.65,0.00,SIN
2803:f800:51:bd:7763:f163:e145:3c7d,4,4,0.00,634.96,0.00,SIN
2a06:98c1:310b:ffe6:5bab:c11b:1d07:88c7,4,4,0.00,635.03,0.00,SIN
2a06:98c1:310b:8009:1114:a721:f34e:e133,4,4,0.00,635.05,0.00,SIN
2803:f800:51:5961:bc6:e66d:a2e8:a4ef,4,4,0.00,635.22,0.00,SIN
2a06:98c1:3104:29db:2f5c:6267:21ff:5d2c,4,4,0.00,635.33,0.00,SIN
2400:cb00:2049:d7:b315:4f96:2c0e:6c3b,4,4,0.00,635.73,0.00,SIN
2a06:98c1:3107:e213:9fb3:2cb1:8d76:25fe,4,4,0.00,635.84,0.00,SIN
2a06:98c1:310d:5:5beb:ae81:85ab:85e9,4,4,0.00,635.85,0.00,SIN
2a06:98c1:310e:7c6e:fe72:a2f6:bc99:4b6e,4,4,0.00,636.60,0.00,SIN
2a06:98c1:3104:de:86ed:9996:7d58:8d37,4,4,0.00,638.04,0.00,SIN
2a06:98c1:3102:0:d7e7:d1e3:d878:43e9,4,4,0.00,638.09,0.00,SIN
2a06:98c1:310b::c0a6:2f38:61e2,4,4,0.00,638.40,0.00,SIN
2a06:98c1:3104:ac2b:a1ab:ff57:1aa0:6e59,4,4,0.00,638.45,0.00,SIN
2803:f800:51:5961:dfff:83f4:c738:d78,4,4,0.00,639.11,0.00,SIN
2a06:98c1:3105:b3:85df:d8af:8919:6c59,4,4,0.00,639.22,0.00,SIN
2803:f800:51:c4:820d:dc1e:506d:17ee,4,4,0.00,639.88,0.00,SIN
2803:f800:51:5961:bc:6b63:6ef4:ea5a,4,4,0.00,640.15,0.00,SIN
2803:f800:51:5961:df6d:4916:bd45:77c7,4,4,0.00,640.31,0.00,SIN
2a06:98c1:310e:7cd0:86ce:bc41:1503:5646,4,4,0.00,641.17,0.00,SIN
2a06:98c1:3100:9b:a47c:da2f:4b44:8779,4,4,0.00,642.08,0.00,SIN
2a06:98c1:310c:90c1:e221:f114:f933:1dea,4,4,0.00,642.54,0.00,SIN
2a06:98c1:3107:6a76:b2d6:13fa:fdce:8a04,4,4,0.00,643.22,0.00,SIN
2a06:98c1:310b:8009:11b4:6248:ceb7:2479,4,4,0.00,643.79,0.00,SIN
2a06:98c1:3102:69:46f0:1951:e0cf:c48c,4,4,0.00,644.34,0.00,SIN
2a06:98c1:3101:b508:81fc:984f:5d75:2a7d,4,4,0.00,644.54,0.00,SIN
2a06:98c1:310d:9eb:e7c8:fb34:dd7b:f446,4,4,0.00,644.91,0.00,SIN
2a06:98c1:3107:e29a:ec56:f078:603a:6890,4,4,0.00,644.95,0.00,SIN
2a06:98c1:310e:7:fc4:d1d7:f9d4:f8b6,4,4,0.00,646.34,0.00,SIN
2a06:98c1:3107:9d:b8c4:8bcf:45bc:c39,4,4,0.00,647.80,0.00,SIN
2a06:98c1:3104:29db:2fe4:f5b:a654:b807,4,4,0.00,649.07,0.00,SIN
2a06:98c1:3105:922e:f855:8b9:3958:d236,4,4,0.00,649.73,0.00,SIN
2a06:98c1:3105:7bac:759d:cdeb:9b37:f1f6,4,4,0.00,651.36,0.00,SIN
2a06:98c1:310e:32:2977:452c:d47c:e58f,4,4,0.00,652.58,0.00,SIN
2a06:98c1:3100:9b:a47c:daf8:2141:2780,4,4,0.00,654.02,0.00,SIN
2a06:98c1:3109:0:9be8:8202:b0a3:d2ed,4,4,0.00,655.78,0.00,SIN
2a06:98c1:3100:0:66:57ea:aed8:e9ee,4,4,0.00,656.49,0.00,SIN
2a06:98c1:3102:69:1cf3:cc9a:aa25:60d6,4,4,0.00,656.58,0.00,SIN
2a06:98c1:3102:a178:b4af:7dd:df72:3fab,4,4,0.00,657.27,0.00,SIN
2a06:98c1:310e::de7c:4b18:88a,4,4,0.00,658.25,0.00,SIN
2a06:98c1:3102:a11b:dd25:d291:8a79:d8be,4,4,0.00,659.15,0.00,SIN
2a06:98c1:3108:cb:8d85:f0b6:78bc:fdf9,4,4,0.00,660.44,0.00,SIN
2a06:98c1:50:0:b:734b:bd86:e13e,4,4,0.00,661.08,0.00,SIN
2a06:98c1:3102:0:3a:8e8a:95c5:cde1,4,4,0.00,661.21,0.00,SIN
2a06:98c1:3108:cb:8d85:766e:5f35:dce9,4,4,0.00,661.28,0.00,SIN
2a06:98c1:310d:923:3e9d:849e:e260:7a5d,4,4,0.00,663.49,0.00,SIN
2a06:98c1:3105:b3:78f6:ebb5:e352:ab43,4,4,0.00,663.62,0.00,SIN
2a06:98c1:3101:b8:dd73:9604:c070:3c8b,4,4,0.00,665.29,0.00,SIN
2400:cb00:2049:d7:b392:a3db:8ef9:f280,4,4,0.00,665.71,0.00,SIN
2a06:98c1:310e::de7c:e530:4924,4,4,0.00,665.89,0.00,SIN
2a06:98c1:3100:0:66:5705:26aa:7894,4,4,0.00,666.13,0.00,SIN
2400:cb00:2049:fa3:8ca8:7f6b:284b:9cf7,4,4,0.00,666.31,0.00,SIN
2400:cb00:2049:0:88f9:546b:fc2:1bb4,4,4,0.00,667.15,0.00,SIN
2400:cb00:2049:0:73:1ee1:338f:7ae7,4,4,0.00,667.18,0.00,SIN
2a06:98c1:3105:92dd:444:ca5e:3f8d:92fa,4,4,0.00,667.30,0.00,SIN
2400:cb00:2049:0:88f9:582:e92a:49d1,4,4,0.00,667.31,0.00,SIN
2a06:98c1:3104:ac88:c3a4:4c7d:ce3c:2667,4,4,0.00,667.63,0.00,SIN
2400:cb00:2049:d7:b3f1:e2ed:a80e:e580,4,4,0.00,667.81,0.00,SIN
2a06:98c1:3101:b8:dddd:9a86:e822:342,4,4,0.00,667.94,0.00,SIN
2a06:98c1:310b:ffe6:5b79:2ee0:4aa4:c550,4,4,0.00,667.98,0.00,SIN
2400:cb00:2049:0:73:1ee1:33a3:1057,4,4,0.00,668.23,0.00,SIN
2400:cb00:2049:d7:7de:33c7:8033:7e55,4,4,0.00,668.31,0.00,SIN
2400:cb00:2049:d7:b392:26ed:f3bf:5283,4,4,0.00,668.43,0.00,SIN
2400:cb00:2049:d7:b392:263b:34e2:c1fd,4,4,0.00,668.53,0.00,SIN
2a06:98c1:3101:3c:c96b:b576:7807:1d51,4,4,0.00,668.54,0.00,SIN
2a06:98c1:3101:3c:c9b1:9b7f:3209:a076,4,4,0.00,668.87,0.00,SIN
2400:cb00:2049:d7:b3f1:e26e:4fbc:6d8e,4,4,0.00,668.94,0.00,SIN
2a06:98c1:51:51e9:68bc:6bec:8c76:b448,4,4,0.00,669.02,0.00,SIN
2803:f800:51:5943:4409:5575:df5:e25c,4,4,0.00,669.15,0.00,SIN
2a06:98c1:310e:7c29:9545:e49:9802:25c4,4,4,0.00,669.52,0.00,SIN
2400:cb00:2049:0:88f9:582:e9f9:d6d9,4,4,0.00,670.56,0.00,SIN
2a06:98c1:50:b10f:279c:6ea0:f1a6:a982,4,4,0.00,670.69,0.00,SIN
2a06:98c1:3108:f1:e6e4:dc72:1ccc:78ed,4,4,0.00,670.86,0.00,SIN
2a06:98c1:310e:0:1db9:3bbc:c4f:245e,4,4,0.00,671.09,0.00,SIN
2a06:98c1:310c:90c1:80f4:d8bd:bc0:4974,4,4,0.00,671.54,0.00,SIN
2400:cb00:2049:0:73:dacd:17c0:666e,4,4,0.00,671.59,0.00,SIN
2a06:98c1:3100:9b:a47c:7542:57f4:822,4,4,0.00,671.76,0.00,SIN
2a06:98c1:310f:53:e96d:a849:e52c:48ca,4,4,0.00,671.88,0.00,SIN
2a06:98c1:3101:3c:967c:1f80:6c9f:bd82,4,4,0.00,672.09,0.00,SIN
2a06:98c1:3102:a11b:bf79:f75c:4cac:7b50,4,4,0.00,672.29,0.00,SIN
2a06:98c1:3107:e29a:d6c1:21e2:7275:a6e3,4,4,0.00,673.38,0.00,SIN
2a06:98c1:310e:7c29:90f7:bbb3:7393:8ff8,4,4,0.00,674.69,0.00,SIN
2a06:98c1:3109:30:ee54:c918:34c2:71e7,4,4,0.00,674.73,0.00,SIN
2a06:98c1:3103:0:dce9:2065:f21e:2990,4,4,0.00,674.98,0.00,SIN
2a06:98c1:3101:0:8a01:61a7:d676:43d3,4,4,0.00,675.05,0.00,SIN
2a06:98c1:310d:7acf:9e98:8063:7d7:4126,4,4,0.00,675.24,0.00,SIN
2a06:98c1:3102:a11b:dd25:d280:e6e8:b718,4,4,0.00,675.35,0.00,SIN
2a06:98c1:310e:32:dc23:509:8a2b:4744,4,4,0.00,675.65,0.00,SIN
2a06:98c1:310e:32:dc9f:ffc9:3175:f36c,4,4,0.00,676.51,0.00,SIN
2803:f800:50:85:2221:dd00:826:d67e,4,4,0.00,676.55,0.00,SIN
2a06:98c1:51:d161:12b0:f3dd:e663:4c8a,4,4,0.00,676.82,0.00,SIN
2a06:98c1:3102:a11b:bf80:81ff:203a:3bfd,4,4,0.00,678.08,0.00,SIN
2a06:98c1:310e::de4b:3632:638c,4,4,0.00,678.77,0.00,SIN
2a06:98c1:310d:7acf:9ede:6c93:1b06:bba5,4,4,0.00,678.82,0.00,SIN
2a06:98c1:3105:0:9d16:cd4b:6009:a6a9,4,4,0.00,679.17,0.00,SIN
2a06:98c1:3105:92dd:479:bdc1:11bd:9c98,4,4,0.00,679.79,0.00,SIN
2a06:98c1:3106:48:ae0c:5412:ebda:a68f,4,4,0.00,679.82,0.00,SIN
2a06:98c1:3106:c28d:8ce5:2abe:936c:fc5d,4,4,0.00,680.15,0.00,SIN
2a06:98c1:310d:923:3ea5:a88e:97aa:3a0,4,4,0.00,680.54,0.00,SIN
2a06:98c1:310a:1f5e:ae7c:287f:921c:de4,4,4,0.00,680.67,0.00,SIN
2a06:98c1:3105:4:9a31:8443:79ea:4af7,4,4,0.00,681.03,0.00,SIN
2a06:98c1:3106:48:aed1:3ec9:bc91:72ec,4,4,0.00,681.61,0.00,SIN
2a06:98c1:3107:d8:40bb:4572:b265:5ce0,4,4,0.00,682.19,0.00,SIN
2a06:98c1:310c:90c1:e23d:acf5:4c20:4988,4,4,0.00,682.53,0.00,SIN
2400:cb00:2049:d7:b3f1:3b73:a2e9:a67d,4,4,0.00,682.75,0.00,SIN
2803:f800:51:5943:4409:5575:d50:868f,4,4,0.00,682.78,0.00,SIN
2a06:98c1:3109:bf:9701:8736:8637:915f,4,4,0.00,683.15,0.00,SIN
2a06:98c1:3101:b8:dd73:9604:3697:7ce7,4,4,0.00,683.77,0.00,SIN
2a06:98c1:3104::a:38dd,4,4,0.00,683.99,0.00,SIN
2a06:98c1:3105:92dd:479:bdc1:117c:c746,4,4,0.00,684.59,0.00,SIN
2a06:98c1:310a:0:a2d8:5dd9:4f9b:3ec6,4,4,0.00,684.85,0.00,SIN
2a06:98c1:310b:80ff:abd7:1451:7f59:8d32,4,4,0.00,684.99,0.00,SIN
2803:f800:51:0:ceac:fee:8345:a440,4,4,0.00,685.14,0.00,SIN
2a06:98c1:310d:923:3ea5:5b32:a70b:e3be,4,4,0.00,685.31,0.00,SIN
2a06:98c1:310c:0:d90d:daa5:b860:fbaf,4,4,0.00,685.49,0.00,SIN
2a06:98c1:3105:4:82e:c8c2:2ff1:975d,4,4,0.00,685.83,0.00,SIN
2a06:98c1:3101:b8:600e:3073:21a6:4f0a,4,4,0.00,686.65,0.00,SIN
2a06:98c1:310e:7c3f:b58d:b0f7:cff9:6f95,4,4,0.00,686.73,0.00,SIN
2a06:98c1:51:d161:12b0:58fb:2453:8649,4,4,0.00,687.02,0.00,SIN
2a06:98c1:51:517a:67f5:e7b:c88e:56d9,4,4,0.00,687.66,0.00,SIN
2a06:98c1:310a:0:a2a0:b0fc:75ff:1383,4,4,0.00,688.13,0.00,SIN
2a06:98c1:51:517a:38ab:a02e:a495:de60,4,4,0.00,688.14,0.00,SIN
2a06:98c1:3104:0:ced7:a6aa:6ce5:a224,4,4,0.00,688.25,0.00,SIN
2a06:98c1:310d:5:5beb:ae6a:8c26:22f9,4,4,0.00,688.34,0.00,SIN
2a06:98c1:310c:90c1:8051:5111:4e2f:8952,4,4,0.00,688.42,0.00,SIN
2a06:98c1:310d::fd:4b1:3000,4,4,0.00,688.93,0.00,SIN
2a06:98c1:310a:4e:69ac:596e:3d39:3408,4,4,0.00,690.68,0.00,SIN
2a06:98c1:3105:4:8d3:c9d6:c7bf:d5cb,4,4,0.00,690.89,0.00,SIN
2a06:98c1:50:0:cbd9:56:7046:e38e,4,4,0.00,691.01,0.00,SIN
2a06:98c1:3109:5cfd:239a:cef:3c50:b1ab,4,4,0.00,691.12,0.00,SIN
2a06:98c1:310b:80ff:abc7:21b3:9d05:fc36,4,4,0.00,691.22,0.00,SIN
2a06:98c1:3103:cfb8:7a89:5924:63c7:460d,4,4,0.00,691.29,0.00,SIN
2a06:98c1:310a:0:a2d8:cf14:c3e5:a44a,4,4,0.00,691.42,0.00,SIN
2803:f800:50::8bde:e808:4c15,4,4,0.00,691.55,0.00,SIN
2a06:98c1:310a:0:d3e4:ec41:ce84:9ed9,4,4,0.00,691.82,0.00,SIN
2a06:98c1:51:517a:67fc:61f3:8811:886e,4,4,0.00,691.86,0.00,SIN
2a06:98c1:310a:0:5e:3718:de2d:576f,4,4,0.00,692.06,0.00,SIN
2a06:98c1:310d:0:12:22f5:18db:684,4,4,0.00,692.37,0.00,SIN
2a06:98c1:3105:92dd:a803:56d6:a89a:675,4,4,0.00,692.53,0.00,SIN
2a06:98c1:3109:bf:973b:4b1:141e:1c15,4,4,0.00,692.66,0.00,SIN
2a06:98c1:3104:de:86ed:9996:e9fc:4873,4,4,0.00,692.68,0.00,SIN
2a06:98c1:51:d161:12b0:f39d:701b:ac2,4,4,0.00,692.88,0.00,SIN
2a06:98c1:3105:6e:2f27:9307:4273:34e8,4,4,0.00,693.08,0.00,SIN
2a06:98c1:3102:69:1ca3:ca6b:a581:de9,4,4,0.00,693.51,0.00,SIN
2a06:98c1:3105:922e:594f:f1ea:edbc:ae86,4,4,0.00,693.85,0.00,SIN
2a06:98c1:310c:52:c5cc:2da:560b:f899,4,4,0.00,693.88,0.00,SIN
2a06:98c1:50:3d:5a6f:8c34:9b7b:a983,4,4,0.00,694.42,0.00,SIN
2a06:98c1:310d::f1e9:891d,4,4,0.00,694.46,0.00,SIN
2803:f800:50:0:9f5c:aefe:99c:5234,4,4,0.00,694.59,0.00,SIN
2a06:98c1:3106:c28d:8ce5:bd4f:6865:ccf9,4,4,0.00,694.67,0.00,SIN
2a06:98c1:310b:8009:1121:c41a:30fd:ede8,4,4,0.00,694.72,0.00,SIN
2803:f800:51:367e:533a:5ad8:35b:a944,4,4,0.00,695.23,0.00,SIN
2a06:98c1:3102:69:1cf3:ccbd:c931:a46b,4,4,0.00,695.26,0.00,SIN
2a06:98c1:3104:ac88:c3a4:fff2:4320:6b11,4,4,0.00,695.37,0.00,SIN
2a06:98c1:3105:922e:594f:cdae:493f:de9d,4,4,0.00,695.40,0.00,SIN
2a06:98c1:310d::f11d:797b,4,4,0.00,695.92,0.00,SIN
2a06:98c1:3104:acf0:bb92:7c83:9fb:1be8,4,4,0.00,696.04,0.00,SIN
2a06:98c1:310b:ffaa:77b3:c772:66a8:2282,4,4,0.00,696.23,0.00,SIN
2a06:98c1:3105:92dd:a8a2:7ebf:de3f:b329,4,4,0.00,696.38,0.00,SIN
2803:f800:51:367e:5328:3aab:533e:fb04,4,4,0.00,696.51,0.00,SIN
2a06:98c1:3104:0:f0:9299:e49c:9f4f,4,4,0.00,696.58,0.00,SIN
2803:f800:50:57d1:2d9e:4778:4a18:ba89,4,4,0.00,697.38,0.00,SIN
2a06:98c1:310c:90c1:e23d:acf5:4c70:4ab7,4,4,0.00,697.38,0.00,SIN
2a06:98c1:3104:ac4b:e552:e925:680f:9521,4,4,0.00,697.75,0.00,SIN
2803:f800:51:367e:f61a:b750:425f:5aa5,4,4,0.00,698.09,0.00,SIN
2a06:98c1:310c:0:3472:bba0:b07c:59b8,4,4,0.00,698.23,0.00,SIN
2a06:98c1:310e:7cd0:f0b3:7d07:9ea2:a14a,4,4,0.00,698.37,0.00,SIN
2a06:98c1:3101:0:5c3c:8c68:6849:4461,4,4,0.00,698.52,0.00,SIN
2803:f800:51::ef51:d272:760c,4,4,0.00,698.53,0.00,SIN
2a06:98c1:310a:0:a2d8:cfa3:b529:d42a,4,4,0.00,698.54,0.00,SIN
2a06:98c1:310d:923:3ea5:a8c9:c09b:795c,4,4,0.00,699.24,0.00,SIN
2a06:98c1:3106:c2c8:c49:e9ff:cd3e:7184,4,4,0.00,699.55,0.00,SIN
2a06:98c1:3106:48:ae0c:86ed:8ef1:a75c,4,4,0.00,700.10,0.00,SIN
2a06:98c1:50:b10f:279c:c09f:6eea:9575,4,4,0.00,700.24,0.00,SIN
2a06:98c1:310d:a8:c6:7306:d565:ec9e,4,4,0.00,700.26,0.00,SIN
2a06:98c1:3106:48:ae0c:4e6d:278e:9161,4,4,0.00,700.51,0.00,SIN
2a06:98c1:3104:ac2b:23ec:214f:202f:17f8,4,4,0.00,700.61,0.00,SIN
2a06:98c1:310f:0:ab:29ff:1fb9:622c,4,4,0.00,700.89,0.00,SIN
2a06:98c1:3101:3c:967c:1f27:77fd:1f0,4,4,0.00,701.05,0.00,SIN
2803:f800:50:0:9f94:cad4:b3c0:a023,4,4,0.00,701.35,0.00,SIN
2a06:98c1:310f:53:e96d:a849:4b6f:207a,4,4,0.00,701.49,0.00,SIN
2a06:98c1:3106:48:d74:8048:da7d:b6a7,4,4,0.00,701.75,0.00,SIN
2a06:98c1:310e:7:f0c:1a28:860f:2ad,4,4,0.00,701.94,0.00,SIN
2a06:98c1:3105:4:8d3:4f84:339e:21ca,4,4,0.00,703.20,0.00,SIN
2a06:98c1:310b:ffaa:77cd:59da:a0cf:6718,4,4,0.00,703.26,0.00,SIN
2a06:98c1:310a:7e:726f:a155:827f:5801,4,4,0.00,703.80,0.00,SIN
2a06:98c1:310d::49:7b7a:5f18,4,4,0.00,703.94,0.00,SIN
2a06:98c1:3102:a11b:dd25:d2d1:5d0b:323,4,4,0.00,704.52,0.00,SIN
2a06:98c1:3104:0:9ec2:34fe:8560:632c,4,4,0.00,705.03,0.00,SIN
2400:cb00:2049::dc:b30b:d5e0,4,4,0.00,705.61,0.00,SIN
2a06:98c1:310c:904c:4b51:817c:769e:f820,4,4,0.00,705.74,0.00,SIN
2a06:98c1:3107:e213:9fca:d554:42d1:d28e,4,4,0.00,706.43,0.00,SIN
2a06:98c1:3101:3c:967c:5230:6bf9:43b,4,4,0.00,706.58,0.00,SIN
2a06:98c1:310b:ffe6:5bf2:697f:2305:a37c,4,4,0.00,706.84,0.00,SIN
2a06:98c1:3105:6e:2f27:93f7:38cf:61e5,4,4,0.00,706.94,0.00,SIN
2a06:98c1:3102:0:358c:cd3d:f4dc:9f24,4,4,0.00,707.11,0.00,SIN
2a06:98c1:3106:c28d:8ce5:bd43:8674:cfed,4,4,0.00,707.48,0.00,SIN
2a06:98c1:3107:0:8464:3b02:2a27:ea8,4,4,0.00,707.58,0.00,SIN
2400:cb00:2049:d7:b315:4f96:45fa:8e1d,4,4,0.00,708.01,0.00,SIN
2a06:98c1:3102:a178:b4af:346a:50c0:6d41,4,4,0.00,708.20,0.00,SIN
2a06:98c1:51:517a:67f5:6727:bdac:6218,4,4,0.00,708.67,0.00,SIN
2803:f800:50:0:5b:10a:e790:2a15,4,4,0.00,708.79,0.00,SIN
2a06:98c1:3101:b8:dd71:22f:933e:18a6,4,4,0.00,708.93,0.00,SIN
2a06:98c1:310e:0:d633:e6b6:55c6:1cee,4,4,0.00,709.08,0.00,SIN
2a06:98c1:3103:fc:94c9:c0b9:c2fd:3fa7,4,4,0.00,709.67,0.00,SIN
2a06:98c1:3106:48:aed1:5215:c31a:72ce,4,4,0.00,709.74,0.00,SIN
2803:f800:50:5768:3eab:b5ee:845a:4025,4,4,0.00,710.21,0.00,SIN
2a06:98c1:3107:e29a:528f:6b96:5798:7f35,4,4,0.00,710.47,0.00,SIN
2a06:98c1:310d:9eb:e789:63e2:faeb:829e,4,4,0.00,710.53,0.00,SIN
2a06:98c1:3104:ac4b:65b0:dd3c:9e37:7b25,4,4,0.00,710.67,0.00,SIN
2a06:98c1:310d::26dd:cab8:402e,4,4,0.00,711.03,0.00,SIN
2a06:98c1:310f:53:e96d:7a64:31c9:e27,4,4,0.00,711.04,0.00,SIN
2a06:98c1:51::70:147e:864e,4,4,0.00,711.32,0.00,SIN
2a06:98c1:51:517a:67f5:9520:726f:1dd1,4,4,0.00,711.69,0.00,SIN
2a06:98c1:3102:e6:c2f8:531d:b51a:bcee,4,4,0.00,711.90,0.00,SIN
2a06:98c1:3109:bf:973b:9274:ec16:b8db,4,4,0.00,712.35,0.00,SIN
2a06:98c1:51:d161:12b0:f39d:70cf:b4bb,4,4,0.00,712.62,0.00,SIN
2a06:98c1:310d:a8:11:d647:b8ff:81fc,4,4,0.00,713.39,0.00,SIN
2a06:98c1:3107:e29a:528f:a39d:c52:9cc6,4,4,0.00,713.60,0.00,SIN
2a06:98c1:3104:ac4b:e552:e9b3:cffc:ac5f,4,4,0.00,713.85,0.00,SIN
2a06:98c1:3109:30:ae9e:4475:8c8c:a83f,4,4,0.00,714.53,0.00,SIN
2a06:98c1:3101:b508:81bb:94d6:4b13:58ed,4,4,0.00,714.54,0.00,SIN
2a06:98c1:310b:ffe6:5b79:f479:9c56:7f23,4,4,0.00,715.81,0.00,SIN
2a06:98c1:3101:b8:dd71:2c4:d53b:8515,4,4,0.00,715.82,0.00,SIN
2a06:98c1:3109:30:ee54:c8c:458f:feb9,4,4,0.00,716.03,0.00,SIN
2a06:98c1:310d:7acf:9e98:808c:4d50:75b8,4,4,0.00,716.10,0.00,SIN
2a06:98c1:310d:9eb:e789:378b:c1d6:3af3,4,4,0.00,716.11,0.00,SIN
2a06:98c1:310b:ffe6:5bf2:69d8:93fe:d4b8,4,4,0.00,716.40,0.00,SIN
2a06:98c1:310d:923:3e9d:849e:e07e:63b0,4,4,0.00,716.65,0.00,SIN
2a06:98c1:3109:30:ee54:c9d4:3d84:c0a8,4,4,0.00,717.32,0.00,SIN
2a06:98c1:3100::b656:f99d:2db4,4,4,0.00,717.56,0.00,SIN
2a06:98c1:3105:92dd:a8a2:ad61:37e:2bd0,4,4,0.00,717.95,0.00,SIN
2a06:98c1:3105:4:82e:63bd:dfca:1fb2,4,4,0.00,719.91,0.00,SIN
2a06:98c1:310b:80ff:abc7:2118:471:ec04,4,4,0.00,720.00,0.00,SIN
2a06:98c1:310d:9eb:b4b5:6a43:7f92:8b36,4,4,0.00,720.31,0.00,SIN
2a06:98c1:310a:7e:6dca:23a0:95ca:6561,4,4,0.00,720.54,0.00,SIN
2a06:98c1:3105:6:496b:90b:1d55:79fb,4,4,0.00,720.54,0.00,SIN
2a06:98c1:3107:e29a:d6c1:21e2:7216:5bfd,4,4,0.00,720.65,0.00,SIN
2a06:98c1:310f:1c:21f1:fb3b:9af0:7f08,4,4,0.00,720.94,0.00,SIN
2a06:98c1:3100::b690:fee4:efaa,4,4,0.00,720.98,0.00,SIN
2a06:98c1:51:d161:12b0:f3dd:6b10:bead,4,4,0.00,721.13,0.00,SIN
2a06:98c1:310e:32:2977:ee24:5353:5635,4,4,0.00,721.55,0.00,SIN
2a06:98c1:3102::c03d:47c:faaf,4,4,0.00,721.62,0.00,SIN
2a06:98c1:3108:8d:dbfc:4a57:7b81:314d,4,4,0.00,721.67,0.00,SIN
2a06:98c1:310c:90c1:e23d:aca1:ea91:1fc1,4,4,0.00,721.97,0.00,SIN
2a06:98c1:3108:8d:dbfc:8134:77d9:ed77,4,4,0.00,722.26,0.00,SIN
2a06:98c1:3102:0:3a:ab52:442a:84ca,4,4,0.00,722.40,0.00,SIN
2a06:98c1:310d:a8:11:31f4:af58:5d44,4,4,0.00,722.55,0.00,SIN
2a06:98c1:3102:69:1cf3:cc9a:d0ab:ac55,4,4,0.00,722.73,0.00,SIN
2a06:98c1:3100:0:547d:6972:f44a:3381,4,4,0.00,722.83,0.00,SIN
2a06:98c1:310a:0:37cd:e52c:b7f4:16aa,4,4,0.00,723.43,0.00,SIN
2a06:98c1:310e:7:fc4:d135:13ca:f7d1,4,4,0.00,724.82,0.00,SIN
2a06:98c1:3108:b01d:d2f8:c361:a77:df04,4,4,0.00,724.93,0.00,SIN
2a06:98c1:3105:922e:f855:8b9:39cd:a9b5,4,4,0.00,725.09,0.00,SIN
2a06:98c1:50:3d:5a6f:8cf4:9ddf:d123,4,4,0.00,725.28,0.00,SIN
2a06:98c1:3107:e29a:522e:fa1f:21d7:fbd8,4,4,0.00,725.78,0.00,SIN
2a06:98c1:3105:92dd:39b4:fc10:798:2c9f,4,4,0.00,726.37,0.00,SIN
2a06:98c1:3103:fc:574a:2094:2850:a92f,4,4,0.00,726.77,0.00,SIN
2a06:98c1:3101::d444,4,4,0.00,726.89,0.00,SIN
2a06:98c1:3106:0:16af:840f:af0f:5270,4,4,0.00,726.90,0.00,SIN
2a06:98c1:310d:923:3ea5:a091:3ab6:4813,4,4,0.00,727.15,0.00,SIN
2a06:98c1:3107:d8:5ff8:4c9f:3c75:81ad,4,4,0.00,727.26,0.00,SIN
2a06:98c1:310d:a8:11:281a:ebb5:9f67,4,4,0.00,727.51,0.00,SIN
2a06:98c1:3107:e29a:ec56:f03d:2cd1:6213,4,4,0.00,727.67,0.00,SIN
2a06:98c1:310d:5:a32c:a7b5:592c:8ada,4,4,0.00,727.88,0.00,SIN
2a06:98c1:3108:b01d:d2f8:c380:8543:9cb,4,4,0.00,727.94,0.00,SIN
2a06:98c1:3109:30:ae9e:705a:9bb6:2b7e,4,4,0.00,728.04,0.00,SIN
2a06:98c1:3100:0:cbe5:b6bf:21e4:8743,4,4,0.00,728.08,0.00,SIN
2a06:98c1:51:e1:e8c0:bb55:e041:deb5,4,4,0.00,728.65,0.00,SIN
2a06:98c1:310e:7:f0c:1a28:86be:e55e,4,4,0.00,728.73,0.00,SIN
2a06:98c1:3106:48:aed1:3ec9:bc00:d6,4,4,0.00,730.36,0.00,SIN
2a06:98c1:3105:4:9a31:8e2c:30e6:a14c,4,4,0.00,731.04,0.00,SIN
2a06:98c1:310a:0:a2a0:b083:2165:d07,4,4,0.00,731.29,0.00,SIN
2a06:98c1:310b:ffe6:5b79:d2b1:3806:4426,4,4,0.00,731.55,0.00,SIN
2803:f800:51:367e:f61a:2ab2:7108:c3b4,4,4,0.00,731.95,0.00,SIN
2a06:98c1:310e:7:fc4:c4a6:8931:a2ea,4,4,0.00,732.05,0.00,SIN
2a06:98c1:3106:48:d463:15ba:114f:6c45,4,4,0.00,732.29,0.00,SIN
2a06:98c1:310e:0:1db9:3b82:5e9d:6cee,4,4,0.00,732.73,0.00,SIN
2a06:98c1:310e:0:d633:e6b6:c79c:2b45,4,4,0.00,732.76,0.00,SIN
2a06:98c1:51:d161:12b0:44dc:2c6c:1119,4,4,0.00,732.83,0.00,SIN
2a06:98c1:50:b1f9:b21f:41d0:4441:c486,4,4,0.00,733.14,0.00,SIN
2803:f800:51:5961:bc:603d:9202:7c6c,4,4,0.00,733.27,0.00,SIN
2a06:98c1:3102:69:1ca3:9fc1:cfca:1d29,4,4,0.00,733.83,0.00,SIN
2803:f800:51:5961:bc6:3564:bf12:c383,4,4,0.00,734.23,0.00,SIN
2a06:98c1:3103:fc:94c9:c02b:960c:17e5,4,4,0.00,734.46,0.00,SIN
2a06:98c1:310d:923:f2d4:e82c:a291:3218,4,4,0.00,734.56,0.00,SIN
2a06:98c1:310f:0:2a:7b76:36a3:d726,4,4,0.00,734.61,0.00,SIN
2a06:98c1:3101:b5b3:962f:15e9:6f49:c4d5,4,4,0.00,734.63,0.00,SIN
2a06:98c1:3101::feeb:611c:96a4,4,4,0.00,735.71,0.00,SIN
2a06:98c1:3105:0:9db3:2d4e:876e:3bf,4,4,0.00,735.75,0.00,SIN
2803:f800:51:bd:5100:ee8b:c98d:1797,4,4,0.00,735.85,0.00,SIN
2a06:98c1:3102:0:d727:d6a1:c3b0:9569,4,4,0.00,736.12,0.00,SIN
2a06:98c1:310d:7acf:9e98:80da:ebe:bf5f,4,4,0.00,736.30,0.00,SIN
2803:f800:50:0:80:8132:b220:a9c3,4,4,0.00,736.36,0.00,SIN
2a06:98c1:3100:245c:b01:b687:2963:5d74,4,4,0.00,737.22,0.00,SIN
2a06:98c1:310c:904c:df72:8fb6:c22c:b0a2,4,4,0.00,737.59,0.00,SIN
2a06:98c1:310d:7acf:1ef4:3be2:cac9:75ca,4,4,0.00,737.77,0.00,SIN
2a06:98c1:310c:90c1:e28b:7e7c:af95:e857,4,4,0.00,737.85,0.00,SIN
2400:cb00:2049:d7:b392:26ed:6ab5:905c,4,4,0.00,738.28,0.00,SIN
2a06:98c1:310b:ffaa:77b3:4ff:213c:8a75,4,4,0.00,738.72,0.00,SIN
2a06:98c1:3109:bf:97b8:89a5:3daf:6765,4,4,0.00,739.19,0.00,SIN
2803:f800:51:361b:3a43:f20a:2c06:6abb,4,4,0.00,739.46,0.00,SIN
2a06:98c1:310e:32:dc9f:307:6229:7fb6,4,4,0.00,739.51,0.00,SIN
2a06:98c1:3105:922e:597f:cb7b:647d:1281,4,4,0.00,739.78,0.00,SIN
2a06:98c1:3104:ac4b:e552:e947:54dc:80bb,4,4,0.00,739.88,0.00,SIN
2a06:98c1:3109:bf:973b:4b1:1406:6bbb,4,4,0.00,739.94,0.00,SIN
2a06:98c1:310c:90c1:8051:5120:b7f0:9d72,4,4,0.00,740.11,0.00,SIN
2a06:98c1:310e:7:fc4:7b8:572a:bb8a,4,4,0.00,740.12,0.00,SIN
2a06:98c1:310f:e0:bf1a:61ec:a6f2:1961,4,4,0.00,740.33,0.00,SIN
2a06:98c1:310e:7c29:9545:f708:991:8964,4,4,0.00,740.77,0.00,SIN
2a06:98c1:310e:32:2977:ee24:b34f:ae5f,4,4,0.00,740.82,0.00,SIN
2a06:98c1:310b:0:b7d7:3624:ed06:bde3,4,4,0.00,740.85,0.00,SIN
2a06:98c1:3106:a6:9d0f:5ba7:9c85:e660,4,4,0.00,741.71,0.00,SIN
2a06:98c1:3105:7f:10f9:3a4:3ec2:e2f1,4,4,0.00,741.81,0.00,SIN
2a06:98c1:3105:0:9dd5:1bb:1863:eb32,4,4,0.00,741.95,0.00,SIN
2a06:98c1:310c:0:d919:7e66:3741:c5f6,4,4,0.00,742.14,0.00,SIN
2a06:98c1:3103:cfb8:7a89:fdb5:87ce:73ba,4,4,0.00,742.46,0.00,SIN
2a06:98c1:310b:80ff:9ff2:fbfe:796f:d3ed,4,4,0.00,742.51,0.00,SIN
2a06:98c1:310e:7c6e:fefe:a9cc:e965:1324,4,4,0.00,744.07,0.00,SIN
2a06:98c1:310a:0:a27b:4495:8780:6f42,4,4,0.00,744.08,0.00,SIN
2a06:98c1:310e:7cd0:3855:2e17:ab69:6a09,4,4,0.00,744.24,0.00,SIN
2a06:98c1:310b:80ff:9f38:f110:12ed:7d0b,4,4,0.00,744.91,0.00,SIN
2803:f800:51:361b:5a9f:6b14:e8d1:aa0d,4,4,0.00,745.09,0.00,SIN
2a06:98c1:310c:9063:68f6:8e3a:1548:fd3a,4,4,0.00,745.71,0.00,SIN
2803:f800:51:367e:533a:5ad8:6361:2ced,4,4,0.00,745.79,0.00,SIN
2a06:98c1:3105:92dd:a8a2:7153:67e:f110,4,4,0.00,746.02,0.00,SIN
2a06:98c1:51:517a:67fc:d4dc:a7b1:ca04,4,4,0.00,746.33,0.00,SIN
2a06:98c1:3109::2dbf,4,4,0.00,746.45,0.00,SIN
2a06:98c1:310d:a8:a6b8:c0d4:e4f6:4541,4,4,0.00,746.88,0.00,SIN
2a06:98c1:3101:b8:dd73:315c:e758:8f2d,4,4,0.00,747.03,0.00,SIN
2a06:98c1:310e:7c3f:b5e8:d65f:503a:61a7,4,4,0.00,747.32,0.00,SIN
2a06:98c1:3102:0:358c:cd36:cef8:a469,4,4,0.00,747.39,0.00,SIN
2a06:98c1:310b:ffaa:77b3:4ff:2125:a10c,4,4,0.00,747.80,0.00,SIN
2a06:98c1:310e:7cd0:86ce:bc1f:1e21:341c,4,4,0.00,747.84,0.00,SIN
2a06:98c1:310b::d0:6d3:b3f5,4,4,0.00,748.16,0.00,SIN
2a06:98c1:310c:90c1:8051:c43f:c0d9:6610,4,4,0.00,748.24,0.00,SIN
2a06:98c1:3103:cfb8:7a89:59c3:9fc0:7de7,4,4,0.00,748.26,0.00,SIN
2a06:98c1:3106:c2c3:785c:fc73:28d4:77cc,4,4,0.00,748.47,0.00,SIN
2a06:98c1:3104:de:8639:b38d:7f0c:3953,4,4,0.00,748.48,0.00,SIN
2a06:98c1:310e:7c29:9545:e57f:e7b2:bf53,4,4,0.00,748.53,0.00,SIN
2a06:98c1:310e:7c3f:b58d:b0e7:e8d5:6ed4,4,4,0.00,750.14,0.00,SIN
2a06:98c1:3107:e29a:522e:fa69:4071:15a7,4,4,0.00,750.51,0.00,SIN
2a06:98c1:310e:7c29:9545:ee4:dc76:a6cf,4,4,0.00,750.67,0.00,SIN
2803:f800:50:85:59f2:4dce:a450:b267,4,4,0.00,750.93,0.00,SIN
2a06:98c1:3109:5c62:79c1:d96:8d5c:ec10,4,4,0.00,751.91,0.00,SIN
2a06:98c1:3105:7bac:759d:cd39:cb2f:455b,4,4,0.00,752.21,0.00,SIN
2a06:98c1:310e:7c6e:fefe:a9cc:2445:4d22,4,4,0.00,752.46,0.00,SIN
2a06:98c1:310a:7e:6dca:fc87:cc20:2459,4,4,0.00,752.72,0.00,SIN
2a06:98c1:3101:b8:dd73:315c:1bc7:b7fd,4,4,0.00,752.85,0.00,SIN
2a06:98c1:310d:a8:11:31a6:7df:e68c,4,4,0.00,752.93,0.00,SIN
2a06:98c1:50:0:cb0e:b9a3:af4b:42d8,4,4,0.00,753.04,0.00,SIN
2a06:98c1:3108:b01d:d2f8:c380:7046:1403,4,4,0.00,753.63,0.00,SIN
2a06:98c1:3108:8d:db28:cb0d:b153:5745,4,4,0.00,753.84,0.00,SIN
2a06:98c1:310d:5:a36d:554d:920c:fe08,4,4,0.00,753.96,0.00,SIN
2a06:98c1:310e:7cd0:f0fb:bf88:564:5e44,4,4,0.00,754.02,0.00,SIN
2a06:98c1:3109:bf:9723:38d6:b743:694d,4,4,0.00,754.05,0.00,SIN
2a06:98c1:50:b10f:279c:c076:4dcb:8090,4,4,0.00,754.40,0.00,SIN
2a06:98c1:310d:923:3ea5:b7d6:5c1d:52fc,4,4,0.00,754.61,0.00,SIN
2a06:98c1:3102::9c:41bb:d10e,4,4,0.00,754.71,0.00,SIN
2a06:98c1:3107:9d:275:157b:8805:54a,4,4,0.00,755.12,0.00,SIN
2a06:98c1:3101:b5b3:962f:15bd:67a7:e289,4,4,0.00,755.46,0.00,SIN
2a06:98c1:310e:7c29:9545:e57f:7304:4a1c,4,4,0.00,755.55,0.00,SIN
2a06:98c1:310c:904c:df5a:a7cf:65de:2a35,4,4,0.00,755.56,0.00,SIN
2a06:98c1:3106:48:aeec:8dc5:e493:336c,4,4,0.00,755.70,0.00,SIN
2a06:98c1:310c:90c1:e23d:ac0e:831d:ec30,4,4,0.00,755.79,0.00,SIN
2a06:98c1:3106:48:d463:15ba:11ee:3a84,4,4,0.00,756.71,0.00,SIN
2a06:98c1:3106:c28d:8ce5:bd43:8608:61cf,4,4,0.00,757.38,0.00,SIN
2a06:98c1:310c:0:d919:7eef:32a0:7c14,4,4,0.00,757.46,0.00,SIN
2a06:98c1:3109:30:ae14:c2bb:9ae0:35c,4,4,0.00,758.02,0.00,SIN
2a06:98c1:310d:923:f2d4:cd18:f5b1:a514,4,4,0.00,758.16,0.00,SIN
2a06:98c1:310b:ffe6:bb4e:d8c3:ddc4:2680,4,4,0.00,758.31,0.00,SIN
2a06:98c1:3102:e6:22db:e59f:8edf:9726,4,4,0.00,758.80,0.00,SIN
2a06:98c1:310e:7:fc4:d1d7:cbc7:498f,4,4,0.00,759.10,0.00,SIN
2a06:98c1:310c:9063:68f6:8b42:454b:9600,4,4,0.00,759.28,0.00,SIN
2a06:98c1:51:7c:a3a3:50:3d5f:d34a,4,4,0.00,759.34,0.00,SIN
2a06:98c1:3107:e213:9fb3:2cb1:1054:13a1,4,4,0.00,759.77,0.00,SIN
2a06:98c1:310c::bbe6:93,4,4,0.00,760.14,0.00,SIN
2a06:98c1:310c:90c1:e221:f114:82be:c64d,4,4,0.00,760.33,0.00,SIN
2a06:98c1:3106:a6:9deb:bcc6:a34b:43c1,4,4,0.00,760.38,0.00,SIN
2803:f800:51:5961:dfff:eacf:aa20:eb00,4,4,0.00,760.83,0.00,SIN
2a06:98c1:3100:b521:6cd0:aa66:9f7c:bfc0,4,4,0.00,761.11,0.00,SIN
2803:f800:51:bd:770c:cefd:ce41:8875,4,4,0.00,761.87,0.00,SIN
2a06:98c1:310b:ffe6:5bab:8e1b:afc1:e2d7,4,4,0.00,761.87,0.00,SIN
2a06:98c1:3102:a11b:30f5:372b:a2ce:e83d,4,4,0.00,762.43,0.00,SIN
2a06:98c1:310e:7c6e:56d8:7eab:40ad:b5e4,4,4,0.00,762.64,0.00,SIN
2a06:98c1:310c:0:fb:f506:df0b:d627,4,4,0.00,763.06,0.00,SIN
2a06:98c1:50:0:cbd9:55:967e:3764,4,4,0.00,763.80,0.00,SIN
2803:f800:51:c4:820d:dcbc:889b:580c,4,4,0.00,763.82,0.00,SIN
2a06:98c1:3107:0:9b:5f77:4804:f23f,4,4,0.00,764.02,0.00,SIN
2a06:98c1:310f:53:3bf4:94e1:5708:db45,4,4,0.00,764.91,0.00,SIN
2a06:98c1:3105:92dd:4b8:aac5:c38e:5dd2,4,4,0.00,765.03,0.00,SIN
2a06:98c1:310d::3e44:884c:aede,4,4,0.00,765.10,0.00,SIN
2a06:98c1:310c:0:d919:7e03:304a:b40e,4,4,0.00,765.51,0.00,SIN
2a06:98c1:310d:923:f2d4:cd18:f501:de22,4,4,0.00,765.75,0.00,SIN
2a06:98c1:310e:7cd0:86ce:bc33:410:1b5a,4,4,0.00,766.10,0.00,SIN
2803:f800:50:0:f426:2b3:53ad:2ef9,4,4,0.00,766.22,0.00,SIN
2a06:98c1:3107:e29a:d61d:b512:e803:d6d3,4,4,0.00,766.35,0.00,SIN
2a06:98c1:310e:7c3f:48ee:a571:a33c:b910,4,4,0.00,766.80,0.00,SIN
2a06:98c1:3107:0:9b:5f06:3e78:fca9,4,4,0.00,767.23,0.00,SIN
2a06:98c1:3107:9d:b8c4:8bcf:e9d9:354d,4,4,0.00,767.28,0.00,SIN
2a06:98c1:310d:923:f2d4:e82c:a20c:3722,4,4,0.00,767.50,0.00,SIN
2a06:98c1:310b::5e90:f2cc,4,4,0.00,767.52,0.00,SIN
2a06:98c1:310c:90c1:e221:8733:c11d:14c2,4,4,0.00,767.60,0.00,SIN
2a06:98c1:310b:ffe6:5bf2:697f:1711:cb8f,4,4,0.00,767.63,0.00,SIN
2a06:98c1:310d:7acf:1ef4:3b68:1cc:f520,4,4,0.00,767.69,0.00,SIN
2a06:98c1:3107:e213:9fb3:2c1b:449:a0da,4,4,0.00,768.28,0.00,SIN
2a06:98c1:310a:4e:c0a1:50c7:73a8:1aad,4,4,0.00,768.31,0.00,SIN
2a06:98c1:3105:922e:597f:9d41:7f83:e13a,4,4,0.00,768.43,0.00,SIN
2a06:98c1:310f:0:2a:8a41:4420:9c6c,4,4,0.00,768.45,0.00,SIN
2a06:98c1:3107:e29a:522e:fa1f:a1f8:67c8,4,4,0.00,768.59,0.00,SIN
2a06:98c1:3105:92dd:a803:56bf:b5b1:69a7,4,4,0.00,768.68,0.00,SIN
2a06:98c1:3101:3c:967c:298b:dc3f:5e23,4,4,0.00,768.91,0.00,SIN
2a06:98c1:310b:ffe6:5b79:2ee7:3dda:7125,4,4,0.00,769.52,0.00,SIN
2a06:98c1:3108:0:f7:1c98:c4f3:e388,4,4,0.00,769.60,0.00,SIN
2a06:98c1:51:517a:67f5:9520:72e3:e972,4,4,0.00,769.73,0.00,SIN
2a06:98c1:3105:92dd:4b8:aac5:9607:c72,4,4,0.00,769.79,0.00,SIN
2a06:98c1:310d:923:3e9d:849e:e0a2:439a,4,4,0.00,769.92,0.00,SIN
2a06:98c1:3101:b8:601a:275a:595c:7a66,4,4,0.00,770.05,0.00,SIN
2a06:98c1:310e:7c3f:b5c4:6d3c:a37b:d603,4,4,0.00,770.11,0.00,SIN
2a06:98c1:3104:ac4b:65b0:5628:bb8b:1102,4,4,0.00,770.62,0.00,SIN
2a06:98c1:310f:0:ab:cbaf:868c:67b8,4,4,0.00,771.35,0.00,SIN
2803:f800:50:0:9f5c:aefe:89b:7f9e,4,4,0.00,771.65,0.00,SIN
2803:f800:51:361b:3ac1:8880:84fa:b33a,4,4,0.00,771.70,0.00,SIN
2a06:98c1:310d:923:f260:8f47:a370:c877,4,4,0.00,771.80,0.00,SIN
2a06:98c1:310f:0:ab:29ff:1f76:cc8c,4,4,0.00,771.96,0.00,SIN
2a06:98c1:3105:6:49ba:df1a:ef7c:5d4a,4,4,0.00,772.01,0.00,SIN
2a06:98c1:3103:0:dce9:6279:8c64:9cf4,4,4,0.00,772.54,0.00,SIN
2a06:98c1:3100:b521:6cd0:aaf6:c426:bc4b,4,4,0.00,772.64,0.00,SIN
2a06:98c1:3107:e29a:ec2c:33d3:4144:4c17,4,4,0.00,772.86,0.00,SIN
2a06:98c1:3107:e29a:d6c1:21e2:7253:e72,4,4,0.00,773.16,0.00,SIN
2803:f800:51:59ed:e0b4:7571:b820:982f,4,4,0.00,773.75,0.00,SIN
2a06:98c1:310b:80ff:abd7:77e:2f4e:49da,4,4,0.00,773.81,0.00,SIN
2a06:98c1:310e:7cd0:86ce:bc41:15f9:eece,4,4,0.00,773.81,0.00,SIN
2a06:98c1:3102:a11b:dd25:d22e:c67e:5bab,4,4,0.00,774.28,0.00,SIN
2a06:98c1:310f:1c:d89b:f7a4:4fd7:bfb7,4,4,0.00,774.44,0.00,SIN
2a06:98c1:3103:cfb8:ea61:9ca3:eaa2:1044,4,4,0.00,774.57,0.00,SIN
2a06:98c1:310c:52:c5cc:7195:efb2:43f9,4,4,0.00,774.61,0.00,SIN
2a06:98c1:3107:9d:b85b:f896:ed44:bc42,4,4,0.00,775.32,0.00,SIN
2a06:98c1:3109:0:cb3:d411:4201:ed71,4,4,0.00,775.46,0.00,SIN
2a06:98c1:3105:92dd:479:a41:7b15:3e1,4,4,0.00,775.54,0.00,SIN
2a06:98c1:50::86b5:10ec:7bf2,4,4,0.00,775.60,0.00,SIN
2803:f800:50:0:9f5c:ae2c:538e:93b3,4,4,0.00,775.85,0.00,SIN
2a06:98c1:51:7c:a3f3:a3f0:5ba1:6523,4,4,0.00,775.90,0.00,SIN
2a06:98c1:3107:e29a:528f:6b96:cdb5:2d4a,4,4,0.00,776.49,0.00,SIN
2a06:98c1:3108:b085:5ba8:d40f:6466:70c9,4,4,0.00,776.78,0.00,SIN
2803:f800:50:0:9f5c:ae2c:4fb2:d285,4,4,0.00,777.02,0.00,SIN
2a06:98c1:3107:9d:275:155b:54f:ec7a,4,4,0.00,777.23,0.00,SIN
2a06:98c1:3105:92dd:a803:56d6:65cb:2f9f,4,4,0.00,778.62,0.00,SIN
2a06:98c1:3109:30:ae9e:4475:b896:fb2a,4,4,0.00,778.85,0.00,SIN
2a06:98c1:3105:0:a3:d872:e8e9:2594,4,4,0.00,780.23,0.00,SIN
2a06:98c1:3104:de:8612:e0a8:4aac:402d,4,4,0.00,780.79,0.00,SIN
2a06:98c1:310c:90c1:8051:5120:8e08:6bba,4,4,0.00,780.81,0.00,SIN
2a06:98c1:3105:0:b2:8b9e:2724:6819,4,4,0.00,780.95,0.00,SIN
2a06:98c1:3107:e29a:ec56:1a9e:64e5:4bf5,4,4,0.00,780.96,0.00,SIN
2803:f800:50:0:5b:1b9:86aa:6c17,4,4,0.00,781.03,0.00,SIN
2a06:98c1:310d:a8:c6:eb01:3d5f:ba2d,4,4,0.00,781.58,0.00,SIN
2803:f800:51:361b:5a9f:8781:a5da:cc42,4,4,0.00,782.01,0.00,SIN
2a06:98c1:3107:0:7084:f110:5d4f:5be,4,4,0.00,782.54,0.00,SIN
2a06:98c1:51:d11b:b9fd:1434:3e3e:32b5,4,4,0.00,783.27,0.00,SIN
2803:f800:51:5943:8229:6150:ea22:91c0,4,4,0.00,783.27,0.00,SIN
2803:f800:50:5768:3eab:cee8:1ef8:d60b,4,4,0.00,783.48,0.00,SIN
2a06:98c1:310c:0:d919:fedc:ef43:57d8,4,4,0.00,783.55,0.00,SIN
2a06:98c1:3105:7f:10f9:d20e:9529:e3c8,4,4,0.00,783.98,0.00,SIN
2a06:98c1:3104:0:f0:e8c9:4530:bc72,4,4,0.00,784.61,0.00,SIN
2a06:98c1:310d:a8:c6:7306:50e3:7fd3,4,4,0.00,785.59,0.00,SIN
2a06:98c1:3109:30:4724:6c63:107a:7e34,4,4,0.00,785.66,0.00,SIN
2a06:98c1:310e:7c6e:fe72:a23f:65f2:41a2,4,4,0.00,786.25,0.00,SIN
2a06:98c1:310b::c0a6:2fca:54be,4,4,0.00,786.41,0.00,SIN
2a06:98c1:50:0:cbd9:0:cc4:e82e,4,4,0.00,786.58,0.00,SIN
2a06:98c1:310e:0:d633:e6b6:a5a5:a150,4,4,0.00,787.24,0.00,SIN
2a06:98c1:3100:0:cbe5:b665:bf87:7ee2,4,4,0.00,788.30,0.00,SIN
2a06:98c1:310d:a8:c6:738d:35e6:5117,4,4,0.00,788.55,0.00,SIN
2803:f800:51:5943:77b0:c563:e2d0:59ad,4,4,0.00,789.10,0.00,SIN
2a06:98c1:310e:7cd0:3855:2ec8:90d1:27aa,4,4,0.00,789.76,0.00,SIN
2a06:98c1:310a:0:a27b:4495:67d3:c101,4,4,0.00,789.77,0.00,SIN
2a06:98c1:3109:0:f8:b9c4:b4af:8032,4,4,0.00,789.90,0.00,SIN
2a06:98c1:310a:0:a27b:4493:9528:2dfe,4,4,0.00,789.99,0.00,SIN
2a06:98c1:310e:7c6e:fe72:a2bc:db9d:6fb2,4,4,0.00,790.22,0.00,SIN
2a06:98c1:50:0:cbd9:e847:3d5a:b442,4,4,0.00,790.25,0.00,SIN
2a06:98c1:310e:32:dc9f:3c6b:7bba:672,4,4,0.00,790.45,0.00,SIN
2a06:98c1:310f:e0:bf1a:61ec:a627:2ad4,4,4,0.00,791.06,0.00,SIN
2803:f800:50:85:5915:3301:944b:eaec,4,4,0.00,791.34,0.00,SIN
2a06:98c1:3101:b508:81fc:98bf:af0c:f3ee,4,4,0.00,791.78,0.00,SIN
2a06:98c1:50::fda8:9f21:7896,4,4,0.00,792.02,0.00,SIN
2a06:98c1:310f:0:4e8d:6710:240c:a576,4,4,0.00,792.86,0.00,SIN
2a06:98c1:310d:5:5beb:ae22:d4b6:4ac3,4,4,0.00,792.93,0.00,SIN
2a06:98c1:310b:ffe6:3435:8484:c375:e594,4,4,0.00,793.14,0.00,SIN
2a06:98c1:310e:7c3f:48ee:d026:b34:89c8,4,4,0.00,793.34,0.00,SIN
2a06:98c1:3109:bf:9701:c337:9db6:308b,4,4,0.00,793.68,0.00,SIN
2a06:98c1:310b:ffe6:5bab:60a2:dfeb:e950,4,4,0.00,795.17,0.00,SIN
2a06:98c1:50:3d:5a74:8764:69b7:9371,4,4,0.00,795.29,0.00,SIN
2a06:98c1:3109:5c62:79c1:1d3f:76b8:b7fa,4,4,0.00,795.30,0.00,SIN
2a06:98c1:3105:92dd:4e4:96eb:34b3:cbc9,4,4,0.00,796.15,0.00,SIN
2a06:98c1:310b:80ff:345e:b6c:8819:1d00,4,4,0.00,796.23,0.00,SIN
2a06:98c1:310e:7cd0:3855:2e17:7174:2199,4,4,0.00,796.51,0.00,SIN
2a06:98c1:3102:0:d7e7:585e:357c:1167,4,4,0.00,796.78,0.00,SIN
2a06:98c1:3102:69:1cf3:8850:15a5:39e2,4,4,0.00,797.13,0.00,SIN
2a06:98c1:310d:9eb:e789:63e2:fa47:fcfc,4,4,0.00,797.92,0.00,SIN
2803:f800:50:0:9f5c:ae2c:ba51:b077,4,4,0.00,798.97,0.00,SIN
2a06:98c1:310e:7cd0:86ce:bc33:464:a02c,4,4,0.00,799.07,0.00,SIN
2a06:98c1:310d:923:3ea5:5b64:571c:b702,4,4,0.00,799.23,0.00,SIN
2a06:98c1:310d:923:f2d4:1739:3b65:922,4,4,0.00,799.39,0.00,SIN
2a06:98c1:3109:30:4724:6d21:5867:aa4f,4,4,0.00,799.54,0.00,SIN
2803:f800:51:59ed:e0b4:429d:4327:bfdf,4,4,0.00,799.96,0.00,SIN
2a06:98c1:3105:b3:784b:6306:179c:f504,4,4,0.00,800.02,0.00,SIN
2803:f800:51:c4:de54:f2c5:937f:3f43,4,4,0.00,800.05,0.00,SIN
2a06:98c1:3101:3c:c9b1:9b68:894:7ab2,4,4,0.00,800.21,0.00,SIN
2a06:98c1:310c:904c:4b9f:e7d6:5196:9af0,4,4,0.00,800.41,0.00,SIN
2a06:98c1:3107:d8:5f02:901a:bf43:c423,4,4,0.00,801.34,0.00,SIN
2803:f800:51:361b:3ac1:8880:b9e:b610,4,4,0.00,801.75,0.00,SIN
2803:f800:51:59ed:e0a2:cb7b:a6d0:1e41,4,4,0.00,801.86,0.00,SIN
2a06:98c1:3105:0:a3:f8:2780:8a1f,4,4,0.00,802.02,0.00,SIN
2a06:98c1:3108:b01d:d20e:9b8:a0ea:b9ac,4,4,0.00,802.48,0.00,SIN
2a06:98c1:50:3d:5a74:8764:69d5:54f0,4,4,0.00,802.98,0.00,SIN
2a06:98c1:310d:a8:11:d68e:f14f:28a5,4,4,0.00,803.17,0.00,SIN
2803:f800:51:0:ceac:87bf:5165:bc67,4,4,0.00,803.17,0.00,SIN
2a06:98c1:310b:ffe6:5b79:41d:c13b:3729,4,4,0.00,803.57,0.00,SIN
2a06:98c1:310f:58bd:ab09:2abc:5935:f212,4,4,0.00,803.92,0.00,SIN
2a06:98c1:3100:0:543a:6523:48cf:f040,4,4,0.00,804.51,0.00,SIN
2a06:98c1:3104:ac4b:65b0:5628:b199:75fb,4,4,0.00,804.59,0.00,SIN
2a06:98c1:3106:c2c8:50a8:fef7:4c44:23a2,4,4,0.00,805.48,0.00,SIN
2a06:98c1:3109:0:74a8:2a94:c1e3:ae1f,4,4,0.00,805.57,0.00,SIN
2a06:98c1:51:e1:e84b:f2b8:43bf:6023,4,4,0.00,806.08,0.00,SIN
2a06:98c1:3102:a11b:f817:5398:d6f4:888e,4,4,0.00,806.15,0.00,SIN
2a06:98c1:3103:fc:94c9:c0b9:3c52:2b4c,4,4,0.00,806.57,0.00,SIN
2a06:98c1:3102:0:358c:cd3d:f4d5:e391,4,4,0.00,806.74,0.00,SIN
2a06:98c1:3107:9d:b809:62e9:f45e:3aa0,4,4,0.00,807.09,0.00,SIN
2803:f800:50:0:cf:de79:6570:5d38,4,4,0.00,807.09,0.00,SIN
2a06:98c1:3102:e6:22db:5668:17cf:3775,4,4,0.00,807.38,0.00,SIN
2a06:98c1:310b:ffe6:5bab:c11b:1ddf:ac65,4,4,0.00,807.63,0.00,SIN
2a06:98c1:310a:4e:5592:dff6:acc5:19a0,4,4,0.00,807.99,0.00,SIN
2a06:98c1:3106:48:aed1:3ec2:9425:bcba,4,4,0.00,808.04,0.00,SIN
2803:f800:51:361b:3ac1:1b86:e980:210e,4,4,0.00,808.23,0.00,SIN
2a06:98c1:3106:0:ea:f487:627:c5b5,4,4,0.00,808.30,0.00,SIN
2a06:98c1:310d:0:c8bc:9089:653f:7992,4,4,0.00,808.30,0.00,SIN
2a06:98c1:3102:0:d727:d6a1:7bcf:a6c0,4,4,0.00,808.36,0.00,SIN
2a06:98c1:3107::a1:a9c0,4,4,0.00,808.72,0.00,SIN
2a06:98c1:310e:7:fc4:d1d7:36e2:2c17,4,4,0.00,809.65,0.00,SIN
2a06:98c1:51:0:d59c:5bda:39d6:2363,4,4,0.00,809.80,0.00,SIN
2a06:98c1:310e:7c6e:fe72:dbee:9659:4ac8,4,4,0.00,809.92,0.00,SIN
2a06:98c1:310f:53:7c7c:2fca:d4ce:2db8,4,4,0.00,809.93,0.00,SIN
2803:f800:51:5943:75b4:7d78:ed5f:9c0a,4,4,0.00,810.07,0.00,SIN
2803:f800:51:5961:bc:6be9:5921:5483,4,4,0.00,810.67,0.00,SIN
2a06:98c1:310f:1c:d89b:f72f:71a6:6ef3,4,4,0.00,810.71,0.00,SIN
2a06:98c1:3100:0:cbe5:c9f2:41f:b675,4,4,0.00,810.89,0.00,SIN
2a06:98c1:3107:6a76:59ff:a607:bf8c:2614,4,4,0.00,811.04,0.00,SIN
2a06:98c1:310d:0:c8bc:b830:d6e7:95e3,4,4,0.00,811.08,0.00,SIN
2a06:98c1:3105:922e:597f:101f:1b81:66fd,4,4,0.00,811.13,0.00,SIN
2a06:98c1:310e:7cd0:86ce:bc8d:484e:cf7a,4,4,0.00,811.52,0.00,SIN
2803:f800:51:367e:a11c:414c:5963:6435,4,4,0.00,811.54,0.00,SIN
2803:f800:51:5961:bc:6063:1ad9:fa96,4,4,0.00,811.60,0.00,SIN
2a06:98c1:3104:0:9ec2:7b90:16c9:dd08,4,4,0.00,811.75,0.00,SIN
2a06:98c1:310c:904c:4b0b:db61:3cfd:de79,4,4,0.00,811.92,0.00,SIN
2a06:98c1:3106:a6:9d0f:6746:5b63:a14e,4,4,0.00,811.96,0.00,SIN
2a06:98c1:3105:92dd:39b4:fcd4:142a:8408,4,4,0.00,812.04,0.00,SIN
2a06:98c1:310a:0:a2a0:b0fc:4ca5:b373,4,4,0.00,812.07,0.00,SIN
2a06:98c1:310f:e0:a90:c54d:4e55:80e0,4,4,0.00,812.22,0.00,SIN
2a06:98c1:51:d161:1276:bf4d:15f8:b44e,4,4,0.00,812.33,0.00,SIN
2a06:98c1:310f:53:3bf4:9480:92a9:d7f3,4,4,0.00,812.61,0.00,SIN
2a06:98c1:3108:0:f7:1cd4:dea7:fb80,4,4,0.00,812.69,0.00,SIN
2a06:98c1:3102:69:1cf3:ccbd:cbce:da4e,4,4,0.00,812.99,0.00,SIN
2a06:98c1:310a:0:df:df88:4f2a:6cfa,4,4,0.00,813.13,0.00,SIN
2a06:98c1:3105:0:a3:d872:4485:5e39,4,4,0.00,813.13,0.00,SIN
2400:cb00:2049:d7:b392:263b:55cb:c638,4,4,0.00,813.14,0.00,SIN
2a06:98c1:310e:d4b0:c27f:f166:7b53:8071,4,4,0.00,813.17,0.00,SIN
2a06:98c1:3109:bf:9701:c337:6312:75c5,4,4,0.00,813.57,0.00,SIN
2a06:98c1:3107:e29a:522e:fa2c:9df2:26ca,4,4,0.00,813.62,0.00,SIN
2a06:98c1:3105:922e:597c:ac37:ced:78b7,4,4,0.00,813.67,0.00,SIN
2a06:98c1:310b:ffe6:bb4e:8761:f745:2435,4,4,0.00,813.99,0.00,SIN
2a06:98c1:3103:0:97:6e12:f700:b4ba,4,4,0.00,814.18,0.00,SIN
2803:f800:51:bd:51aa:9c0c:c5af:e26c,4,4,0.00,814.26,0.00,SIN
2803:f800:51:68:d053:5e40:d3bd:3a09,4,4,0.00,814.50,0.00,SIN
2a06:98c1:3106:48:ae0c:860b:3af9:8a2c,4,4,0.00,814.51,0.00,SIN
2a06:98c1:310c:904c:df72:8f7e:4a54:1a53,4,4,0.00,814.62,0.00,SIN
2a06:98c1:3101:b8:dd73:9688:105d:ac96,4,4,0.00,815.09,0.00,SIN
2a06:98c1:3107:6a76:59ff:a64f:77af:769c,4,4,0.00,815.11,0.00,SIN
2a06:98c1:310a:0:a27b:4493:9578:a754,4,4,0.00,815.38,0.00,SIN
2a06:98c1:3109:5c62:79c1:e6b8:8352:10df,4,4,0.00,815.73,0.00,SIN
2a06:98c1:3102:e6:c2d5:cd8b:5276:f095,4,4,0.00,815.78,0.00,SIN
2803:f800:51:5943:44ac:4bed:70fa:e42b,4,4,0.00,815.94,0.00,SIN
2a06:98c1:51:0:3e:2b41:4f97:673d,4,4,0.00,816.00,0.00,SIN
2a06:98c1:3109:0:74d0:9974:5725:2a7d,4,4,0.00,816.04,0.00,SIN
2a06:98c1:3103:cfb8:4f94:8f14:f8b2:8692,4,4,0.00,816.22,0.00,SIN
2a06:98c1:3102:69:46e2:1bf9:23c7:ba39,4,4,0.00,816.37,0.00,SIN
2a06:98c1:3106:48:aeec:8d2a:833d:4ca0,4,4,0.00,816.72,0.00,SIN
2a06:98c1:3104:ac2b:2377:b14:7107:4a0c,4,4,0.00,816.91,0.00,SIN
2803:f800:51:0:ceac:f8b:ec4c:7c92,4,4,0.00,817.01,0.00,SIN
2a06:98c1:310d:923:f2d4:cd18:2585:120a,4,4,0.00,817.04,0.00,SIN
2a06:98c1:3109:0:74a8:ba26:6082:5202,4,4,0.00,817.21,0.00,SIN
2a06:98c1:3106:48:aeec:a:fab:b63a,4,4,0.00,817.29,0.00,SIN
2400:cb00:2049:d7:b3f1:e2ed:a82e:6ac7,4,4,0.00,817.40,0.00,SIN
2a06:98c1:310b:ffe6:5b79:d2b1:3884:4e25,4,4,0.00,817.40,0.00,SIN
2a06:98c1:3109:bf:9701:ba66:bb7a:c525,4,4,0.00,817.59,0.00,SIN
2a06:98c1:310d:0:c8bc:f609:6ea0:87a5,4,4,0.00,817.62,0.00,SIN
2803:f800:51:59ed:e0a2:6614:2989:7efe,4,4,0.00,817.72,0.00,SIN
2a06:98c1:310d:0:c8bc:f61d:afe2:8ac9,4,4,0.00,817.89,0.00,SIN
2a06:98c1:3108:0:f7:2b61:f33a:503c,4,4,0.00,817.92,0.00,SIN
2a06:98c1:3106:a6:9deb:1c5e:b8ab:acd0,4,4,0.00,818.15,0.00,SIN
2a06:98c1:310e:7c3f:48ee:3993:d06f:bfd8,4,4,0.00,818.34,0.00,SIN
2a06:98c1:310d:9eb:e789:378b:b94e:c7d4,4,4,0.00,818.57,0.00,SIN
2a06:98c1:3108:b085:ce7f:4b49:944c:90ec,4,4,0.00,818.82,0.00,SIN
2a06:98c1:310e:7c29:90cb:1b62:33ee:999,4,4,0.00,818.95,0.00,SIN
2a06:98c1:3109:0:cb3:2361:bb52:eb6b,4,4,0.00,819.22,0.00,SIN
2a06:98c1:3107:e29a:528f:6bb0:6e7e:e515,4,4,0.00,819.25,0.00,SIN
2a06:98c1:310b:ffaa:77cd:59b4:b44e:6e2a,4,4,0.00,819.42,0.00,SIN
2a06:98c1:310d:7acf:1e48:4bd7:dc01:dba,4,4,0.00,819.59,0.00,SIN
2a06:98c1:3105:922e:594f:237f:9bba:7cbd,4,4,0.00,819.62,0.00,SIN
2a06:98c1:3108:0:fceb:4325:186b:7ff0,4,4,0.00,819.75,0.00,SIN
2803:f800:51:59ed:e0a2:56ef:b5b3:bfb3,4,4,0.00,819.89,0.00,SIN
2803:f800:50:0:5b:a2da:dd00:b5c7,4,4,0.00,820.07,0.00,SIN
2a06:98c1:310f:0:ab:7397:ae4:b895,4,4,0.00,820.65,0.00,SIN
2a06:98c1:310e:7c3f:48ee:a571:8839:acf0,4,4,0.00,820.66,0.00,SIN
2a06:98c1:310b:8009:7079:7386:1e9b:731d,4,4,0.00,821.00,0.00,SIN
2a06:98c1:3107:e29a:522e:fa69:307e:3e97,4,4,0.00,821.16,0.00,SIN
2a06:98c1:310e:7c29:9545:e57f:e7bb:6002,4,4,0.00,821.18,0.00,SIN
2803:f800:50:57d1:2d9e:b524:d3d1:c906,4,4,0.00,821.28,0.00,SIN
2a06:98c1:3101:b5b3:962f:15e9:384f:8f,4,4,0.00,821.40,0.00,SIN
2a06:98c1:3107:e213:9fca:d554:9116:f8a1,4,4,0.00,821.44,0.00,SIN
2a06:98c1:310f::a678:62df:f702,4,4,0.00,821.93,0.00,SIN
2a06:98c1:3103:fc:9491:13e4:23af:bfaf,4,4,0.00,822.08,0.00,SIN
2a06:98c1:3109:bf:97d0:1bff:ef0e:6fca,4,4,0.00,822.15,0.00,SIN
2a06:98c1:3100:b521:fabe:f5bf:bf90:f591,4,4,0.00,822.28,0.00,SIN
2a06:98c1:3107:6a76:566c:60b1:817a:41df,4,4,0.00,822.30,0.00,SIN
2a06:98c1:51:d11b:b9fd:7a30:5b84:19ca,4,4,0.00,822.31,0.00,SIN
2803:f800:51:367e:a11c:8f9f:ee7e:f37b,4,4,0.00,822.59,0.00,SIN
2a06:98c1:310a:0:c469:cb3f:fa93:2d3a,4,4,0.00,822.69,0.00,SIN
2a06:98c1:3109:0:f8:b9c4:2eb4:6347,4,4,0.00,822.77,0.00,SIN
2a06:98c1:310d:7acf:9e4d:d387:4ac5:a19f,4,4,0.00,822.98,0.00,SIN
2a06:98c1:51:517a:67f5:6727:52a0:f006,4,4,0.00,823.59,0.00,SIN
2803:f800:51:59ed:e0a2:56ef:6fcf:120c,4,4,0.00,823.93,0.00,SIN
2803:f800:51:bd:5100:eee4:9264:721b,4,4,0.00,823.97,0.00,SIN
2a06:98c1:3102:69:46f0:19bb:a128:6f9e,4,4,0.00,824.05,0.00,SIN
2a06:98c1:3107:9d:275:155b:54e:5c48,4,4,0.00,824.15,0.00,SIN
2a06:98c1:310b:ffe6:bb4e:8761:f7e2:37a6,4,4,0.00,824.51,0.00,SIN
2a06:98c1:310c:904c:df5a:a7cf:f07d:abb3,4,4,0.00,824.57,0.00,SIN
2a06:98c1:3103:cfb8:7a89:5945:369:5993,4,4,0.00,824.98,0.00,SIN
2a06:98c1:51:7c:7b80:bc2b:bbc2:8606,4,4,0.00,825.13,0.00,SIN
2a06:98c1:3105:922e:597f:101f:2269:a2e9,4,4,0.00,825.44,0.00,SIN
2a06:98c1:310b:ffe6:5b79:2ee7:c04a:3a3,4,4,0.00,825.70,0.00,SIN
2a06:98c1:3103:cfb8:7a9a:6be3:b3a8:dd8b,4,4,0.00,825.82,0.00,SIN
2a06:98c1:310a:1f5e:ae7c:28f7:aff5:e352,4,4,0.00,825.86,0.00,SIN
2a06:98c1:3103:fc:94c9:c06c:c43e:5700,4,4,0.00,826.26,0.00,SIN
2a06:98c1:51:0:d5b1:b3c4:93ef:f2d7,4,4,0.00,826.49,0.00,SIN
2a06:98c1:310b:ffe6:5bab:af6c:7a5e:7ec6,4,4,0.00,826.53,0.00,SIN
2803:f800:50:0:5b:a2da:dd26:d410,4,4,0.00,826.74,0.00,SIN
2a06:98c1:310e:7c3f:b58d:e8d:9580:7598,4,4,0.00,826.75,0.00,SIN
2a06:98c1:310d:7acf:9e63:cd10:a276:3852,4,4,0.00,826.98,0.00,SIN
2a06:98c1:51:0:e8:de1b:e3b9:63dc,4,4,0.00,827.21,0.00,SIN
2a06:98c1:310b:ffe6:bb4e:d84f:86bc:b2e2,4,4,0.00,827.23,0.00,SIN
2a06:98c1:3106:a6:9d0f:5b24:afd3:8f0c,4,4,0.00,827.29,0.00,SIN
2a06:98c1:3107:9d:624a:89da:3c4e:d843,4,4,0.00,827.35,0.00,SIN
2a06:98c1:3106:c2c8:50a8:2893:83d8:cf47,4,4,0.00,827.39,0.00,SIN
2a06:98c1:3102:a11b:bf79:26bf:fa51:3371,4,4,0.00,827.41,0.00,SIN
2a06:98c1:3106:c28d:8ce5:bdbf:42d9:42e3,4,4,0.00,827.49,0.00,SIN
2a06:98c1:310a:0:df:2abc:e278:3e4,4,4,0.00,827.57,0.00,SIN
2a06:98c1:310c:90c1:e23d:acf5:ab5a:d729,4,4,0.00,827.80,0.00,SIN
2803:f800:51:0:de7f:54f4:d034:12,4,4,0.00,827.93,0.00,SIN
2a06:98c1:3107:6a76:59ff:a665:6406:4b56,4,4,0.00,828.15,0.00,SIN
2a06:98c1:3102:0:b5:ed91:1b62:c3d1,4,4,0.00,828.29,0.00,SIN
2a06:98c1:3100:594:11bf:14e7:db37:81a3,4,4,0.00,828.33,0.00,SIN
2a06:98c1:3109:0:d3e2:1bdb:17b5:8a3,4,4,0.00,828.34,0.00,SIN
2a06:98c1:3102:e6:c2fc:774e:63a8:5ced,4,4,0.00,828.40,0.00,SIN
2a06:98c1:51:0:25:6934:79fc:e715,4,4,0.00,828.42,0.00,SIN
2a06:98c1:310e:7:f00:6677:57bd:a68d,4,4,0.00,828.96,0.00,SIN
2a06:98c1:310d:9eb:b4b5:6a3b:2ecd:2c06,4,4,0.00,829.07,0.00,SIN
2a06:98c1:3105:6:49ba:3260:6f64:931,4,4,0.00,829.17,0.00,SIN
2a06:98c1:3100:245c:b86:b3b7:6d14:77a5,4,4,0.00,829.35,0.00,SIN
2a06:98c1:3102:0:b5:623f:6043:f51f,4,4,0.00,829.35,0.00,SIN
2a06:98c1:51:7c:a3a3:56:a7e4:1894,4,4,0.00,829.40,0.00,SIN
2a06:98c1:3109:0:f8:1df9:60b4:6b0b,4,4,0.00,829.41,0.00,SIN
2a06:98c1:3109:30:ee54:c9bc:32ad:a89a,4,4,0.00,829.53,0.00,SIN
2803:f800:51:5943:75a4:2326:b577:3dcc,4,4,0.00,829.64,0.00,SIN
2a06:98c1:310b:ee:80c5:8c36:2e32:c495,4,4,0.00,829.77,0.00,SIN
2a06:98c1:310a:1f5e:aee5:1a10:1cbb:fec5,4,4,0.00,829.82,0.00,SIN
2a06:98c1:310f::92:b6d5:bf1d,4,4,0.00,830.00,0.00,SIN
2a06:98c1:3107:e29a:ecce:7338:138c:28fc,4,4,0.00,830.10,0.00,SIN
2a06:98c1:3102::c03d:f5fd:1f37,4,4,0.00,830.16,0.00,SIN
2a06:98c1:3106:48:d463:15ba:1e4f:633a,4,4,0.00,830.35,0.00,SIN
2a06:98c1:3105:b3:6722:cbe0:b0cc:1e0e,4,4,0.00,830.35,0.00,SIN
2a06:98c1:3108:b085:ce7f:ff0d:ebca:6f7a,4,4,0.00,830.37,0.00,SIN
2a06:98c1:3107:e29a:528f:6b96:cd89:4e13,4,4,0.00,830.58,0.00,SIN
2a06:98c1:310c:904c:df72:8f96:8272:9df6,4,4,0.00,830.61,0.00,SIN
2a06:98c1:3101:b508:81fc:ec9f:709e:e0d1,4,4,0.00,830.78,0.00,SIN
2a06:98c1:310d:a8:a6b8:c088:eaab:6870,4,4,0.00,830.82,0.00,SIN
2a06:98c1:3105:6:4985:73c2:75dd:5633,4,4,0.00,831.21,0.00,SIN
2a06:98c1:3102:a11b:f817:53d2:92c5:9ca2,4,4,0.00,831.34,0.00,SIN
2a06:98c1:3107:e29a:ecce:244c:e961:6df4,4,4,0.00,831.40,0.00,SIN
2a06:98c1:3103:0:97:6e50:1a64:5401,4,4,0.00,831.43,0.00,SIN
2a06:98c1:3101::4e8b:6724:254f,4,4,0.00,831.54,0.00,SIN
2a06:98c1:310b:ffe6:bb4e:d8fc:9fe6:5c09,4,4,0.00,831.54,0.00,SIN
2a06:98c1:3109:30:4724:419d:3740:8fe0,4,4,0.00,831.56,0.00,SIN
2803:f800:51:bd:5104:15b5:b4b1:aad3,4,4,0.00,831.68,0.00,SIN
2a06:98c1:3100:b521:fabe:3c87:dc77:c930,4,4,0.00,832.04,0.00,SIN
2a06:98c1:3109:0:cb3:2361:22d3:d438,4,4,0.00,832.09,0.00,SIN
2803:f800:51:bd:7763:f163:53b3:2314,4,4,0.00,832.20,0.00,SIN
2a06:98c1:310d:7acf:9e98:808c:d42c:7042,4,4,0.00,832.32,0.00,SIN
2a06:98c1:310e:7c3f:b5c4:5047:7c9b:15e4,4,4,0.00,832.36,0.00,SIN
2a06:98c1:310e:7c29:958d:d91a:df26:d458,4,4,0.00,832.40,0.00,SIN
2a06:98c1:3100:b521:6cd0:aaf6:de89:7efe,4,4,0.00,832.56,0.00,SIN
2a06:98c1:3106:48:d463:5362:7c3a:fab0,4,4,0.00,832.63,0.00,SIN
2803:f800:51:bd:ac26:1b0d:8323:d412,4,4,0.00,832.65,0.00,SIN
2a06:98c1:310b:ffe6:3435:8484:f77c:cc44,4,4,0.00,832.83,0.00,SIN
2a06:98c1:3106:48:aeec:d68a:a3a5:6e48,4,4,0.00,832.88,0.00,SIN
2a06:98c1:310a:1f5e:ae7c:28f7:5191:826,4,4,0.00,833.00,0.00,SIN
2a06:98c1:3102:0:b5:ed17:2f5e:461a,4,4,0.00,833.38,0.00,SIN
2a06:98c1:310a:1f5e:aee5:1a74:af24:267d,4,4,0.00,833.43,0.00,SIN
2a06:98c1:310c:90c1:80ad:724e:68a:6752,4,4,0.00,833.46,0.00,SIN
2400:cb00:2049:fa3:8cb5:40e7:8453:44a1,4,4,0.00,833.47,0.00,SIN
2a06:98c1:310f:58bd:ab82:3982:4e9d:2239,4,4,0.00,833.47,0.00,SIN
2a06:98c1:310a:0:a2d8:5dd9:dfd2:6041,4,4,0.00,833.58,0.00,SIN
2a06:98c1:3103:fc:9491:42db:46a8:844d,4,4,0.00,833.67,0.00,SIN
2a06:98c1:310c:0:d919:7e03:4d4d:9cb5,4,4,0.00,833.81,0.00,SIN
2803:f800:51:5961:dfff:ea9f:d8d0:28c,4,4,0.00,833.92,0.00,SIN
2a06:98c1:310e:7c6e:56d8:bc57:3e:de23,4,4,0.00,834.15,0.00,SIN
2a06:98c1:3100:0:5418:dd03:97f0:732a,4,4,0.00,834.34,0.00,SIN
2a06:98c1:3105:922e:597c:acc2:4334:c831,4,4,0.00,834.38,0.00,SIN
2a06:98c1:3100:245c:b01:2148:6980:655c,4,4,0.00,834.42,0.00,SIN
2a06:98c1:3105:7bac:759d:cdeb:82f1:fcf1,4,4,0.00,834.57,0.00,SIN
2a06:98c1:3105:7bac:759d:cdeb:13df:c800,4,4,0.00,834.89,0.00,SIN
2a06:98c1:310b:0:b7d7:368b:51bb:edc2,4,4,0.00,834.95,0.00,SIN
2a06:98c1:50:b1f9:b2a8:22a2:82d2:2eeb,4,4,0.00,835.17,0.00,SIN
2a06:98c1:310b:0:b7d7:363a:2c96:a081,4,4,0.00,835.52,0.00,SIN
2a06:98c1:310c:904c:4b9f:e7d6:5138:26bb,4,4,0.00,835.57,0.00,SIN
2a06:98c1:310e:7c29:90f7:bbb3:73bf:908f,4,4,0.00,835.77,0.00,SIN
2400:cb00:2049:0:88f9:779:2554:4cf8,4,4,0.00,835.86,0.00,SIN
2a06:98c1:3104::50fc:1c63:6b02,4,4,0.00,835.96,0.00,SIN
2a06:98c1:51:7c:a3a3:5f30:731d:c0db,4,4,0.00,835.99,0.00,SIN
2803:f800:50:85:59f2:4dce:a468:e849,4,4,0.00,836.28,0.00,SIN
2a06:98c1:3107:e291:390:65d7:160c:68d2,4,4,0.00,836.42,0.00,SIN
2803:f800:51:c4:de54:f2c5:d0fb:dec6,4,4,0.00,836.59,0.00,SIN
2a06:98c1:3103:fc:574a:514f:5fd5:6915,4,4,0.00,836.78,0.00,SIN
2a06:98c1:3103:cfb8:7a89:59e1:c331:ac82,4,4,0.00,836.79,0.00,SIN
2400:cb00:2049:0:73:82a2:de1:c554,4,4,0.00,836.80,0.00,SIN
2a06:98c1:310e:7cd0:f0fb:bf07:1b67:9aa3,4,4,0.00,836.91,0.00,SIN
2a06:98c1:310e:0:1db9:3bbc:cde:fa0e,4,4,0.00,837.14,0.00,SIN
2a06:98c1:310e:7cd0:3855:91f3:c2f7:c798,4,4,0.00,837.40,0.00,SIN
2a06:98c1:3101:0:b399:10cd:2dfd:74af,4,4,0.00,837.51,0.00,SIN
2a06:98c1:3107:e29a:522e:fab2:2472:3453,4,4,0.00,837.56,0.00,SIN
2a06:98c1:310d:7acf:1ef4:d455:14d6:d581,4,4,0.00,837.67,0.00,SIN
2a06:98c1:3107:e291:390:8546:f9c4:648d,4,4,0.00,837.70,0.00,SIN
2a06:98c1:3100:0:cbe5:c9f2:40f:7519,4,4,0.00,837.71,0.00,SIN
2a06:98c1:310c:904c:df5a:a7cf:4deb:ca0d,4,4,0.00,837.86,0.00,SIN
2a06:98c1:310d:0:12:252f:afaa:2886,4,4,0.00,838.41,0.00,SIN
2a06:98c1:3102:0:3a:ab13:787:d94e,4,4,0.00,838.43,0.00,SIN
2a06:98c1:3101:0:b399:c45d:b979:6978,4,4,0.00,838.45,0.00,SIN
2a06:98c1:310b::d0:60b:bbbd,4,4,0.00,838.52,0.00,SIN
2a06:98c1:50:b10f:279c:c076:d033:1931,4,4,0.00,838.53,0.00,SIN
2a06:98c1:3106:0:ea:dc94:670a:93be,4,4,0.00,838.54,0.00,SIN
2a06:98c1:3102:a178:b402:f60a:2e5e:1ac9,4,4,0.00,838.93,0.00,SIN
2a06:98c1:3106:0:ea:5aa0:8177:92ba,4,4,0.00,838.95,0.00,SIN
2a06:98c1:3107:e291:8270:e7b5:dabf:e583,4,4,0.00,839.00,0.00,SIN
2a06:98c1:3108:f1:e655:118d:c94c:841,4,4,0.00,839.05,0.00,SIN
2a06:98c1:3101:b8:dd73:9688:10c6:a12b,4,4,0.00,839.37,0.00,SIN
2a06:98c1:310d:7acf:1e48:8ddb:efae:d63,4,4,0.00,839.39,0.00,SIN
2a06:98c1:3106:48:d463:f434:87c7:b5d1,4,4,0.00,839.45,0.00,SIN
2a06:98c1:51:7c:a3cf:cc79:4814:ecf9,4,4,0.00,839.51,0.00,SIN
2a06:98c1:3101:0:5c1d:9676:5863:5236,4,4,0.00,839.61,0.00,SIN
2a06:98c1:3102:69:1ca3:f13b:e958:12ab,4,4,0.00,839.61,0.00,SIN
2a06:98c1:3104:0:ced7:a6aa:ca18:2336,4,4,0.00,839.72,0.00,SIN
2a06:98c1:3105:922e:594f:f1ea:edce:f891,4,4,0.00,839.75,0.00,SIN
2a06:98c1:3103:cfb8:ea61:9cf3:cf28:96bd,4,4,0.00,839.76,0.00,SIN
2a06:98c1:50:b1f9:b21f:226c:dac:c236,4,4,0.00,839.86,0.00,SIN
2400:cb00:2049:0:88f9:546b:ce3f:118d,4,4,0.00,839.93,0.00,SIN
2a06:98c1:310a:4e:c0a1:5061:9f47:57ad,4,4,0.00,839.99,0.00,SIN
2a06:98c1:3108:f1:e655:11f9:7578:e8c3,4,4,0.00,840.01,0.00,SIN
2a06:98c1:3107:6a76:b2d6:132f:dd44:155f,4,4,0.00,840.09,0.00,SIN
2a06:98c1:51:e1:e8c0:bb55:7512:ce6d,4,4,0.00,840.21,0.00,SIN
2a06:98c1:3105:7f:ee8c:b206:cbf:ac8,4,4,0.00,840.42,0.00,SIN
2400:cb00:2049:0:73:dacd:1717:d40b,4,4,0.00,840.52,0.00,SIN
2a06:98c1:3100:245c:b01:e3b6:9fe:43ec,4,4,0.00,840.64,0.00,SIN
2a06:98c1:3107:6a76:59f3:246a:9139:a425,4,4,0.00,840.92,0.00,SIN
2a06:98c1:310e:7c29:9545:ee4:dcba:8ab7,4,4,0.00,841.10,0.00,SIN
2803:f800:51:bd:51aa:9cfc:5793:a359,4,4,0.00,841.46,0.00,SIN
2a06:98c1:3107:e213:9fca:d554:140e:8206,4,4,0.00,841.47,0.00,SIN
2a06:98c1:3105:b3:6722:cb42:3ce4:1c47,4,4,0.00,841.51,0.00,SIN
2803:f800:51:bd:5100:eee4:3206:c5a,4,4,0.00,841.60,0.00,SIN
2a06:98c1:310c:904c:dfca:8a74:8f92:85e,4,4,0.00,841.75,0.00,SIN
2a06:98c1:3104:ac4b:e552:acc:1a3c:3ca0,4,4,0.00,842.03,0.00,SIN
2803:f800:51:bd:770c:cee7:2179:dd9c,4,4,0.00,842.21,0.00,SIN
2a06:98c1:3105:6e:2f27:93f7:3810:cf,4,4,0.00,842.26,0.00,SIN
2a06:98c1:51:d11b:b9fd:145c:c018:9e1e,4,4,0.00,842.27,0.00,SIN
2400:cb00:2049:0:73:1ee1:6fe5:7b05,4,4,0.00,842.34,0.00,SIN
2a06:98c1:3107:9d:b8dc:3db1:e555:a1e1,4,4,0.00,842.34,0.00,SIN
2a06:98c1:51:7c:7b34:fbdf:375f:96cc,4,4,0.00,842.42,0.00,SIN
2a06:98c1:310e:32:2977:64f0:4a04:f666,4,4,0.00,842.65,0.00,SIN
2a06:98c1:310c:90c1:e28b:7e7c:af3a:4725,4,4,0.00,842.73,0.00,SIN
2a06:98c1:3109:30:4724:6d21:581e:d4c0,4,4,0.00,842.74,0.00,SIN
2a06:98c1:3101:0:33:9025:2388:718b,4,4,0.00,842.88,0.00,SIN
2a06:98c1:51:7c:f163:482e:9bb5:c55d,4,4,0.00,842.88,0.00,SIN
2803:f800:51:c4:820d:9c18:f44c:701,4,4,0.00,843.04,0.00,SIN
2a06:98c1:51:51e9:68bc:7d08:862b:e581,4,4,0.00,843.08,0.00,SIN
2a06:98c1:310e:7c29:9545:f7fb:fc45:9a33,4,4,0.00,843.18,0.00,SIN
2a06:98c1:3107:0:8464:3bb2:ba26:5920,4,4,0.00,843.34,0.00,SIN
2a06:98c1:310e:7c3f:b5e8:d61d:5ed8:1c87,4,4,0.00,843.38,0.00,SIN
2a06:98c1:310d:a8:c6:7306:50a1:62de,4,4,0.00,843.69,0.00,SIN
2a06:98c1:3109:bf:973b:437:a9d7:1c22,4,4,0.00,843.90,0.00,SIN
2a06:98c1:310b:ffe6:5bf2:e853:b4d8:3808,4,4,0.00,843.99,0.00,SIN
2a06:98c1:3102:69:46e2:1bf9:2304:3252,4,4,0.00,844.46,0.00,SIN
2a06:98c1:3105:7bac:759d:cd6e:1af3:cd74,4,4,0.00,844.47,0.00,SIN
2a06:98c1:3105:7f:1074:4cbe:c2a1:9b9b,4,4,0.00,844.52,0.00,SIN
2a06:98c1:3102:0:358c:1d2:11f9:c38,4,4,0.00,844.55,0.00,SIN
2803:f800:51:367e:533a:a643:8abf:cc24,4,4,0.00,844.71,0.00,SIN
2a06:98c1:3105:92dd:479:bdc1:185:2b9e,4,4,0.00,844.76,0.00,SIN
2a06:98c1:3106:48:d463:f415:bdeb:822,4,4,0.00,844.86,0.00,SIN
2a06:98c1:3107:6a76:59ff:a64f:b990:baa,4,4,0.00,844.93,0.00,SIN
2a06:98c1:3106:48:d463:15ba:1445:9fb6,4,4,0.00,845.11,0.00,SIN
2a06:98c1:3107:e29a:ec2c:9ac3:b9f8:ab9a,4,4,0.00,845.36,0.00,SIN
2a06:98c1:310d:a8:11:31a6:95dc:e9dc,4,4,0.00,845.37,0.00,SIN
2803:f800:51:361b:3a9d:f9b:88ae:65aa,4,4,0.00,845.42,0.00,SIN
2a06:98c1:3105:0:9d16:8693:d970:ed80,4,4,0.00,845.42,0.00,SIN
2a06:98c1:3100:245c:b01:e31b:b635:9e09,4,4,0.00,845.50,0.00,SIN
2a06:98c1:3109:0:9be8:8202:b08a:a954,4,4,0.00,845.53,0.00,SIN
2a06:98c1:51:e1:e8c0:bbe2:cdc7:253a,4,4,0.00,845.63,0.00,SIN
2a06:98c1:310b:80ff:abc7:2100:48f0:143a,4,4,0.00,845.64,0.00,SIN
2a06:98c1:310c:9063:68f6:8e3a:d953:a215,4,4,0.00,845.79,0.00,SIN
2a06:98c1:3101::fe6b:6ce9:355f,4,4,0.00,845.80,0.00,SIN
2803:f800:51:5943:75b4:f593:6987:4b82,4,4,0.00,845.96,0.00,SIN
2a06:98c1:3102:0:d7e7:585e:938:c5a3,4,4,0.00,846.00,0.00,SIN
2a06:98c1:310c::fe1f:8085:9e3c,4,4,0.00,846.02,0.00,SIN
2a06:98c1:3108:b085:ce48:810a:df4c:98d1,4,4,0.00,846.24,0.00,SIN
2a06:98c1:3106:0:16af:840f:af65:11cc,4,4,0.00,846.30,0.00,SIN
2a06:98c1:310d:923:f2d4:e80d:a19c:20b4,4,4,0.00,846.57,0.00,SIN
2a06:98c1:3106:a6:9deb:bcc6:34e7:5cdd,4,4,0.00,846.70,0.00,SIN
2a06:98c1:51:d161:12b0:5814:b3af:29f4,4,4,0.00,846.95,0.00,SIN
2a06:98c1:310c:0:d919:fed6:274f:9d1a,4,4,0.00,846.97,0.00,SIN
2a06:98c1:3100:b521:fabe:3c87:dc08:86ee,4,4,0.00,846.98,0.00,SIN
2a06:98c1:51:7c:7b34:fbdf:3738:b7e9,4,4,0.00,847.16,0.00,SIN
2a06:98c1:3103:fc:9491:ee5b:6e76:f126,4,4,0.00,847.17,0.00,SIN
2a06:98c1:3105:7f:10f9:d2bb:6d58:d5fc,4,4,0.00,847.43,0.00,SIN
2a06:98c1:51:7c:7b80:bc2b:109f:78d5,4,4,0.00,847.54,0.00,SIN
2a06:98c1:3100:245c:b01:e31b:7c45:b454,4,4,0.00,847.60,0.00,SIN
2a06:98c1:3107:6a76:59ff:a64f:4cc0:b951,4,4,0.00,847.69,0.00,SIN
2a06:98c1:51:0:7fe3:8ffd:dd2c:6e68,4,4,0.00,847.74,0.00,SIN
2a06:98c1:3101:0:5cc3:bd0b:f1bd:eb3e,4,4,0.00,847.77,0.00,SIN
2a06:98c1:3106:48:aeec:8d2a:bfce:75ba,4,4,0.00,847.89,0.00,SIN
2a06:98c1:3107:e291:390:edb4:d689:6fc7,4,4,0.00,848.12,0.00,SIN
2a06:98c1:51:517a:38ab:a0b7:6086:47e7,4,4,0.00,848.15,0.00,SIN
2a06:98c1:3103:fc:9491:42db:4636:b213,4,4,0.00,848.20,0.00,SIN
2a06:98c1:310f:1c:d89b:f72f:715a:fae3,4,4,0.00,848.62,0.00,SIN
2803:f800:51:5961:bc6:e6d8:70a3:4838,4,4,0.00,848.82,0.00,SIN
2803:f800:51:59ed:e0b4:a353:ca56:b216,4,4,0.00,848.90,0.00,SIN
2a06:98c1:51:7c:a3f3:809d:8970:e92,4,4,0.00,849.06,0.00,SIN
2a06:98c1:3104:ac2b:23ec:21e8:b018:c4ae,4,4,0.00,849.15,0.00,SIN
2a06:98c1:3103:fc:9491:4214:cf5e:904c,4,4,0.00,849.32,0.00,SIN
2a06:98c1:3109:0:74a8:babd:8649:8718,4,4,0.00,849.36,0.00,SIN
2a06:98c1:3105:7f:10f9:d20e:9501:60fc,4,4,0.00,849.56,0.00,SIN
2803:f800:51:68:d0b2:12a2:ed2d:f185,4,4,0.00,849.58,0.00,SIN
2a06:98c1:310e:7cd0:3855:91f3:ba51:b947,4,4,0.00,849.61,0.00,SIN
2a06:98c1:310f:0:ab:7397:29bb:bf96,4,4,0.00,849.76,0.00,SIN
2803:f800:51:68:d053:100c:dd21:5fea,4,4,0.00,849.98,0.00,SIN
2a06:98c1:3109:0:f8:42d2:6058:e23e,4,4,0.00,850.02,0.00,SIN
2a06:98c1:3107:e29a:528f:a39d:c93:65b7,4,4,0.00,850.02,0.00,SIN
2a06:98c1:3100:0:cbe5:b6bf:2108:b4b4,4,4,0.00,850.05,0.00,SIN
2a06:98c1:310b:ffe6:5b79:2ee7:229a:3a29,4,4,0.00,850.13,0.00,SIN
2a06:98c1:3103:0:dce9:201e:42ad:709a,4,4,0.00,850.13,0.00,SIN
2a06:98c1:3101:3c:c96b:7983:93ed:1a82,4,4,0.00,850.27,0.00,SIN
2a06:98c1:3100:9b:a4a0:5c2c:de30:a597,4,4,0.00,850.49,0.00,SIN
2a06:98c1:3104:ac2b:23ec:7d71:35b4:6681,4,4,0.00,850.54,0.00,SIN
2a06:98c1:310a:0:d3b0:7f36:edb7:5874,4,4,0.00,850.58,0.00,SIN
2a06:98c1:3109:0:c23:352f:1701:8e2f,4,4,0.00,850.59,0.00,SIN
2803:f800:51:367e:f6d9:6305:bffb:eeda,4,4,0.00,850.62,0.00,SIN
2a06:98c1:3105:92dd:a803:56bf:b5c6:bbda,4,4,0.00,850.67,0.00,SIN
2a06:98c1:310a:1f5e:aee5:1a01:a0f9:111d,4,4,0.00,850.83,0.00,SIN
2a06:98c1:310c:0:d9e0:528f:eeba:89ae,4,4,0.00,850.92,0.00,SIN
2803:f800:51:5943:7505:599d:b6fb:6c2b,4,4,0.00,851.21,0.00,SIN
2a06:98c1:3102:69:4631:bbc5:b728:80a8,4,4,0.00,851.25,0.00,SIN
2a06:98c1:3102:0:8d:a8d0:f4a3:5da8,4,4,0.00,851.51,0.00,SIN
2a06:98c1:3102:69:46a2:979c:b1ac:37a9,4,4,0.00,851.54,0.00,SIN
2a06:98c1:3108::e4:67a0:95c5,4,4,0.00,851.75,0.00,SIN
2a06:98c1:3109:bf:973b:2728:ce3f:e9ab,4,4,0.00,851.89,0.00,SIN
2a06:98c1:3107:6a76:59f3:246a:c877:b533,4,4,0.00,852.30,0.00,SIN
2a06:98c1:310a:1f5e:2e67:70f9:98a3:5f87,4,4,0.00,852.47,0.00,SIN
2a06:98c1:3105:7f:ee8c:b2d7:dae2:90f,4,4,0.00,852.49,0.00,SIN
2803:f800:51:5943:7527:4bb0:1e1c:bf11,4,4,0.00,852.60,0.00,SIN
2a06:98c1:310b:ffe6:5bab:8e1b:1bd9:d543,4,4,0.00,852.83,0.00,SIN
2a06:98c1:310d:9eb:7c49:a305:c5eb:b89e,4,4,0.00,853.16,0.00,SIN
2a06:98c1:310a:0:d3b0:580b:da1c:759d,4,4,0.00,853.19,0.00,SIN
2400:cb00:2049::68:beec:5026,4,4,0.00,853.23,0.00,SIN
2803:f800:51:367e:533a:a643:8a61:6408,4,4,0.00,853.28,0.00,SIN
2a06:98c1:3108:b085:ce48:810a:df46:5510,4,4,0.00,853.68,0.00,SIN
2a06:98c1:310e:32:2977:64f0:b8d7:443,4,4,0.00,853.74,0.00,SIN
2a06:98c1:3109:63:9942:f2e5:996b:dc96,4,4,0.00,853.87,0.00,SIN
2a06:98c1:3107:9d:624a:7fa:a06e:53b9,4,4,0.00,853.88,0.00,SIN
2a06:98c1:310b:8009:1121:c41a:3084:7dc6,4,4,0.00,853.91,0.00,SIN
2a06:98c1:310b:80ff:345e:175b:5a03:35f8,4,4,0.00,853.93,0.00,SIN
2803:f800:51:bd:5104:b2b1:5652:127f,4,4,0.00,853.94,0.00,SIN
2a06:98c1:3105:6:49ba:df1a:ad21:30e5,4,4,0.00,854.06,0.00,SIN
2a06:98c1:3107:9d:624a:89da:bc48:5b82,4,4,0.00,854.16,0.00,SIN
2a06:98c1:3108::7b15:8539:7a44,4,4,0.00,854.20,0.00,SIN
2a06:98c1:310f:53:7c7c:9c77:4519:3a26,4,4,0.00,854.28,0.00,SIN
2803:f800:51:59ed:389a:3374:32ba:1bdb,4,4,0.00,854.38,0.00,SIN
2a06:98c1:310e:7cd0:3855:2ec8:2b0d:5a8d,4,4,0.00,854.44,0.00,SIN
2a06:98c1:3106:a6:9deb:1c5e:9ec:5b78,4,4,0.00,854.57,0.00,SIN
2a06:98c1:50:0:cbd9:0:38e7:4103,4,4,0.00,854.70,0.00,SIN
2a06:98c1:310a:1f5e:aee5:3e73:c6ea:20da,4,4,0.00,854.74,0.00,SIN
2400:cb00:2049:d7:b392:61e3:8066:f42e,4,4,0.00,854.76,0.00,SIN
2a06:98c1:310e:7c3f:b58d:b0f7:cfc5:f11,4,4,0.00,854.87,0.00,SIN
2a06:98c1:3106:c2c8:c49:9f0f:aca9:8c45,4,4,0.00,854.94,0.00,SIN
2a06:98c1:50:b10f:279c:c763:e25e:1b66,4,4,0.00,854.99,0.00,SIN
2a06:98c1:3100:b521:fabe:f5bf:1de8:bd32,4,4,0.00,855.09,0.00,SIN
2a06:98c1:3109:0:46a8:5ac0:da2b:a29e,4,4,0.00,855.12,0.00,SIN
2a06:98c1:3101:b8:60e2:dd9d:65f0:dfd9,4,4,0.00,855.31,0.00,SIN
2a06:98c1:3105:b3:85df:d809:8457:773e,4,4,0.00,855.39,0.00,SIN
2803:f800:50:0:80:9222:2726:16bf,4,4,0.00,855.42,0.00,SIN
2a06:98c1:3106:a6:9d0f:67f9:8f18:cf7f,4,4,0.00,855.46,0.00,SIN
2a06:98c1:3109:30:4724:6deb:2021:d81,4,4,0.00,855.48,0.00,SIN
2a06:98c1:51:0:e8:deac:1241:12f9,4,4,0.00,855.63,0.00,SIN
2a06:98c1:3100:b521:6cd0:aaf6:c4b1:f5a0,4,4,0.00,855.64,0.00,SIN
2a06:98c1:310b:ffe6:bb4e:d888:452c:f286,4,4,0.00,855.71,0.00,SIN
2a06:98c1:3106:48:d74:8048:48ff:c53c,4,4,0.00,855.72,0.00,SIN
2a06:98c1:50::66:903d,4,4,0.00,855.93,0.00,SIN
2a06:98c1:51:7c:a3a3:5f8c:2b24:7cf1,4,4,0.00,856.20,0.00,SIN
2a06:98c1:310f:0:ab:cbaf:f2f4:5936,4,4,0.00,856.22,0.00,SIN
2a06:98c1:3107:9d:b85b:f896:5645:d6fe,4,4,0.00,856.29,0.00,SIN
2a06:98c1:3107:e29a:528f:d61d:ffb1:719a,4,4,0.00,856.42,0.00,SIN
2a06:98c1:51:7c:7b80:bc2b:1368:761a,4,4,0.00,856.44,0.00,SIN
2a06:98c1:310f:53:3bc2:3a95:5bfb:b79a,4,4,0.00,856.49,0.00,SIN
2a06:98c1:3102:0:3a:ab52:44a7:31d9,4,4,0.00,856.51,0.00,SIN
2a06:98c1:3106:48:d463:f42e:5d1:6cb9,4,4,0.00,856.95,0.00,SIN
2a06:98c1:3104:de:8612:e01a:4da7:8649,4,4,0.00,857.28,0.00,SIN
2400:cb00:2049:d7:b392:a302:465c:b2b5,4,4,0.00,857.49,0.00,SIN
2a06:98c1:310a:1f5e:aee5:fd53:7651:e67e,4,4,0.00,857.49,0.00,SIN
2a06:98c1:51:7c:7b80:bc2b:bb8a:ef30,4,4,0.00,857.62,0.00,SIN
2a06:98c1:310d:7acf:1ef4:3b68:1d5:645e,4,4,0.00,857.71,0.00,SIN
2a06:98c1:310a:1f5e:2e67:701d:b520:7cd6,4,4,0.00,857.85,0.00,SIN
2a06:98c1:3102:69:1ca3:6eda:56d8:b54d,4,4,0.00,857.97,0.00,SIN
2803:f800:51:68:d053:10bd:1198:d3e7,4,4,0.00,858.05,0.00,SIN
2803:f800:51:0:df:4d84:f123:a458,4,4,0.00,858.11,0.00,SIN
2a06:98c1:310e:7cd0:862f:e059:f7b1:2f33,4,4,0.00,858.11,0.00,SIN
2803:f800:50:57d1:f51a:b6af:b967:7556,4,4,0.00,858.33,0.00,SIN
2a06:98c1:3102:69:46f0:d186:7d6a:adb1,4,4,0.00,858.38,0.00,SIN
2a06:98c1:3101:0:b399:1060:7ab4:e6a8,4,4,0.00,858.51,0.00,SIN
2a06:98c1:3109:0:4693:7cb9:7a24:ce5f,4,4,0.00,858.75,0.00,SIN
2803:f800:51:68:d0b2:12a2:7715:27de,4,4,0.00,858.87,0.00,SIN
2a06:98c1:3106:48:d463:5362:7ca7:7201,4,4,0.00,859.03,0.00,SIN
2803:f800:51:5943:75a4:234b:58ff:5af9,4,4,0.00,859.16,0.00,SIN
2803:f800:51:5961:bc6:e6d8:708c:8dfe,4,4,0.00,859.28,0.00,SIN
2803:f800:51:68:d0b2:122a:e043:a272,4,4,0.00,859.33,0.00,SIN
2803:f800:51:367e:f6d9:63b4:ac3d:8bf5,4,4,0.00,859.65,0.00,SIN
2803:f800:50:0:f426:fafe:a8c2:310c,4,4,0.00,859.66,0.00,SIN
2803:f800:51:367e:f61a:2a97:6222:84c0,4,4,0.00,859.71,0.00,SIN
2a06:98c1:3104:0:ced7:a6aa:d9c1:a17f,4,4,0.00,859.84,0.00,SIN
2a06:98c1:310a:1f5e:ae7c:de72:b5ec:cd21,4,4,0.00,860.06,0.00,SIN
2a06:98c1:3109:30:ee54:c918:c3b7:38da,4,4,0.00,860.13,0.00,SIN
2a06:98c1:3107:e29a:522e:c23f:60ed:63fa,4,4,0.00,860.29,0.00,SIN
2803:f800:51:5961:bc6:c91:2e5a:7d4e,4,4,0.00,860.31,0.00,SIN
2803:f800:51:5943:75b4:7deb:6028:82fa,4,4,0.00,860.36,0.00,SIN
2a06:98c1:3109:30:4724:6deb:20a8:8f0b,4,4,0.00,860.62,0.00,SIN
2a06:98c1:3107:e29a:ec2c:7828:65e2:9471,4,4,0.00,860.73,0.00,SIN
2a06:98c1:3103:0:97:a6c3:60c7:8881,4,4,0.00,860.88,0.00,SIN
2a06:98c1:310c:904c:4b9f:670f:95ee:4d35,4,4,0.00,860.96,0.00,SIN
2a06:98c1:3104:ac4b:65b0:dd57:ff55:6bfd,4,4,0.00,860.99,0.00,SIN
2a06:98c1:3109:bf:973b:92a1:6af2:253e,4,4,0.00,861.20,0.00,SIN
2a06:98c1:3100:245c:8b70:76c7:896b:a0cb,4,4,0.00,861.25,0.00,SIN
2a06:98c1:310c:90c1:e28b:c672:4860:cee6,4,4,0.00,861.34,0.00,SIN
2803:f800:51:bd:770c:cefd:d2c:a270,4,4,0.00,861.55,0.00,SIN
2a06:98c1:51:7c:a3a3:50:8cc3:7b48,4,4,0.00,861.59,0.00,SIN
2a06:98c1:310c:904c:4b0b:db3d:567e:a24c,4,4,0.00,861.59,0.00,SIN
2a06:98c1:3101:3c:967c:8b26:9d95:df24,4,4,0.00,861.63,0.00,SIN
2a06:98c1:310d::49:7b11:a114,4,4,0.00,861.64,0.00,SIN
2a06:98c1:3100:245c:8b70:76c7:df92:8b9e,4,4,0.00,861.80,0.00,SIN
2a06:98c1:3105:b3:85df:f703:d50b:ae62,4,4,0.00,862.04,0.00,SIN
2a06:98c1:3101:0:5c3c:8c09:965b:5ba8,4,4,0.00,862.05,0.00,SIN
2a06:98c1:310d:5:a32c:a748:586:7e7,4,4,0.00,862.08,0.00,SIN
2803:f800:51:59ed:e0a2:cb7b:8845:f778,4,4,0.00,862.14,0.00,SIN
2a06:98c1:51:e1:e8c0:bb55:d753:9fa9,4,4,0.00,862.15,0.00,SIN
2a06:98c1:3101:0:5c3c:6f42:29fc:3bf7,4,4,0.00,862.17,0.00,SIN
2a06:98c1:50:b1f9:b2a8:22a2:1a0d:d8f1,4,4,0.00,862.18,0.00,SIN
2a06:98c1:3100:245c:b86:cf57:fbc9:7ce8,4,4,0.00,862.24,0.00,SIN
2a06:98c1:310e:7cd0:3855:911b:8f8b:3b42,4,4,0.00,862.46,0.00,SIN
2a06:98c1:3105:922e:f855:8b9:8992:fb18,4,4,0.00,862.67,0.00,SIN
2a06:98c1:310b:ffe6:bb4e:d888:4569:3a49,4,4,0.00,862.76,0.00,SIN
2803:f800:51:5961:bc6:6a06:260a:7ae0,4,4,0.00,862.89,0.00,SIN
2803:f800:51:5961:df6d:ef93:8c6a:26d,4,4,0.00,862.89,0.00,SIN
2a06:98c1:3105:6:4985:734f:78fc:aca0,4,4,0.00,863.02,0.00,SIN
2803:f800:51:bd:5104:b2b1:ebbe:e2dc,4,4,0.00,863.13,0.00,SIN
2a06:98c1:3109:30:ee54:c9bc:d786:a2db,4,4,0.00,863.32,0.00,SIN
2400:cb00:2049::68:927d:ec5d,4,4,0.00,863.38,0.00,SIN
2a06:98c1:310d:0:c8bc:f61d:6fdc:3a22,4,4,0.00,863.47,0.00,SIN
2803:f800:51:a8:6d22:a758:b5e0:5e9e,4,4,0.00,863.65,0.00,SIN
2a06:98c1:3109::bb50:6441:dcfb,4,4,0.00,863.73,0.00,SIN
2a06:98c1:3103:cfb8:7a9a:6b55:39a7:513e,4,4,0.00,863.83,0.00,SIN
2a06:98c1:3106:48:d463:f434:52b:a066,4,4,0.00,863.87,0.00,SIN
2a06:98c1:3105:7bac:759d:cd6e:b801:763c,4,4,0.00,863.96,0.00,SIN
2803:f800:51:5961:bc6:6a30:696:ce76,4,4,0.00,864.30,0.00,SIN
2a06:98c1:310e:7c6e:56d8:bcaf:570a:6c8c,4,4,0.00,864.33,0.00,SIN
2a06:98c1:310b:ffe6:bb4e:879c:a424:eac7,4,4,0.00,864.57,0.00,SIN
2a06:98c1:3104:0:2:3ef7:c05:a73,4,4,0.00,864.73,0.00,SIN
2a06:98c1:3108::e4:6788:6c4a,4,4,0.00,865.10,0.00,SIN
2a06:98c1:3106:0:16af:83ae:3342:d517,4,4,0.00,865.30,0.00,SIN
2a06:98c1:3105:0:9d16:e2e3:d870:5bbc,4,4,0.00,865.58,0.00,SIN
2a06:98c1:3103:cfb8:7ab2:8c68:1a6f:298a,4,4,0.00,865.89,0.00,SIN
2a06:98c1:3105:b3:6722:a647:fc79:3081,4,4,0.00,866.01,0.00,SIN
2a06:98c1:51:e1:e84b:217e:e7c7:e8a1,4,4,0.00,866.07,0.00,SIN
2a06:98c1:51:7c:a3cf:60d7:21ec:cb,4,4,0.00,866.37,0.00,SIN
2a06:98c1:3100:245c:b01:215d:3630:361d,4,4,0.00,866.48,0.00,SIN
2803:f800:51:5943:75b4:3977:5a7:fdb9,4,4,0.00,866.83,0.00,SIN
2a06:98c1:3108:0:fceb:439a:a3b8:5879,4,4,0.00,866.85,0.00,SIN
2a06:98c1:310d:9eb:b4b5:6a3b:8259:253,4,4,0.00,866.91,0.00,SIN
2a06:98c1:3106:c2c8:cde:b4d2:2965:a729,4,4,0.00,867.31,0.00,SIN
2a06:98c1:3107:e291:8270:e739:446:287a,4,4,0.00,867.88,0.00,SIN
2a06:98c1:3100:594:1151:40b5:f132:ef85,4,4,0.00,867.89,0.00,SIN
2a06:98c1:3107:e291:8270:e739:4e9:412,4,4,0.00,867.97,0.00,SIN
2803:f800:51:c4:820d:dc1e:5035:f3d1,4,4,0.00,868.00,0.00,SIN
2a06:98c1:310c:904c:4b0b:db67:8af5:3a1c,4,4,0.00,868.27,0.00,SIN
2a06:98c1:3103:cfb8:7a89:5945:38a:aceb,4,4,0.00,868.29,0.00,SIN
2a06:98c1:3102:69:1ca3:9fc1:c453:7822,4,4,0.00,868.46,0.00,SIN
2a06:98c1:3102:0:d79a:3e71:4030:2f,4,4,0.00,868.61,0.00,SIN
2a06:98c1:3107:e29a:ec56:f03e:cac4:3807,4,4,0.00,868.70,0.00,SIN
2803:f800:51:bd:7763:f178:ad30:9c63,4,4,0.00,868.86,0.00,SIN
2803:f800:51:59ed:2fa0:f5e3:9869:db1d,4,4,0.00,868.99,0.00,SIN
2a06:98c1:3102:0:e0:256c:97b0:9a25,4,4,0.00,869.09,0.00,SIN
2a06:98c1:3103:cfb8:7a9a:e48b:99db:adac,4,4,0.00,869.30,0.00,SIN
2a06:98c1:3105:92dd:a8a2:4d5e:8a23:b8e8,4,4,0.00,869.41,0.00,SIN
2400:cb00:2049:429e:2ade:8466:3e75:3360,4,4,0.00,869.66,0.00,SIN
2a06:98c1:310f:0:ab:73bf:8ea6:cb1d,4,4,0.00,869.75,0.00,SIN
2a06:98c1:3102:e6:22db:56e1:e874:8186,4,4,0.00,869.83,0.00,SIN
2a06:98c1:3104::bb67:4144,4,4,0.00,869.86,0.00,SIN
2a06:98c1:3108:f1:e6e4:dc72:35a7:a9a4,4,4,0.00,869.99,0.00,SIN
2a06:98c1:3105:7f:10f9:3f5:1eb5:125c,4,4,0.00,870.24,0.00,SIN
2a06:98c1:3109:0:9bb5:4dc:9f87:4517,4,4,0.00,870.30,0.00,SIN
2a06:98c1:310e:32:dc9f:3c6b:4841:cb6d,4,4,0.00,870.38,0.00,SIN
2a06:98c1:3101:b508:f970:badf:366c:a8d3,4,4,0.00,870.73,0.00,SIN
2803:f800:51:a8:6d9b:e34:75bb:ada6,4,4,0.00,871.06,0.00,SIN
2803:f800:51:5961:dff6:7f98:91cf:bfe1,4,4,0.00,871.14,0.00,SIN
2a06:98c1:310b:80ff:9ff2:b37c:7d6a:39ad,4,4,0.00,871.44,0.00,SIN
2803:f800:51:59ed:38b6:aa77:9c41:2d46,4,4,0.00,871.52,0.00,SIN
2a06:98c1:3109:0:c23:352f:174a:fbb9,4,4,0.00,871.65,0.00,SIN
2a06:98c1:3101:0:5c1d:9712:2a1f:bd0b,4,4,0.00,871.69,0.00,SIN
2803:f800:51:5961:df6d:ba86:d14f:a036,4,4,0.00,871.75,0.00,SIN
2803:f800:51:5961:bc6:35c4:addc:6d27,4,4,0.00,871.90,0.00,SIN
2a06:98c1:3105:6:4981:4773:407:521d,4,4,0.00,871.93,0.00,SIN
2803:f800:51:c4:820d:9c40:5a0f:5c88,4,4,0.00,872.04,0.00,SIN
2a06:98c1:3100:b521:fa38:5a5f:132f:8f27,4,4,0.00,872.91,0.00,SIN
2a06:98c1:310c:0:d9f8:2c3b:5063:9e03,4,4,0.00,872.91,0.00,SIN
2a06:98c1:3104:de:86ed:6bb2:1018:8548,4,4,0.00,873.11,0.00,SIN
2803:f800:51:c4:de54:f269:8a23:bd68,4,4,0.00,873.26,0.00,SIN
2a06:98c1:3102:0:b5:ed91:1be3:560b,4,4,0.00,873.65,0.00,SIN
2a06:98c1:3108:b085:ce48:810a:dfb6:2b21,4,4,0.00,873.69,0.00,SIN
2a06:98c1:3101:0:5c3c:ce0b:1b7c:874c,4,4,0.00,873.85,0.00,SIN
2a06:98c1:3102:e6:22db:e548:80ea:6509,4,4,0.00,874.08,0.00,SIN
2803:f800:51:5943:8229:61fd:9b5b:fe82,4,4,0.00,874.10,0.00,SIN
2a06:98c1:3106:0:16af:f070:3d57:3777,4,4,0.00,874.25,0.00,SIN
2a06:98c1:3100:b521:fa38:5a5f:c5bd:b0c6,4,4,0.00,874.49,0.00,SIN
2803:f800:51:361b:5a9f:8781:a551:37db,4,4,0.00,874.53,0.00,SIN
2a06:98c1:3102:69:46f0:d180:a283:bb16,4,4,0.00,874.72,0.00,SIN
2a06:98c1:3100:245c:b01:1cb7:90d2:b12a,4,4,0.00,874.92,0.00,SIN
2a06:98c1:310e:7c29:9001:4e5f:854:2321,4,4,0.00,874.93,0.00,SIN
2803:f800:51:bd:ac26:1b9c:354e:76a2,4,4,0.00,875.39,0.00,SIN
2a06:98c1:3106:c2c8:cde:b4d2:f23a:3440,4,4,0.00,875.41,0.00,SIN
2803:f800:50:0:9f5c:aefe:8ae:4813,4,4,0.00,875.69,0.00,SIN
2a06:98c1:310e:7c6e:56d8:bcaf:ed04:fb7e,4,4,0.00,875.75,0.00,SIN
2400:cb00:2049:0:8826:a762:eb01:392,4,4,0.00,876.12,0.00,SIN
2a06:98c1:3109:0:10:a6ba:a6f2:dd1a,4,4,0.00,876.17,0.00,SIN
2803:f800:50:85:59f2:4dce:9f20:743f,4,4,0.00,876.19,0.00,SIN
2803:f800:51:a8:6d22:e53d:9785:788d,4,4,0.00,877.03,0.00,SIN
2803:f800:50:85:5915:3301:d1db:45bc,4,4,0.00,877.08,0.00,SIN
2a06:98c1:3102:0:d727:d6a1:7bcf:8b64,4,4,0.00,877.39,0.00,SIN
2803:f800:51:68:d0b2:ae6a:adf8:960b,4,4,0.00,877.43,0.00,SIN
2a06:98c1:3103:cfb8:ea61:9cf3:4272:f7d3,4,4,0.00,877.53,0.00,SIN
2803:f800:51:5961:57:44b7:c164:bb3a,4,4,0.00,878.49,0.00,SIN
2a06:98c1:3100:b521:fa38:5a5f:4dd5:cb88,4,4,0.00,878.69,0.00,SIN
2a06:98c1:3102::4384:b5f0,4,4,0.00,878.76,0.00,SIN
2a06:98c1:310c:90c1:8051:5173:3ed7:d15c,4,4,0.00,878.92,0.00,SIN
2a06:98c1:3106:a6:9d71:4d0e:d9b7:c748,4,4,0.00,879.14,0.00,SIN
2a06:98c1:3107:e29a:ec56:f078:60eb:a2e6,4,4,0.00,879.19,0.00,SIN
2a06:98c1:3102:e6:c2f8:531d:8a98:fa6b,4,4,0.00,879.46,0.00,SIN
2a06:98c1:3102:e6:2218:622c:a891:3774,4,4,0.00,879.66,0.00,SIN
2a06:98c1:3106:48:d463:f434:87e0:391,4,4,0.00,880.20,0.00,SIN
2a06:98c1:3102:a11b:f817:53d2:cc8b:62a1,4,4,0.00,880.52,0.00,SIN
2803:f800:51:59ed:2fa0:f515:aec2:3c8c,4,4,0.00,880.64,0.00,SIN
2a06:98c1:3105:6:4981:ca16:8edc:bd7f,4,4,0.00,880.71,0.00,SIN
2803:f800:51:5961:bc:607c:368b:9b1a,4,4,0.00,880.78,0.00,SIN
2400:cb00:2049:d7:7de:da6e:e8f3:fc40,4,4,0.00,880.79,0.00,SIN
2400:cb00:2049:0:73:82f3:51c7:b684,4,4,0.00,880.85,0.00,SIN
2a06:98c1:3106:a6:9deb:1cfe:38b5:6092,4,4,0.00,881.49,0.00,SIN
2a06:98c1:3108:b085:ce7f:ff0d:eb90:4ff7,4,4,0.00,881.66,0.00,SIN
2a06:98c1:3101:0:5c3c:ce50:25d:c077,4,4,0.00,881.70,0.00,SIN
2a06:98c1:3108:f1:314b:271a:6e43:6a67,4,4,0.00,882.71,0.00,SIN
2803:f800:50:57d1:f51a:6554:fdff:ab97,4,4,0.00,882.85,0.00,SIN
2a06:98c1:3107:6a76:59ff:a64f:7711:dc63,4,4,0.00,883.73,0.00,SIN
2a06:98c1:3105:6:490b:994a:bcc0:ec5a,4,4,0.00,884.68,0.00,SIN
2a06:98c1:310b::5e8e:84a4,4,4,0.00,885.09,0.00,SIN
2a06:98c1:3102:69:4631:bb41:84a5:3740,4,4,0.00,885.31,0.00,SIN
2a06:98c1:3108:0:fceb:4360:8d35:914c,4,4,0.00,885.32,0.00,SIN
2a06:98c1:3102:0:b5:62e4:caf0:43a4,4,4,0.00,885.73,0.00,SIN
2a06:98c1:3101:0:33:90a3:bedb:cdad,4,4,0.00,885.78,0.00,SIN
2a06:98c1:310b:ffaa:77b3:c7b7:54d8:864a,4,4,0.00,886.05,0.00,SIN
2a06:98c1:3105:6e:2f7c:5e30:c970:a27c,4,4,0.00,886.22,0.00,SIN
2a06:98c1:3107:e29a:d61d:b512:d0d6:7b64,4,4,0.00,886.70,0.00,SIN
2a06:98c1:310f::a699:96d4:5a39,4,4,0.00,887.15,0.00,SIN
2a06:98c1:310d:923:3ea5:c178:4163:e23b,4,4,0.00,887.33,0.00,SIN
2a06:98c1:3104:ac88:c3a4:fff2:b507:532b,4,4,0.00,887.82,0.00,SIN
2a06:98c1:51:e1:e84b:f255:2304:687b,4,4,0.00,888.18,0.00,SIN
2803:f800:51:5961:bc6:6a06:26e3:9381,4,4,0.00,888.47,0.00,SIN
2803:f800:50:0:9f5c:1713:c96a:1703,4,4,0.00,889.38,0.00,SIN
2a06:98c1:3105:6:490b:d69e:87b3:b1ae,4,4,0.00,891.37,0.00,SIN
2a06:98c1:3107:e291:8270:e739:c493:a281,4,4,0.00,893.29,0.00,SIN
2a06:98c1:310d:9eb:b4b5:6a3b:e19:1b5,4,4,0.00,893.84,0.00,SIN
2a06:98c1:3104::31:a70e:9a7e,4,4,0.00,894.34,0.00,SIN
2a06:98c1:310d:99f:e698:cc0f:915d:41a2,4,4,0.00,894.82,0.00,SIN
2a06:98c1:3107:6a76:59ff:a607:8e4:5e31,4,4,0.00,895.05,0.00,SIN
2a06:98c1:3109:5c62:79c1:e6a3:b624:c832,4,4,0.00,897.25,0.00,SIN
2a06:98c1:3104::5067:7079:b0d3,4,4,0.00,897.56,0.00,SIN
2a06:98c1:3101:3c:c9b1:7178:3eea:1cc6,4,4,0.00,898.04,0.00,SIN
2a06:98c1:3105:7f:1074:4cbe:c25e:1f44,4,4,0.00,899.78,0.00,SIN
2a06:98c1:3106:0:16af:f070:f1d7:9410,4,4,0.00,901.13,0.00,SIN
2a06:98c1:310d:a8:11:31f4:184c:ac,4,4,0.00,901.43,0.00,SIN
2a06:98c1:3105:6:4981:ca6f:292d:e9e3,4,4,0.00,904.00,0.00,SIN
2a06:98c1:3108:b0b7:b7cf:11b:49f6:862e,4,4,0.00,904.14,0.00,SIN
2a06:98c1:3102:69:4631:bb41:21bc:7f28,4,4,0.00,904.24,0.00,SIN
2a06:98c1:51:d11b:b9fd:7ac6:ac28:887f,4,4,0.00,904.26,0.00,SIN
2a06:98c1:310d:a8:11:31a6:db53:d13e,4,4,0.00,904.45,0.00,SIN
2a06:98c1:3102:69:46f0:d1ad:2634:a123,4,4,0.00,904.63,0.00,SIN
2a06:98c1:310f:53:3b70:c22a:1189:aaea,4,4,0.00,905.37,0.00,SIN
2803:f800:51:5943:7505:39a0:74f4:56a8,4,4,0.00,905.62,0.00,SIN
2a06:98c1:310b:80ff:abd7:1451:7f10:c89c,4,4,0.00,905.86,0.00,SIN
2a06:98c1:3106:48:d74:80aa:ed6e:b2e0,4,4,0.00,906.32,0.00,SIN
2a06:98c1:3102:0:d727:d68d:c9d8:2840,4,4,0.00,906.90,0.00,SIN
2a06:98c1:3105:922e:597c:ac37:45b6:7608,4,4,0.00,907.86,0.00,SIN
2a06:98c1:310f:1c:2106:4856:2997:957e,4,4,0.00,907.88,0.00,SIN
2a06:98c1:3101:b8:dddd:836c:4c4c:2e07,4,4,0.00,908.35,0.00,SIN
2803:f800:50:57d1:f51a:5447:6620:a36b,4,4,0.00,910.48,0.00,SIN
2a06:98c1:3109:30:4724:6deb:ef83:e0e1,4,4,0.00,911.21,0.00,SIN
2803:f800:51:5943:8229:6150:4ba6:1a5f,4,4,0.00,911.39,0.00,SIN
2400:cb00:2049:421c:bbe9:4efb:acd2:a0b6,4,4,0.00,911.45,0.00,SIN
2a06:98c1:51:d161:1276:bf4d:1528:bbb8,4,4,0.00,912.64,0.00,SIN
2a06:98c1:3107:e29a:522e:fa69:f40f:9c78,4,4,0.00,919.06,0.00,SIN
2a06:98c1:310a:1f5e:2e67:50ae:7982:3f78,4,4,0.00,919.12,0.00,SIN
2a06:98c1:3103:0:dce9:62b1:17b0:54e8,4,4,0.00,919.60,0.00,SIN
2a06:98c1:310f:0:ab:cb93:6d68:ce79,4,4,0.00,921.55,0.00,SIN
2a06:98c1:3106:48:d74:8048:4808:1d25,4,4,0.00,922.63,0.00,SIN
2a06:98c1:51:d161:1276:bf4d:4c47:f948,4,4,0.00,923.23,0.00,SIN
2a06:98c1:3105:922e:f855:8b9:39c4:dfaf,4,4,0.00,928.68,0.00,SIN
2a06:98c1:3104:0:9ec2:7b90:2fbb:eacf,4,4,0.00,931.40,0.00,SIN
2a06:98c1:310d:7acf:9e4d:d333:74a:2029,4,4,0.00,931.69,0.00,SIN
2a06:98c1:310c:904c:df72:8f96:82a9:f822,4,4,0.00,931.91,0.00,SIN
2a06:98c1:3109:5c62:79c1:1dad:4ab0:e2e8,4,4,0.00,932.23,0.00,SIN
2a06:98c1:3108:b085:5ba8:d40f:6488:1d84,4,4,0.00,937.72,0.00,SIN
2a06:98c1:310f:1c:956:e868:ccea:715a,4,4,0.00,948.15,0.00,SIN
2a06:98c1:310d:7acf:9e98:808c:4d82:5694,4,4,0.00,948.81,0.00,SIN
2a06:98c1:3106::9a20:c51c:f0c2,4,4,0.00,949.68,0.00,SIN
2a06:98c1:310f:e0:a72:e1b3:8a65:a9e1,4,4,0.00,950.68,0.00,SIN
2a06:98c1:310b:8009:11b4:9edd:2a7e:b224,4,4,0.00,952.25,0.00,SIN
2a06:98c1:310f:58bd:ab09:8550:79:fa0b,4,4,0.00,955.17,0.00,SIN
2a06:98c1:51:517a:671d:b1b5:b299:7f51,4,4,0.00,955.78,0.00,SIN
2a06:98c1:310d::49:6198:7bc5,4,4,0.00,956.31,0.00,SIN
2a06:98c1:3106:48:d5d:b48b:8dc1:8977,4,4,0.00,959.44,0.00,SIN
2a06:98c1:3101:b508:81fc:65cf:3d00:9ec4,4,4,0.00,960.85,0.00,SIN
2a06:98c1:3106:48:aeec:d68a:a3fe:3be5,4,4,0.00,963.05,0.00,SIN
2a06:98c1:310d:0:c8bc:b8c5:7794:4034,4,4,0.00,963.40,0.00,SIN
2a06:98c1:3109:30:ee54:c9d4:e5a5:a228,4,4,0.00,964.65,0.00,SIN
2a06:98c1:3108::7be5:ddb5:9c75,4,4,0.00,965.31,0.00,SIN
2a06:98c1:3105:6:4985:73c2:75f4:387,4,4,0.00,971.84,0.00,SIN
2a06:98c1:3102:0:d727:aeda:d93d:2a6a,4,4,0.00,974.82,0.00,SIN
2a06:98c1:310e:32:2977:4d41:efc9:4166,4,4,0.00,981.57,0.00,SIN
2803:f800:50:0:cf:7235:f02e:d975,4,4,0.00,981.71,0.00,SIN
2a06:98c1:310c:90c1:8051:c43f:7ff9:a55e,4,4,0.00,983.47,0.00,SIN
2803:f800:50:0:9f5c:aefe:69d0:a3bf,4,4,0.00,988.70,0.00,SIN
2a06:98c1:310d:7acf:1ef4:3b68:dbfe:9ce,4,4,0.00,990.45,0.00,SIN
2a06:98c1:310f:1c:2106:4856:2969:253e,4,4,0.00,991.23,0.00,SIN
2a06:98c1:310f:1c:956:3674:49f5:d60a,4,4,0.00,991.31,0.00,SIN
2a06:98c1:310d::da:1f47,4,4,0.00,996.54,0.00,SIN
2a06:98c1:51:51e9:68bc:1f88:b1ee:b37c,4,4,0.00,998.37,0.00,SIN
2a06:98c1:310b:ffaa:77b3:82c8:5e58:6c2a,4,4,0.00,999.10,0.00,SIN
2a06:98c1:50:0:cbd9:0:3824:b3be,4,4,0.00,1002.86,0.00,SIN
2803:f800:51:361b:3ac1:8880:bc1:3690,4,4,0.00,1002.95,0.00,SIN
2a06:98c1:3105:b3:85df:d8af:1702:85,4,4,0.00,1005.41,0.00,SIN
2a06:98c1:3108:0:fcad:8137:7e01:f8ce,4,4,0.00,1006.37,0.00,SIN
2a06:98c1:310d:7acf:9e63:cdfe:35d8:5b8c,4,4,0.00,1007.41,0.00,SIN
2a06:98c1:310e:7c3f:b58d:e8d:d493:5999,4,4,0.00,1008.09,0.00,SIN
2a06:98c1:3107:9d:624a:7fa:ee6:91be,4,4,0.00,1011.02,0.00,SIN
2a06:98c1:3104:de:86ed:9989:3b7a:7bd3,4,4,0.00,1012.65,0.00,SIN
2a06:98c1:3107:e29a:ec56:1a64:3319:71eb,4,4,0.00,1013.05,0.00,SIN
2a06:98c1:310f:e0:a90:dd81:eb70:5c84,4,4,0.00,1018.39,0.00,SIN
2803:f800:51:0:de7f:62e2:82d:ca42,4,4,0.00,1019.27,0.00,SIN
2a06:98c1:310e:7c3f:4810:ce95:edf7:8fa2,4,4,0.00,1019.61,0.00,SIN
2a06:98c1:3106:48:aeec:8d2a:83e6:c64d,4,4,0.00,1021.84,0.00,SIN
2a06:98c1:3100::b656:113:6fb8,4,4,0.00,1022.71,0.00,SIN
2a06:98c1:3103:fc:9491:1384:9482:d53f,4,4,0.00,1023.20,0.00,SIN
2a06:98c1:50:0:b:739a:654:ed26,4,4,0.00,1023.35,0.00,SIN
2a06:98c1:310e:7c29:90cb:1b49:17bd:161f,4,4,0.00,1023.41,0.00,SIN
2a06:98c1:310d:9eb:e789:378b:6f57:fde3,4,4,0.00,1024.16,0.00,SIN
2a06:98c1:3107:9d:b809:44ba:e3d:f0a9,4,4,0.00,1027.46,0.00,SIN
2a06:98c1:3102:69:46a2:979c:b138:60ec,4,4,0.00,1033.18,0.00,SIN
2803:f800:51:361b:3a9d:f63:6a7e:ae0b,4,4,0.00,1034.53,0.00,SIN
2a06:98c1:3102:a178:b402:f60a:2ede:c90c,4,4,0.00,1034.75,0.00,SIN
2803:f800:51:5943:75b4:7d78:ca8a:fc2,4,4,0.00,1034.89,0.00,SIN
2a06:98c1:3102:0:3a:abfd:fe03:a2b1,4,4,0.00,1035.33,0.00,SIN
2a06:98c1:3102:69:1cf3:cc33:d9c1:48f4,4,4,0.00,1035.84,0.00,SIN
2a06:98c1:51:517a:671d:b1b5:6e10:b6a5,4,4,0.00,1036.77,0.00,SIN
2a06:98c1:3102:69:1cf3:d6ee:a3c:46d5,4,4,0.00,1036.78,0.00,SIN
2a06:98c1:3105:4:82e:a6fb:8391:b341,4,4,0.00,1036.88,0.00,SIN
2a06:98c1:3109:0:46a8:5a66:ee1d:572c,4,4,0.00,1037.08,0.00,SIN
2a06:98c1:3102:0:d7e7:d1e3:44d5:f13a,4,4,0.00,1038.37,0.00,SIN
2a06:98c1:310c:52:c5cc:2da:562e:4f5b,4,4,0.00,1040.35,0.00,SIN
2a06:98c1:3107:e29a:d6c1:5f7b:40de:c138,4,4,0.00,1042.49,0.00,SIN
2a06:98c1:3102:e6:c2f8:53e6:2c2c:ac2f,4,4,0.00,1042.71,0.00,SIN
2a06:98c1:51::70:dc49:1c59,4,4,0.00,1046.50,0.00,SIN
2a06:98c1:3103:cfb8:7a89:fd3c:500:9b72,4,4,0.00,1047.34,0.00,SIN
2a06:98c1:3102:e6:c2fc:9b19:a2c6:cc3c,4,4,0.00,1048.67,0.00,SIN
2803:f800:51:361b:3ac1:8880:6611:1952,4,4,0.00,1051.60,0.00,SIN
2a06:98c1:3105:92dd:a803:56bf:b5b2:66c5,4,4,0.00,1053.60,0.00,SIN
2a06:98c1:3107:9d:b809:62e9:4561:7c6,4,4,0.00,1053.65,0.00,SIN
2a06:98c1:3103:cfb8:4f94:f5c8:a769:c262,4,4,0.00,1056.03,0.00,SIN
2803:f800:51:5943:82ff:5cd5:ab5:17f6,4,4,0.00,1056.69,0.00,SIN
2a06:98c1:310e:7cd0:86ce:bc8d:48e6:5379,4,4,0.00,1059.65,0.00,SIN
2a06:98c1:51:7c:a3cf:cc79:48cb:dea9,4,4,0.00,1062.86,0.00,SIN
2803:f800:51:5943:75b4:39da:9e5f:a905,4,4,0.00,1063.08,0.00,SIN
2a06:98c1:3106:48:d463:5362:97c1:d11e,4,4,0.00,1063.38,0.00,SIN
2a06:98c1:51:7c:7b34:fbdf:d08b:23b,4,4,0.00,1064.87,0.00,SIN
2a06:98c1:310d:9eb:e789:63e2:fa91:5df9,4,4,0.00,1064.96,0.00,SIN
2a06:98c1:3103:fc:574a:c4b3:1b88:bb48,4,4,0.00,1067.37,0.00,SIN
2a06:98c1:310c:904c:4b9f:e7d6:18c4:cb26,4,4,0.00,1067.56,0.00,SIN
2a06:98c1:310a:4e:69ac:17a0:df47:741a,4,4,0.00,1070.14,0.00,SIN
2803:f800:50:5768:3eab:b522:a2b1:b46b,4,4,0.00,1070.62,0.00,SIN
2803:f800:51:5943:9086:53ff:520f:6825,4,4,0.00,1071.63,0.00,SIN
2803:f800:51:0:ceac:fee:eb17:c7d1,4,4,0.00,1072.31,0.00,SIN
2a06:98c1:3102:0:358c:cd36:1757:5ec2,4,4,0.00,1073.69,0.00,SIN
2a06:98c1:3104:ac88:c3a4:4c7d:ea3c:576d,4,4,0.00,1075.87,0.00,SIN
2803:f800:51:5943:7527:4b83:3c1c:98f8,4,4,0.00,1078.25,0.00,SIN
2803:f800:51:bd:770c:8cf4:4d3f:4c1c,4,4,0.00,1080.61,0.00,SIN
2803:f800:51:5961:dff6:7fb6:4092:6921,4,4,0.00,1085.12,0.00,SIN
2a06:98c1:3104:acf0:bb92:3b5:8f3b:df45,4,4,0.00,1085.56,0.00,SIN
2a06:98c1:3106:a6:9d0f:5b5a:e80f:5d27,4,4,0.00,1090.87,0.00,SIN
2a06:98c1:3100:594:11bf:140c:e9a9:d6e9,4,4,0.00,1091.77,0.00,SIN
2a06:98c1:3102:0:d7e7:d1bc:4876:9393,4,4,0.00,1091.93,0.00,SIN
2a06:98c1:3100:0:cb48:15a2:a547:1355,4,4,0.00,1097.68,0.00,SIN
2803:f800:51:367e:a11c:417a:d0a:c3d0,4,4,0.00,1103.03,0.00,SIN
2400:cb00:2049:421c:bbe9:4e75:aaa:b03a,4,4,0.00,1107.25,0.00,SIN
2a06:98c1:51:e1:e84b:217e:cb53:81b5,4,4,0.00,1107.76,0.00,SIN
2a06:98c1:310f:0:ab:7397:ea4f:d73a,4,4,0.00,1109.91,0.00,SIN
2a06:98c1:310d:9eb:e789:3727:3823:a820,4,4,0.00,1114.31,0.00,SIN
2a06:98c1:3105:b3:6722:a647:fc46:a0e4,4,4,0.00,1115.20,0.00,SIN
2a06:98c1:3109:0:cb3:d4c4:708f:a53c,4,4,0.00,1125.35,0.00,SIN
2a06:98c1:310e:d4b0:c27f:f166:eb83:62ab,4,4,0.00,1126.57,0.00,SIN
2a06:98c1:3103:0:dce9:62b1:4f9d:b9aa,4,4,0.00,1129.27,0.00,SIN
2a06:98c1:3109:0:74a8:babd:e8f:b4ce,4,4,0.00,1132.16,0.00,SIN
2a06:98c1:3105:b3:85df:f7ec:af8e:96e8,4,4,0.00,1132.67,0.00,SIN
2a06:98c1:3104:de:8612:98aa:2f65:c12d,4,4,0.00,1134.07,0.00,SIN
2a06:98c1:310d:a8:c6:738d:534f:f78f,4,4,0.00,1134.69,0.00,SIN
2a06:98c1:310c:904c:4b0b:db67:8aef:4963,4,4,0.00,1135.49,0.00,SIN
2a06:98c1:310e:7c3f:b5e8:d61d:5e4c:2555,4,4,0.00,1138.20,0.00,SIN
2803:f800:51:5961:bc:6063:1a55:b7c3,4,4,0.00,1139.32,0.00,SIN
2a06:98c1:51:7c:a3f3:4b97:b98a:7f9c,4,4,0.00,1141.05,0.00,SIN
2a06:98c1:3106:0:ea:5aa0:561e:752d,4,4,0.00,1141.39,0.00,SIN
2a06:98c1:3106:c2c8:cde:6d96:79c4:be73,4,4,0.00,1143.99,0.00,SIN
2a06:98c1:310a:1f5e:ae7c:287f:92e2:ac8a,4,4,0.00,1145.54,0.00,SIN
2400:cb00:2049:421c:89ed:2ec1:12fe:b460,4,4,0.00,1146.70,0.00,SIN
2a06:98c1:3109:30:4724:85ce:ea96:37bc,4,4,0.00,1147.21,0.00,SIN
2400:cb00:2049:d7:b3f1:e238:353c:15c8,4,4,0.00,1149.13,0.00,SIN
2a06:98c1:3108::d638:f112,4,4,0.00,1149.38,0.00,SIN
2a06:98c1:310f:58bd:ab09:8550:7ab:6d8b,4,4,0.00,1154.34,0.00,SIN
2a06:98c1:3102:69:1cf3:cc9a:aa62:e101,4,4,0.00,1155.28,0.00,SIN
2a06:98c1:51:7c:7be4:4484:b869:c605,4,4,0.00,1155.41,0.00,SIN
2a06:98c1:3105:6e:2f22:b2ec:ab0c:fdd8,4,4,0.00,1156.14,0.00,SIN
2a06:98c1:3108:cb:8d85:7b4f:2a90:7f22,4,4,0.00,1157.43,0.00,SIN
2803:f800:51:0:de95:9a04:c695:6710,4,4,0.00,1160.31,0.00,SIN
2a06:98c1:3101:b508:f93e:e715:3090:10d8,4,4,0.00,1161.66,0.00,SIN
2a06:98c1:310d:a8:a6b8:c04d:12be:d574,4,4,0.00,1163.05,0.00,SIN
2a06:98c1:51:d161:12b0:5814:24c7:7eb4,4,4,0.00,1164.11,0.00,SIN
2a06:98c1:51::70:dc49:a12d,4,4,0.00,1167.84,0.00,SIN
2a06:98c1:51:0:d5aa:8493:f5c9:130d,4,4,0.00,1169.41,0.00,SIN
2a06:98c1:310e:0:d61d:fc5a:55a0:8231,4,4,0.00,1174.53,0.00,SIN
2a06:98c1:310b:ffe6:3435:8484:e61:a8b4,4,4,0.00,1177.48,0.00,SIN
2a06:98c1:310a:1f5e:aee5:3e30:77ea:bb8c,4,4,0.00,1179.75,0.00,SIN
2a06:98c1:310d:923:3ea5:5b64:8950:9250,4,4,0.00,1180.43,0.00,SIN
2a06:98c1:310c:0:d919:fed6:27da:d4b2,4,4,0.00,1180.79,0.00,SIN
2a06:98c1:3107:e291:390:65d7:4b14:ebd9,4,4,0.00,1181.16,0.00,SIN
2a06:98c1:310d:923:3ea5:5b03:152e:1e18,4,4,0.00,1182.04,0.00,SIN
2a06:98c1:51:7c:a3cf:60d7:e36b:7982,4,4,0.00,1182.29,0.00,SIN
2803:f800:51:5943:75b4:39da:9e2b:444e,4,4,0.00,1184.39,0.00,SIN
2803:f800:51:68:d0b2:12a2:ed98:7c12,4,4,0.00,1194.01,0.00,SIN
2400:cb00:2049:d7:b315:4f96:4537:d9da,4,4,0.00,1194.49,0.00,SIN
2a06:98c1:3104:ac2b:a1ab:ff57:1a98:ab42,4,4,0.00,1199.89,0.00,SIN
2a06:98c1:310a:4e:69ac:17aa:fd4a:27d5,4,4,0.00,1200.01,0.00,SIN
2a06:98c1:3107:d8:5ff8:4c9f:3cad:6cb2,4,4,0.00,1200.97,0.00,SIN
2a06:98c1:51:7c:a3cf:6089:da2:5107,4,4,0.00,1205.32,0.00,SIN
2a06:98c1:310c:904c:dfca:8a74:fc91:4984,4,4,0.00,1208.57,0.00,SIN
2a06:98c1:3100:9b:a47c:7542:2865:b381,4,4,0.00,1209.65,0.00,SIN
2400:cb00:2049:421c:89ed:9fbd:e182:d1f0,4,4,0.00,1210.09,0.00,SIN
2a06:98c1:3101:0:33:90a3:be49:d1aa,4,4,0.00,1231.86,0.00,SIN
2a06:98c1:3101:0:5c3c:6f42:30d8:e42c,4,4,0.00,1258.43,0.00,SIN
2a06:98c1:50:0:cbd9:0:2fd8:e3c2,4,4,0.00,1262.02,0.00,SIN
2a06:98c1:310b:8009:11b4:9edd:603:cf5f,4,4,0.00,1274.04,0.00,SIN
2a06:98c1:51:d161:12b0:589b:5651:6582,4,4,0.00,1290.71,0.00,SIN
2a06:98c1:3100:245c:b01:215d:3693:390,4,4,0.00,1319.10,0.00,SIN
2a06:98c1:3102:69:46f0:d18c:4b50:3157,4,4,0.00,1336.43,0.00,SIN
2a06:98c1:3107:e29a:ec2c:7828:656c:506d,4,4,0.00,1340.39,0.00,SIN
2a06:98c1:51:d161:12b0:58c4:6eca:8ae8,4,4,0.00,1340.66,0.00,SIN
2a06:98c1:310d:a8:a6b8:c0d4:6b7c:b75d,4,4,0.00,1362.19,0.00,SIN
2803:f800:51:a8:6d22:e536:8fd4:885c,4,4,0.00,1409.81,0.00,SIN
2a06:98c1:310c:904c:dfca:8a74:606f:8f85,4,4,0.00,1412.47,0.00,SIN
2a06:98c1:3100:245c:b01:e31b:7c2c:e698,4,4,0.00,1419.46,0.00,SIN
2a06:98c1:3108:f1:e6e4:eb6d:f4ab:22f6,4,3,0.25,386.21,0.00,SIN
2a06:98c1:310d:7acf:1ef4:3b44:5f81:e382,4,3,0.25,389.23,0.00,SIN
2a06:98c1:3108:f1:e6e4:eb6d:ad01:715f,4,3,0.25,393.43,0.00,SIN
2a06:98c1:3103:0:dce9:201e:9b04:a43f,4,3,0.25,397.33,0.00,SIN
2a06:98c1:3108:f1:e6e4:dcff:ded7:e3a1,4,3,0.25,397.44,0.00,SIN
2a06:98c1:3103:0:dce9:201e:431:6188,4,3,0.25,400.04,0.00,SIN
2a06:98c1:310d:0:12:22a1:262f:b887,4,3,0.25,400.13,0.00,SIN
2a06:98c1:3105:92dd:a8a2:7ed8:5356:52cf,4,3,0.25,404.34,0.00,SIN
2a06:98c1:3102:a11b:dd25:eca2:865b:b905,4,3,0.25,406.50,0.00,SIN
2a06:98c1:3102:a11b:f817:53c5:ddeb:3ec5,4,3,0.25,407.91,0.00,SIN
2a06:98c1:3101:b8:dd71:e168:b5b0:25f6,4,3,0.25,409.54,0.00,SIN
2a06:98c1:3107:0:7084:5239:e73f:68f5,4,3,0.25,416.39,0.00,SIN
2a06:98c1:3107:9d:b85b:f81f:63b9:c8de,4,3,0.25,416.42,0.00,SIN
2a06:98c1:3105:92dd:a8a2:7104:17d1:282,4,3,0.25,417.17,0.00,SIN
2803:f800:51:5943:75b4:7d78:caef:a81f,4,3,0.25,417.43,0.00,SIN
2a06:98c1:3100:245c:b86:cfd7:e87b:5765,4,3,0.25,417.67,0.00,SIN
2a06:98c1:3108:cb:8d85:76c6:dc45:9673,4,3,0.25,420.56,0.00,SIN
2a06:98c1:3102:a11b:f817:9481:ad72:ac96,4,3,0.25,421.85,0.00,SIN
2803:f800:50:57d1:f51a:5447:6b2f:82b,4,3,0.25,425.73,0.00,SIN
2803:f800:50:85:5915:3301:d158:6e85,4,3,0.25,426.10,0.00,SIN
2a06:98c1:3106:0:16af:84e4:4175:38b6,4,3,0.25,426.28,0.00,SIN
2803:f800:50:57d1:f51a:54dd:d60:e390,4,3,0.25,427.66,0.00,SIN
2803:f800:51:367e:4d23:9cb4:80ff:6e36,4,3,0.25,429.07,0.00,SIN
2a06:98c1:310e:7c29:90f7:bb54:cd2c:ebf6,4,3,0.25,430.17,0.00,SIN
2a06:98c1:310f:58bd:ab09:8550:d82a:ab5b,4,3,0.25,431.77,0.00,SIN
2a06:98c1:310e:7c29:90f7:bbb3:69f7:bb6e,4,3,0.25,432.08,0.00,SIN
2a06:98c1:3100:0:66:72e6:b1bb:f4a0,4,3,0.25,432.64,0.00,SIN
2a06:98c1:3107:e29a:ec56:f03e:803e:faf6,4,3,0.25,433.16,0.00,SIN
2a06:98c1:3108:b01d:d20e:9b8:fd24:fd49,4,3,0.25,433.40,0.00,SIN
2a06:98c1:3109:5cfd:239a:7188:f3df:5bab,4,3,0.25,434.25,0.00,SIN
2a06:98c1:310b:80ff:9ff2:fb67:9679:cb76,4,3,0.25,434.88,0.00,SIN
2a06:98c1:3102:0:255e:dc21:86e0:5e34,4,3,0.25,439.42,0.00,SIN
2803:f800:50:57d1:f51a:657e:685c:3dcf,4,3,0.25,440.52,0.00,SIN
2a06:98c1:3102:0:e0:ee52:f858:f7f0,4,3,0.25,441.19,0.00,SIN
2a06:98c1:310b:80ff:9ff2:fb67:969f:5949,4,3,0.25,445.62,0.00,SIN
2a06:98c1:3107:0:8464:3b02:2a8e:2e73,4,3,0.25,447.25,0.00,SIN
2a06:98c1:3102:0:259e:6bbe:4de6:d12a,4,3,0.25,450.31,0.00,SIN
2a06:98c1:3101:3c:967c:1f27:7751:e59e,4,3,0.25,450.52,0.00,SIN
2a06:98c1:3108:b01d:d20e:b710:807f:d955,4,3,0.25,452.13,0.00,SIN
2803:f800:51:5943:75b4:b00d:17e4:afe4,4,3,0.25,452.96,0.00,SIN
2a06:98c1:310a:0:d3b0:7f9a:a58c:cabf,4,3,0.25,454.10,0.00,SIN
2803:f800:50:85:59f2:23f3:9afc:3e28,4,3,0.25,454.82,0.00,SIN
2a06:98c1:51:d161:f610:4f67:e43b:5b01,4,3,0.25,454.84,0.00,SIN
2a06:98c1:3102:0:3501:5f2e:4012:52af,4,3,0.25,456.30,0.00,SIN
2a06:98c1:3100:0:66:e047:e27:c8d8,4,3,0.25,457.15,0.00,SIN
2a06:98c1:3100:0:543a:65f3:3afb:9acb,4,3,0.25,457.35,0.00,SIN
2a06:98c1:51:d161:12b0:ccec:8623:1cad,4,3,0.25,460.21,0.00,SIN
2a06:98c1:51:d161:f610:4f67:e4a1:93e,4,3,0.25,462.12,0.00,SIN
2a06:98c1:310f:e0:bf1a:61ec:c9a4:25b0,4,3,0.25,462.70,0.00,SIN
2a06:98c1:310e:7c3f:b58d:e06:59ee:9685,4,3,0.25,462.97,0.00,SIN
2a06:98c1:310f:53:7c7c:2fe3:7417:859c,4,3,0.25,463.43,0.00,SIN
2a06:98c1:310d:0:12:c04a:324a:71ec,4,3,0.25,465.52,0.00,SIN
2a06:98c1:310f:e0:bf1a:619c:b50c:e9ee,4,3,0.25,466.29,0.00,SIN
2a06:98c1:3101:b8:dddd:8397:252e:762,4,3,0.25,466.31,0.00,SIN
2a06:98c1:310e:7c3f:b58d:84ec:6c8b:4712,4,3,0.25,467.47,0.00,SIN
2a06:98c1:310f:e0:a90:dd81:5044:4db9,4,3,0.25,467.86,0.00,SIN
2a06:98c1:3105:922e:f855:d640:6538:c025,4,3,0.25,467.95,0.00,SIN
2a06:98c1:310d:923:3e9d:fc7b:3267:b0ba,4,3,0.25,470.40,0.00,SIN
2803:f800:50:0:9f5c:aefe:45ed:2159,4,3,0.25,470.88,0.00,SIN
2803:f800:51:367e:f61a:b76e:4071:60ae,4,3,0.25,472.08,0.00,SIN
2a06:98c1:310d:a8:11:281a:171:d3ca,4,3,0.25,472.30,0.00,SIN
2a06:98c1:3100:0:cbe5:b683:37a3:93c7,4,3,0.25,472.56,0.00,SIN
2a06:98c1:3101:b508:f93e:e7f7:18dc:9ae8,4,3,0.25,473.91,0.00,SIN
2a06:98c1:310f:58bd:ab09:8550:b96a:db66,4,3,0.25,474.45,0.00,SIN
2a06:98c1:310d:923:3ea5:5b03:155a:3886,4,3,0.25,475.07,0.00,SIN
2a06:98c1:3102:0:358c:1d2:15a0:b2a4,4,3,0.25,475.28,0.00,SIN
2803:f800:51:36af:dc17:97f5:8e2:f96c,4,3,0.25,475.62,0.00,SIN
2a06:98c1:310b:ffe6:5b79:d2b1:38b6:8e29,4,3,0.25,477.06,0.00,SIN
2a06:98c1:3107:0:8464:3bb2:1d50:3c67,4,3,0.25,478.60,0.00,SIN
2803:f800:51:367e:f646:894f:3fae:2789,4,3,0.25,481.26,0.00,SIN
2a06:98c1:3100:0:5418:dd03:1360:fb9,4,3,0.25,481.42,0.00,SIN
2a06:98c1:3103:fc:94c9:155c:ca0f:add9,4,3,0.25,483.83,0.00,SIN
2a06:98c1:3103:fc:574a:20d1:be4c:6862,4,3,0.25,484.27,0.00,SIN
2a06:98c1:3100:9b:a47c:7568:f9e5:a333,4,3,0.25,484.85,0.00,SIN
2803:f800:51:367e:f6d9:6305:bf3c:b493,4,3,0.25,486.22,0.00,SIN
2a06:98c1:310e:7c3f:b5e8:d61d:f64:225,4,3,0.25,486.51,0.00,SIN
2a06:98c1:3105:6:4981:ca16:8e51:778a,4,3,0.25,488.15,0.00,SIN
2a06:98c1:3103:fc:574a:20d1:becc:fd0e,4,3,0.25,488.43,0.00,SIN
2a06:98c1:51:517a:67fc:d4dc:a53e:6bc8,4,3,0.25,488.55,0.00,SIN
2a06:98c1:310a:0:5e:372e:d63c:e298,4,3,0.25,488.68,0.00,SIN
2a06:98c1:51:d161:12b0:f3dd:e6e6:af88,4,3,0.25,488.74,0.00,SIN
2a06:98c1:3102::9c:1149:aa5b,4,3,0.25,490.65,0.00,SIN
2a06:98c1:310d:a8:11:31f4:afac:7504,4,3,0.25,492.18,0.00,SIN
2a06:98c1:3109:0:10:a64b:9872:3e21,4,3,0.25,492.23,0.00,SIN
2a06:98c1:3102:a178:b4af:346a:5038:9037,4,3,0.25,493.19,0.00,SIN
2a06:98c1:3105:b2b8:7203:208d:b164:26e7,4,3,0.25,494.74,0.00,SIN
2a06:98c1:310a:0:5e:37d5:9406:16d8,4,3,0.25,495.92,0.00,SIN
2a06:98c1:3104:acf0:bb92:3ed:7369:7ab2,4,3,0.25,496.15,0.00,SIN
2a06:98c1:310d:923:3ea5:a042:7d72:5ab1,4,3,0.25,496.44,0.00,SIN
2803:f800:50::2b42:36a3,4,3,0.25,497.14,0.00,SIN
2a06:98c1:3100:9b:a498:d353:2161:3dd3,4,3,0.25,497.41,0.00,SIN
2a06:98c1:310e:32:2977:4d41:ef00:bad,4,3,0.25,498.91,0.00,SIN
2a06:98c1:310d:0:c80f:9aef:9c26:d6d,4,3,0.25,499.63,0.00,SIN
2a06:98c1:3108:f1:314b:124c:ea97:6a0f,4,3,0.25,502.86,0.00,SIN
2a06:98c1:3105:4:8d3:4f87:22c3:ebbf,4,3,0.25,505.80,0.00,SIN
2a06:98c1:310b:ffe6:34fd:1a82:eaf4:4307,4,3,0.25,506.03,0.00,SIN
2803:f800:51:36af:a3a:3f94:96ab:8681,4,3,0.25,507.68,0.00,SIN
2a06:98c1:3100::b690:adb3:8684,4,3,0.25,507.84,0.00,SIN
2a06:98c1:310f:0:ab:cb93:ee7a:92dc,4,3,0.25,507.93,0.00,SIN
2a06:98c1:3101:b5b3:962f:2e0b:c484:1467,4,3,0.25,509.01,0.00,SIN
2a06:98c1:3107:6a76:b2d6:132f:3f40:c317,4,3,0.25,509.06,0.00,SIN
2a06:98c1:3105:6:4981:ca6f:b90f:a225,4,3,0.25,509.37,0.00,SIN
2a06:98c1:3106:48:ae0c:86ed:25fb:dd49,4,3,0.25,510.34,0.00,SIN
2a06:98c1:3100:0:cb48:fd9d:28:c0f8,4,3,0.25,510.36,0.00,SIN
2a06:98c1:51:51e9:68bc:1f88:b190:be7e,4,3,0.25,511.47,0.00,SIN
2803:f800:50::41db:47c5:21e2,4,3,0.25,511.56,0.00,SIN
2a06:98c1:50::df:5fff:77f0,4,3,0.25,512.41,0.00,SIN
2a06:98c1:50::3d:7e07:b784,4,3,0.25,512.93,0.00,SIN
2a06:98c1:50::7190:754c,4,3,0.25,513.38,0.00,SIN
2a06:98c1:310d:5:5b91:be61:2786:df17,4,3,0.25,514.01,0.00,SIN
2a06:98c1:3102:0:e0:ee52:f8dc:39f8,4,3,0.25,514.72,0.00,SIN
2803:f800:51:367e:f61a:2a97:cbe9:2547,4,3,0.25,516.67,0.00,SIN
2a06:98c1:51:517a:70fa:958c:1ebc:2a1e,4,3,0.25,520.22,0.00,SIN
2803:f800:51:36af:dc17:97e7:28e1:c082,4,3,0.25,522.62,0.00,SIN
2a06:98c1:3104:acf0:bb92:7c83:cfe0:6db2,4,3,0.25,524.91,0.00,SIN
2803:f800:50:0:5b:a213:bf1:f651,4,3,0.25,528.78,0.00,SIN
2a06:98c1:310d:9eb:b4b5:6a43:2daf:f7c,4,3,0.25,530.63,0.00,SIN
2a06:98c1:3105:4:8d3:c9d6:5ac3:d4ed,4,3,0.25,534.00,0.00,SIN
2a06:98c1:3107:e213:9fb3:2cc2:2235:c19d,4,3,0.25,534.08,0.00,SIN
2a06:98c1:310e:32:dc9f:3c6b:130:119,4,3,0.25,536.22,0.00,SIN
2a06:98c1:3109:0:f8:42d2:93a0:277,4,3,0.25,537.50,0.00,SIN
2a06:98c1:3102::2d:40fe,4,3,0.25,537.95,0.00,SIN
2803:f800:50:0:cf:7235:6ca6:d4e8,4,3,0.25,542.23,0.00,SIN
2a06:98c1:310f:e0:a53:f562:aaf5:9c23,4,3,0.25,543.36,0.00,SIN
2a06:98c1:3105:4:8d3:c9d6:c735:4687,4,3,0.25,543.46,0.00,SIN
2a06:98c1:3107:e213:9fca:d554:801e:84a5,4,3,0.25,545.25,0.00,SIN
2a06:98c1:3109:5c62:79c1:d96:8d96:9337,4,3,0.25,551.17,0.00,SIN
2a06:98c1:51:0:3e:2b41:4fd1:e8b7,4,3,0.25,553.76,0.00,SIN
2a06:98c1:3105:92dd:4d2:9c93:e96e:c7d1,4,3,0.25,555.92,0.00,SIN
2a06:98c1:3103:cfb8:7a89:5945:a199:c88c,4,3,0.25,557.47,0.00,SIN
2a06:98c1:50:3d:5a6f:8cf4:9d9c:63f8,4,3,0.25,559.60,0.00,SIN
2803:f800:50:0:9f5c:1713:c991:a0e8,4,3,0.25,560.24,0.00,SIN
2a06:98c1:3108:b085:ce48:815b:6fb4:aea4,4,3,0.25,560.82,0.00,SIN
2a06:98c1:3105:4:82e:a6fb:8351:a01c,4,3,0.25,566.05,0.00,SIN
2a06:98c1:3109:5c62:79c1:1dad:4a4a:f7f3,4,3,0.25,568.27,0.00,SIN
2a06:98c1:3101:b508:81fc:984f:f624:adbe,4,3,0.25,569.34,0.00,SIN
2a06:98c1:3102:0:d727:aeda:10ca:21c6,4,3,0.25,572.42,0.00,SIN
2a06:98c1:3101:0:8a01:612f:2ce2:9c2d,4,3,0.25,573.85,0.00,SIN
2a06:98c1:51:d11b:b9fd:7a30:5bc9:ae99,4,3,0.25,574.25,0.00,SIN
2a06:98c1:310e:7c3f:b58d:5a42:fc75:42f0,4,3,0.25,574.58,0.00,SIN
2a06:98c1:310f:53:e96d:7a33:3676:5c9a,4,3,0.25,575.35,0.00,SIN
2a06:98c1:3105:6:49ba:dfef:a627:39b0,4,3,0.25,576.45,0.00,SIN
2a06:98c1:3101:0:b399:c45d:1fa0:ed86,4,3,0.25,578.77,0.00,SIN
2a06:98c1:3102:0:8d:f750:5836:586,4,3,0.25,582.62,0.00,SIN
2a06:98c1:310c:0:d9e0:c449:a1de:4ef6,4,3,0.25,583.93,0.00,SIN
2803:f800:51:5961:df6d:49c5:5920:e3df,4,3,0.25,586.16,0.00,SIN
2a06:98c1:3105:6e:2f22:b2ec:abd9:5845,4,3,0.25,587.08,0.00,SIN
2a06:98c1:3102:0:3a:8ecb:31e8:1ab0,4,3,0.25,587.34,0.00,SIN
2a06:98c1:310f:1c:21f1:fb3b:256b:9a52,4,3,0.25,587.51,0.00,SIN
2a06:98c1:3109:5c62:79c1:e6a3:b69d:130a,4,3,0.25,589.23,0.00,SIN
2803:f800:51:bd:ac26:1b3e:8420:52a9,4,3,0.25,590.79,0.00,SIN
2a06:98c1:310e:7c3f:48ee:a571:e72:df14,4,3,0.25,591.92,0.00,SIN
2a06:98c1:3105:92dd:39b4:43e5:3ac9:8fa9,4,3,0.25,592.53,0.00,SIN
2a06:98c1:310a:0:d3b0:4010:b57e:1450,4,3,0.25,595.12,0.00,SIN
2a06:98c1:310a::8876:c791:5682,4,3,0.25,596.30,0.00,SIN
2a06:98c1:51::fa:ffb,4,3,0.25,596.52,0.00,SIN
2803:f800:51:5943:82ff:5cd5:54c3:827d,4,3,0.25,597.08,0.00,SIN
2a06:98c1:51:0:3e:94fa:a825:c15d,4,3,0.25,601.93,0.00,SIN
2a06:98c1:3107:e29a:522e:fa99:61f9:3606,4,3,0.25,602.10,0.00,SIN
2a06:98c1:310b:ffe6:5b79:2ee7:a479:bfed,4,3,0.25,604.20,0.00,SIN
2a06:98c1:50:0:cbd9:e847:3df7:8c2c,4,3,0.25,605.85,0.00,SIN
2a06:98c1:310e:7c3f:b58d:b0f7:f097:f166,4,3,0.25,606.20,0.00,SIN
2a06:98c1:50:b10f:2768:3191:a5ec:3b6a,4,3,0.25,606.45,0.00,SIN
2a06:98c1:310e:7c6e:fefe:a9e6:1fce:9d51,4,3,0.25,606.56,0.00,SIN
2a06:98c1:310e:7:f0c:1ae4:452c:5f8c,4,3,0.25,607.88,0.00,SIN
2a06:98c1:51:d161:12b0:58fb:ef9c:d638,4,3,0.25,608.26,0.00,SIN
2a06:98c1:51:0:d59c:5bda:822d:8606,4,3,0.25,609.19,0.00,SIN
2a06:98c1:310e:32:2977:45b3:82d5:ae6c,4,3,0.25,609.23,0.00,SIN
2a06:98c1:310e:7c3f:b5c4:6d3c:7989:5367,4,3,0.25,609.66,0.00,SIN
2a06:98c1:3100:594:1151:40b5:3e4b:8ed6,4,3,0.25,609.68,0.00,SIN
2a06:98c1:51:0:e8:de1b:ab6f:cc66,4,3,0.25,610.04,0.00,SIN
2a06:98c1:310e:7c3f:b58d:b0e7:1de9:2fca,4,3,0.25,610.28,0.00,SIN
2a06:98c1:3107:d8:5ff8:5761:cac0:bd9,4,3,0.25,611.00,0.00,SIN
2a06:98c1:310a:7e:6dca:23f2:1172:b435,4,3,0.25,611.33,0.00,SIN
2a06:98c1:310d:923:f2d4:cd18:2585:8c68,4,3,0.25,611.60,0.00,SIN
2a06:98c1:50:b10f:279c:c029:50fc:42e3,4,3,0.25,612.17,0.00,SIN
2a06:98c1:3100:594:11bf:140c:97cf:9ac0,4,3,0.25,612.22,0.00,SIN
2a06:98c1:3106:a6:9d0f:6746:b99d:25ad,4,3,0.25,612.70,0.00,SIN
2a06:98c1:51:0:e8:de1b:6664:8752,4,3,0.25,612.78,0.00,SIN
2a06:98c1:3100:9b:a47c:7568:1ea3:2e5d,4,3,0.25,613.27,0.00,SIN
2a06:98c1:51:7c:a3a3:8:49a2:8b61,4,3,0.25,613.53,0.00,SIN
2a06:98c1:3106:48:d74:bdb7:df6e:c049,4,3,0.25,613.53,0.00,SIN
2a06:98c1:310a:0:c469:cb16:dd27:7b2f,4,3,0.25,614.05,0.00,SIN
2a06:98c1:310d:923:3e9d:fc34:bb8a:aefb,4,3,0.25,614.06,0.00,SIN
2803:f800:51:5961:dfff:eacf:e38c:fa35,4,3,0.25,614.08,0.00,SIN
2a06:98c1:3104:ac4b:65b0:dd3c:9349:b7dc,4,3,0.25,614.12,0.00,SIN
2a06:98c1:310e:7cd0:862f:3a20:53e0:cedf,4,3,0.25,614.25,0.00,SIN
2a06:98c1:310c:0:d9e0:c48c:18b7:1ce0,4,3,0.25,614.26,0.00,SIN
2a06:98c1:3106:a6:9d0f:67f9:26ff:c3c8,4,3,0.25,614.40,0.00,SIN
2a06:98c1:310e:7c29:958d:d914:8cdb:787d,4,3,0.25,614.72,0.00,SIN
2a06:98c1:3101:3c:967c:8bb0:e64e:5b6a,4,3,0.25,614.75,0.00,SIN
2a06:98c1:3102:69:1cf3:d6ee:8f04:a9df,4,3,0.25,614.78,0.00,SIN
2a06:98c1:3102:69:1cf3:8850:bc69:39b,4,3,0.25,614.80,0.00,SIN
2a06:98c1:51:7c:7b80:bc93:c4fc:88f1,4,3,0.25,614.82,0.00,SIN
2a06:98c1:3108::7be5:dde5:76a1,4,3,0.25,615.78,0.00,SIN
2a06:98c1:310e:7c3f:48ee:39be:1c33:ec5,4,3,0.25,615.84,0.00,SIN
2a06:98c1:3101:3c:c96b:7983:935f:a272,4,3,0.25,616.21,0.00,SIN
2a06:98c1:3103:cfb8:7a9a:27b4:64b7:edef,4,3,0.25,616.27,0.00,SIN
2a06:98c1:310a:1f5e:ae7c:28f7:af7c:8830,4,3,0.25,616.36,0.00,SIN
2a06:98c1:310c:0:d9e0:528f:56f:9cf1,4,3,0.25,616.84,0.00,SIN
2a06:98c1:3109:5cfd:239a:7152:f5be:159d,4,3,0.25,617.03,0.00,SIN
2a06:98c1:3100:b521:6cd0:aaad:4f6:dadf,4,3,0.25,617.24,0.00,SIN
2a06:98c1:3100:245c:8bee:2f40:559c:884f,4,3,0.25,617.50,0.00,SIN
2a06:98c1:310e:d4b0:c27f:f166:eb33:80d2,4,3,0.25,617.52,0.00,SIN
2803:f800:51:5943:75b4:7db7:e022:ab3,4,3,0.25,617.64,0.00,SIN
2a06:98c1:3100:245c:8bee:d716:3163:523,4,3,0.25,617.65,0.00,SIN
2a06:98c1:3107:9d:b85b:f81f:f8a4:6944,4,3,0.25,617.65,0.00,SIN
2a06:98c1:3107:9d:b8dc:8ada:c10:ee9d,4,3,0.25,617.72,0.00,SIN
2a06:98c1:310d:923:3ea5:8bf1:d386:dc4b,4,3,0.25,617.77,0.00,SIN
2a06:98c1:310c:52:c5cc:20e:2d8a:cba9,4,3,0.25,618.03,0.00,SIN
2a06:98c1:3104:0:18c8:612f:4fc1:2e6e,4,3,0.25,618.04,0.00,SIN
2a06:98c1:3105:6:4985:734f:7880:a8a7,4,3,0.25,618.17,0.00,SIN
2a06:98c1:3109:5cfd:239a:7152:f5fd:e78c,4,3,0.25,618.17,0.00,SIN
2a06:98c1:3105:b3:784b:63ba:fd90:7529,4,3,0.25,618.28,0.00,SIN
2a06:98c1:310e:7cd0:86ce:bc33:d5f4:f47a,4,3,0.25,618.33,0.00,SIN
2a06:98c1:310e:7c3f:b5e8:d65f:af9f:c06c,4,3,0.25,618.44,0.00,SIN
2a06:98c1:3102:e6:c2fc:774d:6d81:6182,4,3,0.25,618.46,0.00,SIN
2803:f800:51::b50d:ee2a,4,3,0.25,618.54,0.00,SIN
2a06:98c1:3105:6:4981:4773:4af:c60c,4,3,0.25,618.63,0.00,SIN
2803:f800:51:5943:7505:39a0:aba2:9bb,4,3,0.25,618.74,0.00,SIN
2a06:98c1:3105:6:4985:3356:6227:d826,4,3,0.25,618.80,0.00,SIN
2a06:98c1:310d:7acf:1ef4:d75:8400:9895,4,3,0.25,618.92,0.00,SIN
2a06:98c1:310a:1f5e:ae7c:68fd:c6a0:d8d3,4,3,0.25,618.95,0.00,SIN
2a06:98c1:3106:a6:9deb:1c5e:91b:590f,4,3,0.25,619.01,0.00,SIN
2a06:98c1:3102:e6:c2d5:6c24:acef:77b4,4,3,0.25,619.04,0.00,SIN
2a06:98c1:3106:48:aeec:8d2a:bf08:a9bd,4,3,0.25,619.12,0.00,SIN
2a06:98c1:3105:922e:597f:9d41:7f0a:9420,4,3,0.25,619.18,0.00,SIN
2a06:98c1:3100:b521:6cd0:aaad:45e:42a1,4,3,0.25,619.21,0.00,SIN
2803:f800:51:a8:6d9b:d4e4:b908:c509,4,3,0.25,619.21,0.00,SIN
2a06:98c1:310f:0:ab:7397:425b:f77c,4,3,0.25,619.22,0.00,SIN
2a06:98c1:310a:1f5e:aee5:3e30:7780:d378,4,3,0.25,619.32,0.00,SIN
2a06:98c1:310b:ffe6:5bab:c110:48a2:be14,4,3,0.25,619.34,0.00,SIN
2a06:98c1:310c::9e:a4c1:8082,4,3,0.25,619.36,0.00,SIN
2a06:98c1:3105:6:49ba:dfa5:17eb:ae1,4,3,0.25,619.39,0.00,SIN
2a06:98c1:3109:0:9be8:a382:5184:8d1b,4,3,0.25,619.43,0.00,SIN
2a06:98c1:3102:69:1cf3:d6ee:e1ec:c4cf,4,3,0.25,619.53,0.00,SIN
2a06:98c1:310a:4e:69ac:59f0:c80:4b51,4,3,0.25,619.54,0.00,SIN
2a06:98c1:310a:1f5e:2ed4:878d:cb5c:ca08,4,3,0.25,619.61,0.00,SIN
2803:f800:51:5943:77b0:79ea:c73c:3708,4,3,0.25,619.63,0.00,SIN
2803:f800:50:0:9f5c:aefe:4546:c1ce,4,3,0.25,619.76,0.00,SIN
2a06:98c1:3105:b3:85df:f7af:6a54:6eb7,4,3,0.25,619.96,0.00,SIN
2a06:98c1:3104:ac2b:a1ab:ffba:9b61:c1de,4,3,0.25,620.01,0.00,SIN
2a06:98c1:3102:0:358c:cd3d:9563:4364,4,3,0.25,620.04,0.00,SIN
2a06:98c1:3106:0:16af:28ad:e4ec:9ff1,4,3,0.25,620.07,0.00,SIN
2a06:98c1:3105:922e:594f:f148:569a:f77,4,3,0.25,620.11,0.00,SIN
2a06:98c1:3105:0:9dd5:cbe4:2648:1de,4,3,0.25,620.27,0.00,SIN
2803:f800:51:5961:57:44b7:c1e1:b7f1,4,3,0.25,620.30,0.00,SIN
2a06:98c1:310d:9eb:e789:6300:c397:e3aa,4,3,0.25,620.34,0.00,SIN
2a06:98c1:3105:0:9dd5:1bb:c1c2:cf15,4,3,0.25,620.45,0.00,SIN
2a06:98c1:310f:53:3bc2:a2db:2ee9:8dae,4,3,0.25,620.74,0.00,SIN
2a06:98c1:310a:0:c469:cb3f:fafd:6463,4,3,0.25,620.97,0.00,SIN
2a06:98c1:3106:c2c8:c49:9fbe:d837:b620,4,3,0.25,621.18,0.00,SIN
2a06:98c1:51:7c:a3a3:5f8c:12aa:95c2,4,3,0.25,621.34,0.00,SIN
2a06:98c1:310d:923:3ea5:b727:9cf8:f1e5,4,3,0.25,621.42,0.00,SIN
2a06:98c1:3104:ac4b:65b0:dd3c:9382:a901,4,3,0.25,621.45,0.00,SIN
2a06:98c1:3104:0:ced7:a6aa:cab4:900,4,3,0.25,621.56,0.00,SIN
2a06:98c1:3105:7f:10f9:3f5:1e28:b65c,4,3,0.25,621.67,0.00,SIN
2a06:98c1:3105:0:9d16:cd4b:9198:5b53,4,3,0.25,621.76,0.00,SIN
2a06:98c1:3103:fc:94c9:c0e9:b34d:b960,4,3,0.25,621.76,0.00,SIN
2a06:98c1:3101:b8:60e2:3354:3c2b:7a74,4,3,0.25,621.86,0.00,SIN
2a06:98c1:3109:30:4724:6c42:8146:1c9f,4,3,0.25,621.86,0.00,SIN
2a06:98c1:3106:a6:9d71:4d0e:d975:326e,4,3,0.25,622.15,0.00,SIN
2a06:98c1:310a:7e:6dca:23d7:b0f4:b7b9,4,3,0.25,622.21,0.00,SIN
2803:f800:51:bd:5104:15b5:b476:a0d6,4,3,0.25,622.25,0.00,SIN
2a06:98c1:3102:e6:c2d5:cd8b:5296:3219,4,3,0.25,622.27,0.00,SIN
2a06:98c1:3101:0:5c3c:fd65:2079:5737,4,3,0.25,622.31,0.00,SIN
2a06:98c1:3108:b01d:d20e:ee39:7daf:39a1,4,3,0.25,622.35,0.00,SIN
2a06:98c1:3107:e29a:ec56:f03e:ca46:32e,4,3,0.25,622.52,0.00,SIN
2a06:98c1:3108:f1:e655:11f9:5dc8:f722,4,3,0.25,622.58,0.00,SIN
2a06:98c1:310c:904c:dfca:c092:380b:f7c5,4,3,0.25,622.59,0.00,SIN
2803:f800:51:5961:df6d:ef9c:483e:7acf,4,3,0.25,622.60,0.00,SIN
2a06:98c1:3105:6e:2f27:93f7:2e57:a4e4,4,3,0.25,622.61,0.00,SIN
2a06:98c1:3102:0:8d:f750:db6c:66b,4,3,0.25,622.66,0.00,SIN
2a06:98c1:3109:0:4693:87fb:729d:ef14,4,3,0.25,622.69,0.00,SIN
2a06:98c1:310b:8009:1114:a721:3077:74ab,4,3,0.25,622.78,0.00,SIN
2803:f800:51:5961:b4f:4bd7:4a1f:cdcb,4,3,0.25,622.91,0.00,SIN
2803:f800:50:85:59f2:4d3e:c377:29e9,4,3,0.25,622.92,0.00,SIN
2803:f800:51:68:d0b2:ae34:9409:ccfc,4,3,0.25,623.08,0.00,SIN
2803:f800:51:5961:dfff:ea9f:d84a:677b,4,3,0.25,623.11,0.00,SIN
2a06:98c1:3109:0:74a8:2a94:c153:895f,4,3,0.25,623.14,0.00,SIN
2a06:98c1:51:7c:a3cf:6089:2a47:c4bf,4,3,0.25,623.21,0.00,SIN
2a06:98c1:3106:a6:9deb:1cfe:3898:c97e,4,3,0.25,623.21,0.00,SIN
2a06:98c1:3105:6:490b:994a:e796:ef10,4,3,0.25,623.42,0.00,SIN
2a06:98c1:3103:cfb8:7a89:59e1:7b50:12ae,4,3,0.25,623.43,0.00,SIN
2a06:98c1:3105:922e:594f:237f:2a7b:16f2,4,3,0.25,623.45,0.00,SIN
2803:f800:51:5961:bc:6b63:6e33:80e4,4,3,0.25,623.50,0.00,SIN
2a06:98c1:310c:904c:df72:b78c:b148:6466,4,3,0.25,623.59,0.00,SIN
2a06:98c1:3101:0:5c3c:ce0b:1bc1:bef0,4,3,0.25,623.66,0.00,SIN
2a06:98c1:3109:0:4693:8712:f7dc:1115,4,3,0.25,623.80,0.00,SIN
2a06:98c1:51:7c:a3cf:2e3c:efd8:7798,4,3,0.25,623.82,0.00,SIN
2a06:98c1:3102:0:d7e7:d1a0:4e1c:c932,4,3,0.25,623.94,0.00,SIN
2a06:98c1:3102:e6:2218:7a37:528e:bf5d,4,3,0.25,623.95,0.00,SIN
2a06:98c1:3106:c28d:8ce5:bd43:8ebc:748e,4,3,0.25,624.02,0.00,SIN
2400:cb00:2049:0:8826:a7fd:afc0:7564,4,3,0.25,624.17,0.00,SIN
2a06:98c1:3107:e29a:d61d:b5e3:8a72:484e,4,3,0.25,624.21,0.00,SIN
2a06:98c1:3104:0:ced7:a67a:6f1f:8ffa,4,3,0.25,624.22,0.00,SIN
2a06:98c1:3102:69:1cf3:d632:ce90:f3a7,4,3,0.25,624.28,0.00,SIN
2a06:98c1:3106:a6:9deb:1c24:2990:8a86,4,3,0.25,624.32,0.00,SIN
2803:f800:51:59ed:e0b4:429d:dc32:f176,4,3,0.25,624.33,0.00,SIN
2803:f800:51:5943:7527:4bb0:9d14:8b77,4,3,0.25,624.46,0.00,SIN
2803:f800:51:bd:770c:cefd:ceb1:34f0,4,3,0.25,624.54,0.00,SIN
2a06:98c1:310b:ffe6:5bab:60a2:dfb8:d367,4,3,0.25,624.58,0.00,SIN
2a06:98c1:3104:0:ced7:d8a:44dc:f4de,4,3,0.25,624.71,0.00,SIN
2a06:98c1:3106:a6:9deb:1cfe:3823:e6bf,4,3,0.25,624.79,0.00,SIN
2a06:98c1:3109:30:4724:6deb:206d:7c68,4,3,0.25,624.82,0.00,SIN
2803:f800:51:0:ceac:fee:eb52:cf5d,4,3,0.25,625.05,0.00,SIN
2a06:98c1:310f::a678:62d2:661d,4,3,0.25,625.20,0.00,SIN
2a06:98c1:3104:ac2b:2377:b71:b31a:6aaf,4,3,0.25,625.44,0.00,SIN
2a06:98c1:3104:0:ced7:d43:fd6f:562f,4,3,0.25,625.45,0.00,SIN
2a06:98c1:310c:52:c5cc:2da:413:1e38,4,3,0.25,625.47,0.00,SIN
2a06:98c1:3108:b085:ce7f:ff0d:12b6:8c3f,4,3,0.25,625.83,0.00,SIN
2a06:98c1:3107:6a76:59ff:a665:64a8:3611,4,3,0.25,625.84,0.00,SIN
2a06:98c1:3104:0:ced7:a67a:30ec:31c2,4,3,0.25,625.89,0.00,SIN
2803:f800:51:5961:dff6:7f98:9102:6d6c,4,3,0.25,626.02,0.00,SIN
2400:cb00:2049:d7:7de:3345:f41:5105,4,3,0.25,626.07,0.00,SIN
2a06:98c1:3101:0:33:81b8:e08d:a7a5,4,3,0.25,626.20,0.00,SIN
2a06:98c1:310b:ee:80c5:37d:e8cc:a965,4,3,0.25,626.27,0.00,SIN
2a06:98c1:310e:7cd0:862f:3a96:a40b:75a8,4,3,0.25,626.32,0.00,SIN
2400:cb00:2049:0:8826:a779:2057:4d61,4,3,0.25,626.44,0.00,SIN
2a06:98c1:3106:0:ea:5ae3:2fbd:4d5d,4,3,0.25,626.52,0.00,SIN
2400:cb00:2049:fa3:8cb5:4064:25fa:910e,4,3,0.25,626.75,0.00,SIN
2400:cb00:2049:0:73:82a2:ac61:802a,4,3,0.25,626.79,0.00,SIN
2a06:98c1:3105:b3:85df:f703:d5fa:bfee,4,3,0.25,626.80,0.00,SIN
2803:f800:51:5961:df6d:4916:b343:720,4,3,0.25,626.81,0.00,SIN
2a06:98c1:310b:80ff:abd7:14c6:d7a:cbc9,4,3,0.25,626.86,0.00,SIN
2a06:98c1:3105:6:4981:47b6:2f5:eeb6,4,3,0.25,626.97,0.00,SIN
2400:cb00:2049:0:88f9:e410:dac2:9409,4,3,0.25,627.09,0.00,SIN
2a06:98c1:3101:0:b399:4d93:cfd3:bc9,4,3,0.25,627.16,0.00,SIN
2a06:98c1:3109:30:ae9e:70c8:ac9f:997e,4,3,0.25,627.25,0.00,SIN
2a06:98c1:3102:0:358c:cd5c:a460:c5b0,4,3,0.25,627.26,0.00,SIN
2a06:98c1:3101:0:b399:9e3d:8476:a609,4,3,0.25,627.35,0.00,SIN
2803:f800:51:36af:a3a:9c2b:39f3:dd03,4,3,0.25,627.50,0.00,SIN
2a06:98c1:3107:e29a:528f:d61d:1075:bec9,4,3,0.25,627.52,0.00,SIN
2a06:98c1:3103:cfb8:4f94:f570:ca82:7623,4,3,0.25,627.60,0.00,SIN
2a06:98c1:3102:69:4631:bbc5:b7c4:c44e,4,3,0.25,627.64,0.00,SIN
2a06:98c1:51:517a:671d:5d67:95c2:2701,4,3,0.25,627.76,0.00,SIN
2a06:98c1:3104:ac2b:23ec:7d71:357f:dc32,4,3,0.25,628.00,0.00,SIN
2a06:98c1:3102:69:1cf3:d632:4001:9eba,4,3,0.25,628.08,0.00,SIN
2a06:98c1:3107::a1:a644:9c53,4,3,0.25,628.13,0.00,SIN
2a06:98c1:3104:de:8612:98aa:2fd9:3282,4,3,0.25,628.18,0.00,SIN
2a06:98c1:310a:4e:c0a1:5084:3e49:6766,4,3,0.25,628.53,0.00,SIN
2a06:98c1:3105:6:4985:73c2:8b70:b14,4,3,0.25,628.58,0.00,SIN
2803:f800:51:361b:3a9d:f9b:ecd4:e875,4,3,0.25,628.59,0.00,SIN
2a06:98c1:3102:0:3a:8e42:d481:51a,4,3,0.25,628.61,0.00,SIN
2a06:98c1:3109:bf:973b:9274:71c6:9f36,4,3,0.25,628.70,0.00,SIN
2a06:98c1:310d:9eb:7c49:a305:c51e:781,4,3,0.25,628.74,0.00,SIN
2a06:98c1:3101:b8:dd73:315c:e78c:ddcf,4,3,0.25,628.75,0.00,SIN
2a06:98c1:3106:a6:9d71:4d6e:403a:6bef,4,3,0.25,628.92,0.00,SIN
2a06:98c1:3107:9d:624a:7fa:a045:6c1d,4,3,0.25,628.95,0.00,SIN
2a06:98c1:310c:90c1:e28b:7e7c:af14:9d7e,4,3,0.25,628.98,0.00,SIN
2a06:98c1:3104:0:ced7:d8a:44b9:c901,4,3,0.25,629.01,0.00,SIN
2803:f800:51:5943:901e:4ec1:c86b:1202,4,3,0.25,629.32,0.00,SIN
2803:f800:51:5943:75a4:23d6:ffd7:c7c7,4,3,0.25,629.41,0.00,SIN
2a06:98c1:310c:9063:6847:6cec:39f9:8e42,4,3,0.25,629.82,0.00,SIN
2a06:98c1:3108:b085:ce7f:ffe3:c557:1954,4,3,0.25,629.87,0.00,SIN
2803:f800:51:367e:f61a:b750:42d0:c8b5,4,3,0.25,630.05,0.00,SIN
2a06:98c1:3109:0:cb3:cb63:f241:3f9a,4,3,0.25,630.08,0.00,SIN
2a06:98c1:3102:0:d727:ae98:b159:f520,4,3,0.25,630.40,0.00,SIN
2a06:98c1:3105:0:79:94cf:516b:2fe4,4,3,0.25,630.61,0.00,SIN
2a06:98c1:310d:9eb:e789:378b:e493:1d3f,4,3,0.25,631.47,0.00,SIN
2a06:98c1:3105:92dd:4e4:96eb:d318:a69b,4,3,0.25,631.51,0.00,SIN
2a06:98c1:3104:ac2b:2377:565d:62:929,4,3,0.25,631.88,0.00,SIN
2a06:98c1:3102::c03d:4d0:f571,4,3,0.25,631.91,0.00,SIN
2a06:98c1:310b::5edd:1115,4,3,0.25,632.35,0.00,SIN
2a06:98c1:3109:0:4693:7abd:5faa:c51e,4,3,0.25,633.80,0.00,SIN
2a06:98c1:3109:63:9942:f2e5:26df:da54,4,3,0.25,633.91,0.00,SIN
2a06:98c1:310b:0:b7d7:363a:5120:1dac,4,3,0.25,634.05,0.00,SIN
2a06:98c1:310d:7acf:1e48:8d3f:d929:adac,4,3,0.25,635.20,0.00,SIN
2a06:98c1:3107:e213:9fb3:2c1b:d3b5:a7aa,4,3,0.25,635.38,0.00,SIN
2a06:98c1:3105:922e:f855:6063:fc1e:3138,4,3,0.25,635.53,0.00,SIN
2a06:98c1:3109:0:74a8:ba26:60f5:6114,4,3,0.25,637.38,0.00,SIN
2a06:98c1:3105:6:4985:3356:b02a:d066,4,3,0.25,639.17,0.00,SIN
2a06:98c1:3106:48:d463:5362:971a:bc15,4,3,0.25,642.12,0.00,SIN
2a06:98c1:310f:e0:a72:e13c:3a71:e5e5,4,3,0.25,645.35,0.00,SIN
2a06:98c1:3102:69:1cf3:ccbd:cb26:30c0,4,3,0.25,648.11,0.00,SIN
2a06:98c1:310b:80ff:9f38:a54e:2f99:8cb0,4,3,0.25,650.33,0.00,SIN
2803:f800:50:5768:3eab:cee8:1eca:e7ee,4,3,0.25,650.38,0.00,SIN
2803:f800:50:0:9f5c:aefe:9d5f:a68d,4,3,0.25,660.67,0.00,SIN
2803:f800:51:5943:77b0:c563:e23f:a24f,4,3,0.25,663.81,0.00,SIN
2803:f800:51:5961:bc6:e6fe:b80e:7504,4,3,0.25,666.52,0.00,SIN
2a06:98c1:3107:d8:40bb:4572:e7f1:632b,4,3,0.25,674.47,0.00,SIN
2a06:98c1:3104:0:18c8:61cb:1568:605,4,3,0.25,684.33,0.00,SIN
2a06:98c1:3105:b3:784b:63bb:5f3c:717f,4,3,0.25,685.95,0.00,SIN
2803:f800:51::cece:587f:bea1,4,3,0.25,688.69,0.00,SIN
2a06:98c1:310f:0:4e8d:6742:aaf0:1ebb,4,3,0.25,698.64,0.00,SIN
2a06:98c1:3105:b3:78f6:47df:5b49:ebd1,4,3,0.25,701.13,0.00,SIN
2a06:98c1:3100:0:5418:7ab2:3e2b:e1de,4,3,0.25,701.66,0.00,SIN
2a06:98c1:3102::c03d:49f:4f8e,4,3,0.25,713.93,0.00,SIN
2a06:98c1:3105:92dd:a8a2:73e3:eea6:1a87,4,3,0.25,716.78,0.00,SIN
2a06:98c1:3104:ac2b:2377:b14:b5e4:27be,4,3,0.25,723.51,0.00,SIN
2803:f800:51:59ed:e0b4:a353:5c40:a435,4,3,0.25,730.12,0.00,SIN
2803:f800:50:0:9f5c:aefe:846:68be,4,3,0.25,734.00,0.00,SIN
2a06:98c1:310b:ffe6:5b79:2ee7:a490:bca3,4,3,0.25,734.76,0.00,SIN
2a06:98c1:3100:0:cbe5:b683:8e23:f29c,4,3,0.25,734.77,0.00,SIN
2803:f800:50:85:5915:3301:308d:ace1,4,3,0.25,739.83,0.00,SIN
2a06:98c1:3102::c053:4c57:7eef,4,3,0.25,740.15,0.00,SIN
2803:f800:51:5961:df6d:ef98:9920:6a63,4,3,0.25,740.34,0.00,SIN
2a06:98c1:3106::9a20:96d:8521,4,3,0.25,741.33,0.00,SIN
2803:f800:50:0:5b:a213:bad:3a4c,4,3,0.25,742.41,0.00,SIN
2a06:98c1:3107:d8:40bb:4572:e726:37d,4,3,0.25,746.79,0.00,SIN
2a06:98c1:310b:ffe6:5bab:8e1b:e71d:fd5c,4,3,0.25,747.86,0.00,SIN
2a06:98c1:3103:fc:574a:c407:9f29:255d,4,3,0.25,748.92,0.00,SIN
2a06:98c1:310c:90c1:e23d:ac0e:93fb:e387,4,3,0.25,758.22,0.00,SIN
2a06:98c1:310a:4e:c0a1:50c7:7387:aaf,4,3,0.25,763.05,0.00,SIN
2a06:98c1:3107:d8:5ff8:4c9f:3caf:827c,4,3,0.25,766.03,0.00,SIN
2a06:98c1:3107::e869:3612,4,3,0.25,767.63,0.00,SIN
2a06:98c1:310c:0:d9f8:2c3b:50af:9dcc,4,3,0.25,772.27,0.00,SIN
2a06:98c1:3109:30:ae9e:70e3:619f:be8c,4,3,0.25,775.55,0.00,SIN
2a06:98c1:310b:80ff:9ff2:b37c:7d2a:46b2,4,3,0.25,775.90,0.00,SIN
2803:f800:50:0:9f5c:aefe:8c1:1d72,4,3,0.25,778.78,0.00,SIN
2a06:98c1:3106:c2c8:50a8:a187:841b:aedc,4,3,0.25,778.82,0.00,SIN
2a06:98c1:310d:7acf:9ede:6c9e:b2f6:fa54,4,3,0.25,779.63,0.00,SIN
2a06:98c1:3105:6e:2f22:ff84:5d01:6054,4,3,0.25,779.63,0.00,SIN
2a06:98c1:3105:4:82e:c8c2:2f37:3fbb,4,3,0.25,780.34,0.00,SIN
2803:f800:51:361b:3a43:5677:c425:b444,4,3,0.25,783.15,0.00,SIN
2a06:98c1:51:d11b:b9fd:145c:8c16:4ec7,4,3,0.25,783.31,0.00,SIN
2803:f800:51:59ed:e0b4:7552:cb70:d902,4,3,0.25,784.92,0.00,SIN
2a06:98c1:310b:ffaa:77b3:8234:749a:4553,4,3,0.25,785.99,0.00,SIN
2a06:98c1:310a::9cd1:16c:c668,4,3,0.25,788.23,0.00,SIN
2a06:98c1:3106:48:d5d:b48b:e0fb:66d0,4,3,0.25,791.04,0.00,SIN
2a06:98c1:3104:ac88:c3a4:fff2:b520:caf0,4,3,0.25,791.44,0.00,SIN
2a06:98c1:310a:1f5e:aee5:1a74:aff0:f3a0,4,3,0.25,791.90,0.00,SIN
2a06:98c1:3104:29db:2fe4:f5b:a607:e67f,4,3,0.25,795.98,0.00,SIN
2a06:98c1:310b:ffe6:3435:8484:e37:cf0d,4,3,0.25,802.71,0.00,SIN
2a06:98c1:310e::de4b:e16f:5f6b,4,3,0.25,803.13,0.00,SIN
2a06:98c1:310b:0:b7d7:363a:628a:1272,4,3,0.25,804.28,0.00,SIN
2a06:98c1:3105:b3:6722:a647:9873:6b49,4,3,0.25,804.73,0.00,SIN
2a06:98c1:3105:7f:10f9:d2bb:6d58:4ffb,4,3,0.25,804.82,0.00,SIN
2a06:98c1:310e:7c29:958d:d91a:d161:70db,4,3,0.25,805.79,0.00,SIN
2a06:98c1:3106:a6:9d71:4d0e:79b1:a484,4,3,0.25,807.49,0.00,SIN
2a06:98c1:310e:7c29:90cb:1bc1:685f:81bd,4,3,0.25,809.00,0.00,SIN
2a06:98c1:3105:7f:10f9:3a4:381b:1884,4,3,0.25,810.42,0.00,SIN
2a06:98c1:3102:69:4631:bbc5:8dd8:2be5,4,3,0.25,812.06,0.00,SIN
2a06:98c1:3106:a6:9d0f:67f9:63ed:e816,4,3,0.25,812.77,0.00,SIN
2803:f800:51:0:ceac:f54:1846:422c,4,3,0.25,814.63,0.00,SIN
2a06:98c1:3106:48:ae0c:860b:bb7d:adad,4,3,0.25,814.82,0.00,SIN
2a06:98c1:3102:a11b:dd25:d280:e69e:c31d,4,3,0.25,815.52,0.00,SIN
2a06:98c1:310f::a699:9656:d082,4,3,0.25,816.01,0.00,SIN
2a06:98c1:3100:0:cbe5:b683:2f5f:8c2a,4,3,0.25,818.95,0.00,SIN
2a06:98c1:310d:7acf:9e98:19f8:4a36:4a79,4,3,0.25,821.65,0.00,SIN
2a06:98c1:3102::39:93e9,4,3,0.25,823.18,0.00,SIN
2a06:98c1:3106:0:16af:2817:7549:87ba,4,3,0.25,823.55,0.00,SIN
2a06:98c1:50:0:cb29:3109:9e5c:707e,4,3,0.25,824.30,0.00,SIN
2a06:98c1:310b:8009:11b4:9edd:2a3e:3702,4,3,0.25,824.98,0.00,SIN
2a06:98c1:3103:fc:9491:eee3:2464:bf44,4,3,0.25,825.91,0.00,SIN
2a06:98c1:310b:ffe6:5bab:8e1b:e7d1:48b7,4,3,0.25,826.42,0.00,SIN
2a06:98c1:310a:1f5e:2ed4:64a0:2eac:6ceb,4,3,0.25,826.59,0.00,SIN
2a06:98c1:310f:0:ab:cbaf:8640:b817,4,3,0.25,826.61,0.00,SIN
2400:cb00:2049:fa3:8cb5:4064:baf1:af1d,4,3,0.25,827.44,0.00,SIN
2803:f800:50:0:f426:fa19:53c7:e8e3,4,3,0.25,827.68,0.00,SIN
2a06:98c1:3107:e29a:528f:a39d:335f:54ee,4,3,0.25,828.69,0.00,SIN
2a06:98c1:3107:e29a:522e:fa1f:2188:c71c,4,3,0.25,828.79,0.00,SIN
2a06:98c1:3100:0:5418:100d:d288:5c5,4,3,0.25,828.83,0.00,SIN
2a06:98c1:3109:0:4693:7cb9:7a09:8f7a,4,3,0.25,832.20,0.00,SIN
2a06:98c1:310d:a8:c6:eb01:b45c:da13,4,3,0.25,833.37,0.00,SIN
2a06:98c1:310c:90c1:8051:5111:4ed2:1307,4,3,0.25,833.45,0.00,SIN
2a06:98c1:310e:7cd0:f0b3:ae3f:ad10:ebc2,4,3,0.25,833.67,0.00,SIN
2a06:98c1:3106:c28d:8ce5:2abe:5884:d485,4,3,0.25,834.08,0.00,SIN
2a06:98c1:3103:0:97:a62f:57aa:735f,4,3,0.25,834.73,0.00,SIN
2400:cb00:2049:0:8826:a779:2026:1600,4,3,0.25,834.99,0.00,SIN
2a06:98c1:51:517a:70fa:95a1:264f:dc76,4,3,0.25,836.04,0.00,SIN
2a06:98c1:3107:6a76:59ff:a665:1402:4a40,4,3,0.25,836.50,0.00,SIN
2803:f800:51:5943:82ff:5cd5:838f:935b,4,3,0.25,836.50,0.00,SIN
2a06:98c1:310b:80ff:abd7:77e:4622:ee5f,4,3,0.25,838.22,0.00,SIN
2400:cb00:2049:0:73:8274:3d9b:6116,4,3,0.25,838.25,0.00,SIN
2a06:98c1:3104:0:9ec2:34fe:6863:9c19,4,3,0.25,838.61,0.00,SIN
2a06:98c1:51:7c:7b80:bc2b:a32f:cc43,4,3,0.25,839.28,0.00,SIN
2400:cb00:2049:d7:7de:33c7:80f2:19fc,4,3,0.25,840.27,0.00,SIN
2a06:98c1:310d:a8:a6b8:c04d:9856:984e,4,3,0.25,840.28,0.00,SIN
2a06:98c1:3101::fe69:1032:a429,4,3,0.25,840.38,0.00,SIN
2a06:98c1:310b:ffe6:5bf2:697f:301b:c781,4,3,0.25,840.66,0.00,SIN
2a06:98c1:310d:7acf:1ef4:3b7b:91fe:30fe,4,3,0.25,840.78,0.00,SIN
2a06:98c1:310e:7cd0:f0b3:ae3f:adbe:2781,4,3,0.25,844.76,0.00,SIN
2803:f800:51:5961:bc6:6a30:24ee:45f9,4,3,0.25,848.40,0.00,SIN
2a06:98c1:3102:69:1ca3:5373:8d99:c30,4,3,0.25,849.68,0.00,SIN
2a06:98c1:3102:0:358c:cd36:17ac:ae17,4,3,0.25,849.84,0.00,SIN
2a06:98c1:3106:0:16af:840f:5023:50eb,4,3,0.25,851.50,0.00,SIN
2a06:98c1:3109:0:cb3:2361:bbc3:7321,4,3,0.25,852.69,0.00,SIN
2a06:98c1:3102:0:255e:dce8:a70f:f75d,4,3,0.25,853.40,0.00,SIN
2a06:98c1:310c:9063:b271:b70c:be10:155b,4,3,0.25,853.48,0.00,SIN
2a06:98c1:3103:fc:9491:4262:5eb7:bc96,4,3,0.25,854.73,0.00,SIN
2a06:98c1:50:b10f:279c:c029:36e:3eac,4,3,0.25,854.96,0.00,SIN
2a06:98c1:3100:b521:6cd0:aaf6:c452:42e4,4,3,0.25,856.55,0.00,SIN
2a06:98c1:310e:7c3f:48ee:39be:fce6:6f90,4,3,0.25,861.85,0.00,SIN
2a06:98c1:51:7c:a3f3:a3f0:6637:5b32,4,3,0.25,861.89,0.00,SIN
2a06:98c1:310e:7cd0:3855:2ec8:2bf6:4f39,4,3,0.25,865.70,0.00,SIN
2a06:98c1:310e:7c3f:b5e8:d65f:504d:7ce3,4,3,0.25,865.90,0.00,SIN
2a06:98c1:3109:0:9be8:a382:770:c8e3,4,3,0.25,866.38,0.00,SIN
2a06:98c1:310d:7acf:1e48:8d3f:7d73:846e,4,3,0.25,866.68,0.00,SIN
2a06:98c1:310d:9eb:b4b5:6ae9:91ff:9fcf,4,3,0.25,866.73,0.00,SIN
2a06:98c1:310d:a8:a6b8:c088:6ee7:6747,4,3,0.25,871.27,0.00,SIN
2a06:98c1:310b:0:f0:9953:9af8:fdaa,4,3,0.25,871.35,0.00,SIN
2a06:98c1:3109::9afe:317d,4,3,0.25,872.69,0.00,SIN
2a06:98c1:310e:7c3f:b5c4:6d3c:30ee:895,4,3,0.25,875.11,0.00,SIN
2a06:98c1:3103:cfb8:7a89:fd3c:cb2d:85c,4,3,0.25,875.55,0.00,SIN
2803:f800:51:0:ceac:8b0f:4909:c5e,4,3,0.25,875.95,0.00,SIN
2a06:98c1:3104:ac2b:23ec:7d08:d180:7ea0,4,3,0.25,879.50,0.00,SIN
2803:f800:51:5943:77b0:79b8:61a4:7417,4,3,0.25,881.20,0.00,SIN
2a06:98c1:3107:e29a:522e:fa69:f4dc:a2f2,4,3,0.25,883.49,0.00,SIN
2a06:98c1:310a:0:a2a0:b083:fe5c:76a6,4,3,0.25,883.82,0.00,SIN
2803:f800:51:5961:bc6:6a06:370a:271,4,3,0.25,884.31,0.00,SIN
2400:cb00:2049:0:8826:a7fd:af89:7812,4,3,0.25,885.63,0.00,SIN
2a06:98c1:310d:7acf:9e63:cd10:37d4:d131,4,3,0.25,885.66,0.00,SIN
2a06:98c1:310d:7acf:9ede:6c9e:82fa:8a87,4,3,0.25,886.17,0.00,SIN
2a06:98c1:51:0:d5aa:8493:102f:c44e,4,3,0.25,886.78,0.00,SIN
2a06:98c1:310e:32:dc9f:3c6b:79a:5671,4,3,0.25,886.85,0.00,SIN
2a06:98c1:3105:6e:2f27:9307:ea87:105e,4,3,0.25,888.68,0.00,SIN
2a06:98c1:310f:1c:21f1:fb3b:f8be:76a5,4,3,0.25,891.22,0.00,SIN
2a06:98c1:3107:e213:9fca:d554:423a:620f,4,3,0.25,891.61,0.00,SIN
2400:cb00:2049:fa3:8cb5:40e7:b8b9:2982,4,3,0.25,891.95,0.00,SIN
2a06:98c1:50:b10f:2768:3191:a54d:4d9d,4,3,0.25,892.07,0.00,SIN
2a06:98c1:310e:7c29:9001:4e5f:8d0:ddd5,4,3,0.25,892.50,0.00,SIN
2a06:98c1:310e:7c29:90f7:bbb3:bab2:6c78,4,3,0.25,892.65,0.00,SIN
2a06:98c1:310b:ffe6:5b79:f479:a69a:3548,4,3,0.25,892.81,0.00,SIN
2803:f800:51:5961:bc:60b4:9e7d:beef,4,3,0.25,893.01,0.00,SIN
2400:cb00:2049:421c:bbe9:4e75:16a1:8006,4,3,0.25,893.02,0.00,SIN
2a06:98c1:51:0:e8:983a:ebd0:d8bf,4,3,0.25,894.01,0.00,SIN
2803:f800:51:5943:75b4:7deb:7120:3c6b,4,3,0.25,894.88,0.00,SIN
2a06:98c1:51:0:e8:deac:afbc:ec60,4,3,0.25,895.14,0.00,SIN
2a06:98c1:3105:6:490b:d69e:dd6d:d1a7,4,3,0.25,895.22,0.00,SIN
2400:cb00:2049:fa3:8cb5:40e7:eb7d:d80d,4,3,0.25,895.49,0.00,SIN
2a06:98c1:3105:0:9d16:8693:4df3:3828,4,3,0.25,896.86,0.00,SIN
2a06:98c1:310e:7cd0:862f:e059:f7d7:9a34,4,3,0.25,897.16,0.00,SIN
2a06:98c1:51:0:7fe3:8ffd:a19b:31d3,4,3,0.25,897.21,0.00,SIN
2a06:98c1:310a:0:a2a0:2c3:6281:a470,4,3,0.25,897.92,0.00,SIN
2a06:98c1:51:7c:7b34:654b:69a1:677b,4,3,0.25,898.19,0.00,SIN
2a06:98c1:3107:e29a:522e:c28c:2cdd:9828,4,3,0.25,899.68,0.00,SIN
2a06:98c1:3105:b3:784b:6306:ab58:2037,4,3,0.25,900.86,0.00,SIN
2a06:98c1:310f:53:e96d:a8c1:7755:5bae,4,3,0.25,901.32,0.00,SIN
2a06:98c1:310f::a699:9685:3a4e,4,3,0.25,901.81,0.00,SIN
2a06:98c1:3101:b8:dddd:8303:20ea:3df3,4,3,0.25,901.91,0.00,SIN
2a06:98c1:3106:c2c8:50a8:a187:8474:81e9,4,3,0.25,903.04,0.00,SIN
2a06:98c1:310d:923:3e9d:843e:7ee3:ab6b,4,3,0.25,904.04,0.00,SIN
2a06:98c1:3109:0:74a8:999d:d3f3:c76b,4,3,0.25,904.65,0.00,SIN
2a06:98c1:3102:69:1ca3:5318:1114:e23,4,3,0.25,905.32,0.00,SIN
2a06:98c1:3105:7f:10f9:3f5:1ea5:3182,4,3,0.25,905.79,0.00,SIN
2400:cb00:2049:0:73:82a2:d84:d58b,4,3,0.25,906.03,0.00,SIN
2803:f800:50:85:59f2:235f:abd1:d711,4,3,0.25,907.85,0.00,SIN
2a06:98c1:310c:0:d90d:da04:8bab:ac6c,4,3,0.25,907.94,0.00,SIN
2a06:98c1:310e:7c3f:b5c4:3f0d:2988:3c0a,4,3,0.25,908.24,0.00,SIN
2a06:98c1:3109:bf:9701:ba66:2994:3d9a,4,3,0.25,909.26,0.00,SIN
2a06:98c1:3107:e29a:d6c1:5ffe:8ec3:50b6,4,3,0.25,909.57,0.00,SIN
2803:f800:51:5961:dfff:834e:1228:4269,4,3,0.25,910.05,0.00,SIN
2a06:98c1:310c::fe1f:8093:b750,4,3,0.25,910.06,0.00,SIN
2a06:98c1:3108:b085:ce7f:4bfc:3149:fd75,4,3,0.25,910.15,0.00,SIN
2a06:98c1:3103:cfb8:ea61:9ca3:ea85:11a5,4,3,0.25,910.22,0.00,SIN
2a06:98c1:310c:904c:dfca:8a74:1bce:3bf7,4,3,0.25,911.04,0.00,SIN
2803:f800:51:a8:6d9b:d4e4:b91e:691a,4,3,0.25,911.21,0.00,SIN
2a06:98c1:3106:c2c8:50a8:2893:1b6c:b2f5,4,3,0.25,912.94,0.00,SIN
2a06:98c1:310b:ffe6:bb4e:d8fc:676c:692d,4,3,0.25,913.20,0.00,SIN
2a06:98c1:3108:0:f7:1c98:c424:37d,4,3,0.25,913.34,0.00,SIN
2a06:98c1:3103:cfb8:7a9a:27b4:21d5:3445,4,3,0.25,913.42,0.00,SIN
2a06:98c1:3101::fe69:d99b:9241,4,3,0.25,913.57,0.00,SIN
2a06:98c1:3105:6:490b:d69e:ddaf:ebac,4,3,0.25,913.64,0.00,SIN
2a06:98c1:310e:0:d61d:f471:92bd:975e,4,3,0.25,913.88,0.00,SIN
2803:f800:51:5961:7e:e46c:28c3:4113,4,3,0.25,914.18,0.00,SIN
2803:f800:51:5943:75a4:234b:f724:6ab8,4,3,0.25,914.94,0.00,SIN
2a06:98c1:3106:0:ea:5ae5:93cd:9552,4,3,0.25,915.28,0.00,SIN
2a06:98c1:3100:b521:6cd0:aaad:f029:bba9,4,3,0.25,915.33,0.00,SIN
2a06:98c1:3108:8d:dbfc:81dd:e8c8:d151,4,3,0.25,916.20,0.00,SIN
2a06:98c1:3106:a6:9d0f:5b0b:f6d2:f11,4,3,0.25,916.59,0.00,SIN
2a06:98c1:3102:a11b:30f5:37d4:e4d9:84d0,4,3,0.25,916.76,0.00,SIN
2a06:98c1:3102:0:b5:6296:7df:799b,4,3,0.25,918.42,0.00,SIN
2a06:98c1:310c:904c:dfca:8ae5:6515:cd65,4,3,0.25,919.09,0.00,SIN
2a06:98c1:3105:92dd:a803:56d6:786f:cab9,4,3,0.25,920.23,0.00,SIN
2a06:98c1:3109:30:ee54:c918:c37d:1d46,4,3,0.25,920.65,0.00,SIN
2a06:98c1:3100:b521:fabe:3c87:10a:c5e0,4,3,0.25,921.26,0.00,SIN
2a06:98c1:3101:0:33:f7c1:cd08:d32c,4,3,0.25,922.54,0.00,SIN
2803:f800:51:bd:5100:ee8b:d3e:3892,4,3,0.25,923.65,0.00,SIN
2a06:98c1:3104:acf0:bb92:38d:23f6:fd36,4,3,0.25,925.38,0.00,SIN
2a06:98c1:3102:69:1ca3:9fc1:4a17:6543,4,3,0.25,927.55,0.00,SIN
2a06:98c1:51:e1:e8c0:bb55:945:8e66,4,3,0.25,928.00,0.00,SIN
2803:f800:51:59ed:e0a2:56ef:fb04:1316,4,3,0.25,929.02,0.00,SIN
2a06:98c1:51:7c:a3a3:5f8c:2bcc:c6eb,4,3,0.25,929.65,0.00,SIN
2a06:98c1:3101::8e:42a1:502d,4,3,0.25,931.70,0.00,SIN
2a06:98c1:3102:69:1ca3:9fc1:e621:4db2,4,3,0.25,933.22,0.00,SIN
2a06:98c1:3103:0:dce9:6245:3ccc:aaf9,4,3,0.25,936.23,0.00,SIN
2a06:98c1:3105:7bac:759d:cd40:1b3f:4dd2,4,3,0.25,937.77,0.00,SIN
2a06:98c1:310e:7c3f:b5c4:f46c:235d:6d78,4,3,0.25,938.17,0.00,SIN
2a06:98c1:3106:48:ae0c:86ed:8e36:b869,4,3,0.25,938.72,0.00,SIN
2a06:98c1:3109:bf:9723:38d6:9651:b171,4,3,0.25,942.20,0.00,SIN
2a06:98c1:3101:3c:c9b1:9b7f:d3e3:77ac,4,3,0.25,942.37,0.00,SIN
2a06:98c1:3102:0:d727:aeda:d9af:11ba,4,3,0.25,945.70,0.00,SIN
2a06:98c1:3108:b085:ce7f:4b49:945b:aa99,4,3,0.25,946.87,0.00,SIN
2a06:98c1:310a:7e:6dca:fc87:5263:29a0,4,3,0.25,953.42,0.00,SIN
2a06:98c1:3102:e6:22db:56da:f520:7259,4,3,0.25,954.32,0.00,SIN
2803:f800:51:5961:bc6:35c4:ad73:2114,4,3,0.25,958.97,0.00,SIN
2400:cb00:2049:0:88f9:e478:2054:44c5,4,3,0.25,959.61,0.00,SIN
2a06:98c1:3101:0:5c3c:1062:34cb:379c,4,3,0.25,960.37,0.00,SIN
2a06:98c1:310b:ffaa:77cd:e4a:836d:2d03,4,3,0.25,963.95,0.00,SIN
2a06:98c1:3101:3c:967c:8ba8:66db:e7b2,4,3,0.25,1008.18,0.00,SIN
2a06:98c1:3107:e29a:528f:a39d:335a:4b50,4,3,0.25,1015.39,0.00,SIN
2a06:98c1:310d:a8:c6:673a:b25a:b6bf,4,3,0.25,1041.13,0.00,SIN
2a06:98c1:3105:b3:6a1c:e184:7954:5c42,4,3,0.25,1056.36,0.00,SIN
2a06:98c1:3107:e213:9fb3:2c1b:4e1:1ef2,4,3,0.25,1058.81,0.00,SIN
2a06:98c1:3102:0:3a:ab52:f543:ea1c,4,3,0.25,1061.37,0.00,SIN
2a06:98c1:3105:7f:ee8c:b206:c2d:bbc7,4,3,0.25,1063.00,0.00,SIN
2a06:98c1:310c:9063:68cf:ca0e:5138:eace,4,3,0.25,1064.00,0.00,SIN
2a06:98c1:3105:922e:594f:237f:2a8c:2a7e,4,3,0.25,1065.00,0.00,SIN
2a06:98c1:310e:7cd0:f0fb:bf88:9aeb:1187,4,3,0.25,1065.40,0.00,SIN
2a06:98c1:310d:923:3ea5:5b32:a7ff:f13c,4,3,0.25,1080.45,0.00,SIN
2a06:98c1:310b:ffe6:5bf2:e87d:b7ed:a084,4,3,0.25,1091.36,0.00,SIN
2a06:98c1:3105:7f:10f9:3d8:3d4f:d48,4,3,0.25,1096.38,0.00,SIN
2803:f800:51:bd:770c:cee7:6802:a3a1,4,3,0.25,1124.96,0.00,SIN
2a06:98c1:3101:b8:60e2:37f8:2c42:7723,4,3,0.25,1126.76,0.00,SIN
2a06:98c1:3100:b521:fa38:5a5f:e36a:fdd8,4,3,0.25,1129.13,0.00,SIN
2a06:98c1:3105:6:4981:47b6:280:ac9,4,3,0.25,1143.59,0.00,SIN
2a06:98c1:310e:7c3f:b58d:5a42:2875:5a59,4,3,0.25,1150.73,0.00,SIN
2a06:98c1:3100:594:11bf:d432:cb93:98c0,4,3,0.25,1151.77,0.00,SIN
2a06:98c1:3108:b0b7:b7cf:11b:491c:1073,4,3,0.25,1156.72,0.00,SIN
2a06:98c1:3107::a1:c99d:9ffb,4,3,0.25,1170.48,0.00,SIN
2a06:98c1:310e:7c29:958d:d914:8e1c:1787,4,3,0.25,1173.76,0.00,SIN
2a06:98c1:310e:7c6e:fe72:a2f6:bc71:f797,4,3,0.25,1179.25,0.00,SIN
2a06:98c1:3105:922e:597c:acc2:43b7:8dfb,4,3,0.25,1187.49,0.00,SIN
2a06:98c1:3102:0:3a:8ecb:e4c9:a0bf,4,3,0.25,1192.08,0.00,SIN
2400:cb00:2049:d7:b3f1:e26e:e934:105d,4,3,0.25,1192.20,0.00,SIN
2803:f800:51:5943:82ff:5c80:28d5:8dd1,4,3,0.25,1198.99,0.00,SIN
2a06:98c1:3100:b521:6cd0:aa66:9f0b:a74a,4,3,0.25,1202.11,0.00,SIN
2a06:98c1:3102:0:358c:1d2:9aea:b2d0,4,3,0.25,1218.89,0.00,SIN
2a06:98c1:3102:0:d79a:3e71:409d:21b7,4,3,0.25,1224.61,0.00,SIN
2803:f800:51:0:de95:9a04:c6c2:fac2,4,3,0.25,1224.93,0.00,SIN
2a06:98c1:3102::23:fc36:d80,4,3,0.25,1246.19,0.00,SIN
2a06:98c1:51:7c:a3a3:56:3a17:8651,4,3,0.25,1270.37,0.00,SIN
2a06:98c1:3107:e29a:ec2c:7880:7711:8cbb,4,3,0.25,1303.42,0.00,SIN
2a06:98c1:3105:b3:6722:cb42:3c97:ddde,4,3,0.25,1305.45,0.00,SIN
2a06:98c1:3103:cfb8:ea61:9ca3:cab6:2ece,4,3,0.25,1324.16,0.00,SIN
2803:f800:51:5943:75b4:f5e9:20a5:cc62,4,3,0.25,1327.53,0.00,SIN
2a06:98c1:3102:69:46e2:1bf9:2352:15ed,4,3,0.25,1339.60,0.00,SIN
2a06:98c1:3107:d8:40bb:a628:c6aa:6e18,4,3,0.25,1423.42,0.00,SIN
2a06:98c1:3105:6:49ba:dfa5:17d8:a0fb,4,3,0.25,1462.00,0.00,SIN
2a06:98c1:310e:7c29:958d:d91a:d9a3:3fa2,4,3,0.25,1471.49,0.00,SIN
2400:cb00:2049:d7:7de:3345:a638:c70c,4,3,0.25,1581.89,0.00,SIN
2a06:98c1:310a:0:c4fc:c637:1bcb:93ad,4,3,0.25,1611.03,0.00,SIN
2803:f800:51:5943:77b0:79b8:6102:4b1,4,2,0.50,449.81,0.00,SIN
2a06:98c1:50:0:8b:5672:e33:c9c2,4,2,0.50,514.18,0.00,SIN
2400:cb00:2049:fa3:8cb5:b567:b53e:4d87,4,2,0.50,588.55,0.00,SIN
2a06:98c1:3101:3c:c9b1:9b68:b313:970a,4,2,0.50,607.20,0.00,SIN
2a06:98c1:310c:0:a437:b758:d4e3:9b3d,4,2,0.50,612.31,0.00,SIN
2a06:98c1:51:7c:7b34:654b:4aba:989d,4,2,0.50,613.03,0.00,SIN
2803:f800:51:59ed:389a:dab4:b00d:3d96,4,2,0.50,615.12,0.00,SIN
2a06:98c1:3104:de:8612:98aa:b725:17bf,4,2,0.50,624.84,0.00,SIN
2a06:98c1:3101:0:5c3c:fd1a:7369:94ea,4,2,0.50,636.92,0.00,SIN
2a06:98c1:310e:7c3f:48ee:a571:8803:acce,4,2,0.50,804.00,0.00,SIN
2a06:98c1:3102:69:1ca3:6e59:bae4:a3ac,4,2,0.50,836.48,0.00,SIN
2a06:98c1:310f:53:3bc2:3a8e:28dd:97d8,4,2,0.50,872.01,0.00,SIN
2a06:98c1:3108:f1:e6e4:dc72:1c7e:c8a,4,2,0.50,878.68,0.00,SIN
2a06:98c1:3103:fc:9491:ee5b:abc7:86b7,4,2,0.50,879.63,0.00,SIN
2a06:98c1:3103:0:97:6e17:b5bd:4eb7,4,2,0.50,929.32,0.00,SIN
2a06:98c1:3109:30:4724:6c63:3411:b1d3,4,2,0.50,929.62,0.00,SIN
2a06:98c1:3105:6:4985:73c2:b232:a410,4,2,0.50,934.41,0.00,SIN
2a06:98c1:3100:594:11bf:d45f:ac73:fa44,4,2,0.50,936.73,0.00,SIN
2a06:98c1:310e:7cd0:f0b3:2c72:3173:ace,4,2,0.50,968.06,0.00,SIN
2a06:98c1:310c:904c:4b0b:db61:941d:3516,4,2,0.50,1017.78,0.00,SIN
2a06:98c1:3106:48:aeec:d60e:bbcc:adc5,4,2,0.50,1023.43,0.00,SIN
2a06:98c1:3107:e213:9fb3:2cc2:22b0:3729,4,2,0.50,1038.36,0.00,SIN
2a06:98c1:310d:7acf:9e98:806f:a37d:9ab2,4,2,0.50,1039.29,0.00,SIN
2a06:98c1:3103:fc:574a:c407:556c:9ecf,4,2,0.50,1041.39,0.00,SIN
2a06:98c1:3100:594:1151:884e:1135:2a6a,4,2,0.50,1042.06,0.00,SIN
2a06:98c1:3108:8d:dbfc:4a57:7b75:b78,4,2,0.50,1042.13,0.00,SIN
2a06:98c1:3107:6a76:59ff:a64f:b981:98d3,4,2,0.50,1051.42,0.00,SIN
2803:f800:51:5961:bc:603d:ee85:66d1,4,2,0.50,1062.14,0.00,SIN
2803:f800:51:bd:51aa:9cfc:57ac:c215,4,2,0.50,1077.25,0.00,SIN
2a06:98c1:310a:0:c469:cb3f:a104:2238,4,2,0.50,1268.43,0.00,SIN
2803:f800:51:367e:f6d9:6325:b5f5:4f2c,4,2,0.50,1382.27,0.00,SIN
2a06:98c1:3106:0:ea:dc94:67dc:47e3,4,2,0.50,1444.85,0.00,SIN
2a06:98c1:3108:b0b7:b7cf:1f1:ba7f:1c53,4,1,0.75,616.57,0.00,SIN
2a06:98c1:310d:a8:c6:7306:d596:db8b,4,1,0.75,1345.43,0.00,SIN
2a06:98c1:3107:6a76:b2d6:132f:ddd8:bb9f,4,1,0.75,1356.99,0.00,SIN
2a06:98c1:310d:5:5b5a:c11d:cba4:a756,4,1,0.75,1480.82,0.00,SIN
